2025-12-09 08:54:08,000:WARNING:
'cuml' is a soft dependency and not included in the pycaret installation. Please run: `pip install cuml` to install.
2025-12-09 08:54:08,000:WARNING:
'cuml' is a soft dependency and not included in the pycaret installation. Please run: `pip install cuml` to install.
2025-12-09 08:54:08,001:WARNING:
'cuml' is a soft dependency and not included in the pycaret installation. Please run: `pip install cuml` to install.
2025-12-09 08:54:08,001:WARNING:
'cuml' is a soft dependency and not included in the pycaret installation. Please run: `pip install cuml` to install.
2025-12-09 08:55:34,636:WARNING:
'cuml' is a soft dependency and not included in the pycaret installation. Please run: `pip install cuml` to install.
2025-12-09 08:55:34,636:WARNING:
'cuml' is a soft dependency and not included in the pycaret installation. Please run: `pip install cuml` to install.
2025-12-09 08:55:34,636:WARNING:
'cuml' is a soft dependency and not included in the pycaret installation. Please run: `pip install cuml` to install.
2025-12-09 08:55:34,636:WARNING:
'cuml' is a soft dependency and not included in the pycaret installation. Please run: `pip install cuml` to install.
2025-12-09 08:56:34,229:INFO:PyCaret ClassificationExperiment
2025-12-09 08:56:34,229:INFO:Logging name: clf-default-name
2025-12-09 08:56:34,229:INFO:ML Usecase: MLUsecase.CLASSIFICATION
2025-12-09 08:56:34,229:INFO:version 3.3.2
2025-12-09 08:56:34,229:INFO:Initializing setup()
2025-12-09 08:56:34,229:INFO:self.USI: f8ed
2025-12-09 08:56:34,229:INFO:self._variable_keys: {'X', 'exp_name_log', 'gpu_n_jobs_param', 'n_jobs_param', 'X_test', 'gpu_param', 'seed', 'memory', '_ml_usecase', 'log_plots_param', 'fold_generator', 'is_multiclass', 'data', 'y', 'fix_imbalance', 'idx', 'y_test', 'logging_param', '_available_plots', 'target_param', 'fold_groups_param', 'html_param', 'X_train', 'USI', 'y_train', 'pipeline', 'fold_shuffle_param', 'exp_id'}
2025-12-09 08:56:34,229:INFO:Checking environment
2025-12-09 08:56:34,229:INFO:python_version: 3.11.6
2025-12-09 08:56:34,229:INFO:python_build: ('tags/v3.11.6:8b6ee5b', 'Oct  2 2023 14:57:12')
2025-12-09 08:56:34,229:INFO:machine: AMD64
2025-12-09 08:56:34,259:INFO:platform: Windows-10-10.0.19045-SP0
2025-12-09 08:56:34,263:INFO:Memory: svmem(total=12780036096, available=1869553664, percent=85.4, used=10910482432, free=1869553664)
2025-12-09 08:56:34,263:INFO:Physical Core: 2
2025-12-09 08:56:34,263:INFO:Logical Core: 4
2025-12-09 08:56:34,263:INFO:Checking libraries
2025-12-09 08:56:34,263:INFO:System:
2025-12-09 08:56:34,263:INFO:    python: 3.11.6 (tags/v3.11.6:8b6ee5b, Oct  2 2023, 14:57:12) [MSC v.1935 64 bit (AMD64)]
2025-12-09 08:56:34,263:INFO:executable: E:\Sprint04\venv\Scripts\python.exe
2025-12-09 08:56:34,263:INFO:   machine: Windows-10-10.0.19045-SP0
2025-12-09 08:56:34,263:INFO:PyCaret required dependencies:
2025-12-09 08:56:34,263:WARNING:E:\Sprint04\venv\Lib\site-packages\_distutils_hack\__init__.py:33: UserWarning:

Setuptools is replacing distutils.


2025-12-09 08:56:34,329:INFO:                 pip: 25.3
2025-12-09 08:56:34,329:INFO:          setuptools: 65.5.0
2025-12-09 08:56:34,329:INFO:             pycaret: 3.3.2
2025-12-09 08:56:34,329:INFO:             IPython: 9.8.0
2025-12-09 08:56:34,329:INFO:          ipywidgets: 8.1.8
2025-12-09 08:56:34,329:INFO:                tqdm: 4.67.1
2025-12-09 08:56:34,329:INFO:               numpy: 1.26.4
2025-12-09 08:56:34,329:INFO:              pandas: 2.1.4
2025-12-09 08:56:34,329:INFO:              jinja2: 3.1.6
2025-12-09 08:56:34,330:INFO:               scipy: 1.11.4
2025-12-09 08:56:34,330:INFO:              joblib: 1.3.2
2025-12-09 08:56:34,330:INFO:             sklearn: 1.4.2
2025-12-09 08:56:34,330:INFO:                pyod: 2.0.6
2025-12-09 08:56:34,330:INFO:            imblearn: 0.14.0
2025-12-09 08:56:34,330:INFO:   category_encoders: 2.7.0
2025-12-09 08:56:34,330:INFO:            lightgbm: 4.6.0
2025-12-09 08:56:34,330:INFO:               numba: 0.62.1
2025-12-09 08:56:34,330:INFO:            requests: 2.32.5
2025-12-09 08:56:34,330:INFO:          matplotlib: 3.7.5
2025-12-09 08:56:34,330:INFO:          scikitplot: 0.3.7
2025-12-09 08:56:34,330:INFO:         yellowbrick: 1.5
2025-12-09 08:56:34,331:INFO:              plotly: 6.5.0
2025-12-09 08:56:34,331:INFO:    plotly-resampler: Not installed
2025-12-09 08:56:34,331:INFO:             kaleido: 1.2.0
2025-12-09 08:56:34,331:INFO:           schemdraw: 0.15
2025-12-09 08:56:34,331:INFO:         statsmodels: 0.14.6
2025-12-09 08:56:34,331:INFO:              sktime: 0.26.0
2025-12-09 08:56:34,331:INFO:               tbats: 1.1.3
2025-12-09 08:56:34,331:INFO:            pmdarima: 2.0.4
2025-12-09 08:56:34,331:INFO:              psutil: 7.1.3
2025-12-09 08:56:34,331:INFO:          markupsafe: 3.0.3
2025-12-09 08:56:34,331:INFO:             pickle5: Not installed
2025-12-09 08:56:34,331:INFO:         cloudpickle: 3.1.2
2025-12-09 08:56:34,331:INFO:         deprecation: 2.1.0
2025-12-09 08:56:34,331:INFO:              xxhash: 3.6.0
2025-12-09 08:56:34,331:INFO:           wurlitzer: Not installed
2025-12-09 08:56:34,331:INFO:PyCaret optional dependencies:
2025-12-09 08:56:34,349:INFO:                shap: Not installed
2025-12-09 08:56:34,349:INFO:           interpret: Not installed
2025-12-09 08:56:34,349:INFO:                umap: Not installed
2025-12-09 08:56:34,349:INFO:     ydata_profiling: 4.18.0
2025-12-09 08:56:34,349:INFO:  explainerdashboard: Not installed
2025-12-09 08:56:34,350:INFO:             autoviz: Not installed
2025-12-09 08:56:34,350:INFO:           fairlearn: Not installed
2025-12-09 08:56:34,350:INFO:          deepchecks: Not installed
2025-12-09 08:56:34,350:INFO:             xgboost: Not installed
2025-12-09 08:56:34,350:INFO:            catboost: Not installed
2025-12-09 08:56:34,350:INFO:              kmodes: Not installed
2025-12-09 08:56:34,350:INFO:             mlxtend: Not installed
2025-12-09 08:56:34,350:INFO:       statsforecast: Not installed
2025-12-09 08:56:34,350:INFO:        tune_sklearn: Not installed
2025-12-09 08:56:34,350:INFO:                 ray: Not installed
2025-12-09 08:56:34,350:INFO:            hyperopt: Not installed
2025-12-09 08:56:34,350:INFO:              optuna: Not installed
2025-12-09 08:56:34,350:INFO:               skopt: Not installed
2025-12-09 08:56:34,350:INFO:              mlflow: Not installed
2025-12-09 08:56:34,350:INFO:              gradio: Not installed
2025-12-09 08:56:34,350:INFO:             fastapi: Not installed
2025-12-09 08:56:34,350:INFO:             uvicorn: Not installed
2025-12-09 08:56:34,350:INFO:              m2cgen: Not installed
2025-12-09 08:56:34,350:INFO:           evidently: Not installed
2025-12-09 08:56:34,351:INFO:               fugue: Not installed
2025-12-09 08:56:34,351:INFO:           streamlit: 1.52.1
2025-12-09 08:56:34,351:INFO:             prophet: Not installed
2025-12-09 08:56:34,351:INFO:None
2025-12-09 08:56:34,351:INFO:Set up data.
2025-12-09 08:56:34,358:INFO:Set up folding strategy.
2025-12-09 08:56:34,359:INFO:Set up train/test split.
2025-12-09 08:56:34,364:INFO:Set up index.
2025-12-09 08:56:34,364:INFO:Assigning column types.
2025-12-09 08:56:34,371:INFO:Engine successfully changes for model 'lr' to 'sklearn'.
2025-12-09 08:56:34,433:INFO:Engine for model 'knn' has not been set explicitly, hence returning None.
2025-12-09 08:56:34,438:INFO:Engine for model 'rbfsvm' has not been set explicitly, hence returning None.
2025-12-09 08:56:34,484:WARNING:
'xgboost' is a soft dependency and not included in the pycaret installation. Please run: `pip install xgboost` to install.
Alternately, you can install this by running `pip install pycaret[models]`
2025-12-09 08:56:34,486:WARNING:
'catboost' is a soft dependency and not included in the pycaret installation. Please run: `pip install catboost` to install.
Alternately, you can install this by running `pip install pycaret[models]`
2025-12-09 08:56:34,545:INFO:Engine for model 'knn' has not been set explicitly, hence returning None.
2025-12-09 08:56:34,546:INFO:Engine for model 'rbfsvm' has not been set explicitly, hence returning None.
2025-12-09 08:56:34,591:WARNING:
'xgboost' is a soft dependency and not included in the pycaret installation. Please run: `pip install xgboost` to install.
Alternately, you can install this by running `pip install pycaret[models]`
2025-12-09 08:56:34,591:WARNING:
'catboost' is a soft dependency and not included in the pycaret installation. Please run: `pip install catboost` to install.
Alternately, you can install this by running `pip install pycaret[models]`
2025-12-09 08:56:34,592:INFO:Engine successfully changes for model 'knn' to 'sklearn'.
2025-12-09 08:56:34,650:INFO:Engine for model 'rbfsvm' has not been set explicitly, hence returning None.
2025-12-09 08:56:34,689:WARNING:
'xgboost' is a soft dependency and not included in the pycaret installation. Please run: `pip install xgboost` to install.
Alternately, you can install this by running `pip install pycaret[models]`
2025-12-09 08:56:34,689:WARNING:
'catboost' is a soft dependency and not included in the pycaret installation. Please run: `pip install catboost` to install.
Alternately, you can install this by running `pip install pycaret[models]`
2025-12-09 08:56:34,747:INFO:Engine for model 'rbfsvm' has not been set explicitly, hence returning None.
2025-12-09 08:56:34,782:WARNING:
'xgboost' is a soft dependency and not included in the pycaret installation. Please run: `pip install xgboost` to install.
Alternately, you can install this by running `pip install pycaret[models]`
2025-12-09 08:56:34,783:WARNING:
'catboost' is a soft dependency and not included in the pycaret installation. Please run: `pip install catboost` to install.
Alternately, you can install this by running `pip install pycaret[models]`
2025-12-09 08:56:34,783:INFO:Engine successfully changes for model 'rbfsvm' to 'sklearn'.
2025-12-09 08:56:34,880:WARNING:
'xgboost' is a soft dependency and not included in the pycaret installation. Please run: `pip install xgboost` to install.
Alternately, you can install this by running `pip install pycaret[models]`
2025-12-09 08:56:34,880:WARNING:
'catboost' is a soft dependency and not included in the pycaret installation. Please run: `pip install catboost` to install.
Alternately, you can install this by running `pip install pycaret[models]`
2025-12-09 08:56:34,974:WARNING:
'xgboost' is a soft dependency and not included in the pycaret installation. Please run: `pip install xgboost` to install.
Alternately, you can install this by running `pip install pycaret[models]`
2025-12-09 08:56:34,974:WARNING:
'catboost' is a soft dependency and not included in the pycaret installation. Please run: `pip install catboost` to install.
Alternately, you can install this by running `pip install pycaret[models]`
2025-12-09 08:56:34,977:INFO:Preparing preprocessing pipeline...
2025-12-09 08:56:34,979:INFO:Set up simple imputation.
2025-12-09 08:56:34,979:INFO:Set up removing multicollinearity.
2025-12-09 08:56:34,979:INFO:Set up feature normalization.
2025-12-09 08:56:34,980:INFO:Set up column name cleaning.
2025-12-09 08:56:35,176:INFO:Finished creating preprocessing pipeline.
2025-12-09 08:56:35,184:INFO:Pipeline: Pipeline(memory=FastMemory(location=C:\Users\Yesica\AppData\Local\Temp\joblib),
         steps=[('numerical_imputer',
                 TransformerWrapper(exclude=None,
                                    include=['id_producto', 'total_unidades',
                                             'total_ventas',
                                             'cant_transacciones',
                                             'precio_promedio',
                                             'ventas_por_transaccion',
                                             'unidades_por_transaccion'],
                                    transformer=SimpleImputer(add_indicator=False,
                                                              copy=True,
                                                              fill_val...
                 TransformerWrapper(exclude=[], include=None,
                                    transformer=RemoveMulticollinearity(threshold=0.9))),
                ('normalize',
                 TransformerWrapper(exclude=None, include=None,
                                    transformer=StandardScaler(copy=True,
                                                               with_mean=True,
                                                               with_std=True))),
                ('clean_column_names',
                 TransformerWrapper(exclude=None, include=None,
                                    transformer=CleanColumnNames(match='[\\]\\[\\,\\{\\}\\"\\:]+')))],
         verbose=False)
2025-12-09 08:56:35,184:INFO:Creating final display dataframe.
2025-12-09 08:56:35,389:INFO:Setup _display_container:                     Description             Value
0                    Session id               789
1                        Target     nivel_demanda
2                   Target type        Multiclass
3           Original data shape          (95, 18)
4        Transformed data shape          (95, 17)
5   Transformed train set shape          (66, 17)
6    Transformed test set shape          (29, 17)
7              Numeric features                 7
8                    Preprocess              True
9               Imputation type            simple
10           Numeric imputation              mean
11       Categorical imputation              mode
12     Remove multicollinearity              True
13  Multicollinearity threshold               0.9
14                    Normalize              True
15             Normalize method            zscore
16               Fold Generator   StratifiedKFold
17                  Fold Number                10
18                     CPU Jobs                -1
19                      Use GPU             False
20               Log Experiment             False
21              Experiment Name  clf-default-name
22                          USI              f8ed
2025-12-09 08:56:35,484:WARNING:
'xgboost' is a soft dependency and not included in the pycaret installation. Please run: `pip install xgboost` to install.
Alternately, you can install this by running `pip install pycaret[models]`
2025-12-09 08:56:35,485:WARNING:
'catboost' is a soft dependency and not included in the pycaret installation. Please run: `pip install catboost` to install.
Alternately, you can install this by running `pip install pycaret[models]`
2025-12-09 08:56:35,577:WARNING:
'xgboost' is a soft dependency and not included in the pycaret installation. Please run: `pip install xgboost` to install.
Alternately, you can install this by running `pip install pycaret[models]`
2025-12-09 08:56:35,578:WARNING:
'catboost' is a soft dependency and not included in the pycaret installation. Please run: `pip install catboost` to install.
Alternately, you can install this by running `pip install pycaret[models]`
2025-12-09 08:56:35,580:INFO:setup() successfully completed in 2.05s...............
2025-12-09 08:56:35,584:INFO:Initializing get_config()
2025-12-09 08:56:35,584:INFO:get_config(self=<pycaret.classification.oop.ClassificationExperiment object at 0x0000013079CCDFD0>, variable=train)
2025-12-09 08:56:35,585:INFO:Variable: 'train' used to return the transformed values in PyCaret 2.x. From PyCaret 3.x, this will return the raw values. If you need the transformed values, call get_config with 'train_transformed' instead.
2025-12-09 08:56:35,585:WARNING:E:\Sprint04\venv\Lib\site-packages\pycaret\internal\pycaret_experiment\pycaret_experiment.py:321: UserWarning:

Variable: 'train' used to return the transformed values in PyCaret 2.x. From PyCaret 3.x, this will return the raw values. If you need the transformed values, call get_config with 'train_transformed' instead.


2025-12-09 08:56:35,619:INFO:Variable:  returned as     id_producto  total_unidades  total_ventas  cant_transacciones  ...  categoria_Lácteos y refrigerados  categoria_Panificados  categoria_Snacks y golosinas  nivel_demanda
76           80               8         15848                   3  ...                             False                  False                         False              0
59           61               3         14946                   2  ...                             False                  False                         False              0
31           32              18         40212                   5  ...                             False                  False                          True              2
40           41              19         16340                   6  ...                             False                  False                         False              2
45           46               5         15180                   1  ...                             False                  False                         False              0
..          ...             ...           ...                 ...  ...                               ...                    ...                           ...            ...
89           93               9         19278                   3  ...                             False                  False                         False              1
42           43              27         23949                   7  ...                             False                  False                         False              2
81           85               5          9280                   3  ...                             False                  False                         False              0
2             3               4         19856                   1  ...                             False                  False                         False              0
19           20               9         14139                   3  ...                             False                   True                         False              1

[66 rows x 18 columns]
2025-12-09 08:56:35,619:INFO:get_config() successfully completed......................................
2025-12-09 08:56:35,620:INFO:Initializing get_config()
2025-12-09 08:56:35,620:INFO:get_config(self=<pycaret.classification.oop.ClassificationExperiment object at 0x0000013079CCDFD0>, variable=test)
2025-12-09 08:56:35,620:INFO:Variable: 'test' used to return the transformed values in PyCaret 2.x. From PyCaret 3.x, this will return the raw values. If you need the transformed values, call get_config with 'test_transformed' instead.
2025-12-09 08:56:35,620:WARNING:E:\Sprint04\venv\Lib\site-packages\pycaret\internal\pycaret_experiment\pycaret_experiment.py:321: UserWarning:

Variable: 'test' used to return the transformed values in PyCaret 2.x. From PyCaret 3.x, this will return the raw values. If you need the transformed values, call get_config with 'test_transformed' instead.


2025-12-09 08:56:35,654:INFO:Variable:  returned as     id_producto  total_unidades  total_ventas  cant_transacciones  ...  categoria_Lácteos y refrigerados  categoria_Panificados  categoria_Snacks y golosinas  nivel_demanda
44           45               9          6705                   2  ...                             False                  False                         False              1
3             4              16         32528                   5  ...                             False                  False                         False              2
41           42               4          4780                   1  ...                             False                  False                         False              0
9            10               8         39064                   5  ...                             False                  False                         False              0
73           77               4         19112                   1  ...                             False                  False                         False              0
67           70               9         36549                   5  ...                             False                  False                         False              1
6             7              14         45766                   4  ...                             False                  False                         False              2
86           90              12         34824                   4  ...                             False                  False                         False              1
72           76              20         85720                   5  ...                             False                  False                         False              2
50           51               5          8725                   3  ...                             False                  False                         False              0
16           17               9         43506                   3  ...                              True                  False                         False              1
65           67               4         18876                   1  ...                             False                  False                         False              0
68           71               4          2032                   1  ...                             False                  False                         False              0
55           56               5         12660                   2  ...                             False                  False                         False              0
74           78              10         42890                   3  ...                             False                  False                         False              1
13           14               5          8615                   2  ...                              True                  False                         False              0
69           72              21         81396                   7  ...                             False                  False                         False              2
33           34              15          7545                   4  ...                             False                  False                          True              2
52           53              21         34944                   7  ...                             False                  False                         False              2
48           49               6         15072                   2  ...                             False                  False                         False              0
1             2               9         44757                   3  ...                             False                  False                         False              1
49           50              11          7997                   4  ...                             False                  False                         False              1
61           63               6         26022                   2  ...                             False                  False                         False              0
91           95              14         22134                   4  ...                             False                  False                         False              2
30           31               8         27272                   4  ...                             False                  False                         False              0
17           18              26         89544                   9  ...                              True                  False                         False              2
23           24              11         14355                   5  ...                             False                  False                          True              1
63           65              13         31499                   5  ...                             False                  False                         False              2
85           89               4          4012                   1  ...                             False                  False                         False              0

[29 rows x 18 columns]
2025-12-09 08:56:35,654:INFO:get_config() successfully completed......................................
2025-12-09 08:56:35,656:INFO:Initializing get_config()
2025-12-09 08:56:35,656:INFO:get_config(self=<pycaret.classification.oop.ClassificationExperiment object at 0x0000013079CCDFD0>, variable=fold_generator)
2025-12-09 08:56:35,657:INFO:Variable: fo returned as StratifiedKFold(n_splits=10, random_state=None, shuffle=False)
2025-12-09 08:56:35,657:INFO:get_config() successfully completed......................................
2025-12-09 08:56:42,461:INFO:Initializing compare_models()
2025-12-09 08:56:42,461:INFO:compare_models(self=<pycaret.classification.oop.ClassificationExperiment object at 0x0000013079CCDFD0>, include=None, exclude=None, fold=None, round=4, cross_validation=True, sort=AUC, n_select=1, budget_time=None, turbo=True, errors=ignore, fit_kwargs=None, groups=None, experiment_custom_tags=None, probability_threshold=None, verbose=True, parallel=None, caller_params={'self': <pycaret.classification.oop.ClassificationExperiment object at 0x0000013079CCDFD0>, 'include': None, 'exclude': None, 'fold': None, 'round': 4, 'cross_validation': True, 'sort': 'AUC', 'n_select': 1, 'budget_time': None, 'turbo': True, 'errors': 'ignore', 'fit_kwargs': None, 'groups': None, 'experiment_custom_tags': None, 'probability_threshold': None, 'engine': None, 'verbose': True, 'parallel': None, '__class__': <class 'pycaret.classification.oop.ClassificationExperiment'>})
2025-12-09 08:56:42,462:INFO:Checking exceptions
2025-12-09 08:56:42,477:INFO:Preparing display monitor
2025-12-09 08:56:42,483:INFO:Initializing Logistic Regression
2025-12-09 08:56:42,483:INFO:Total runtime is 0.0 minutes
2025-12-09 08:56:42,484:INFO:SubProcess create_model() called ==================================
2025-12-09 08:56:42,484:INFO:Initializing create_model()
2025-12-09 08:56:42,484:INFO:create_model(self=<pycaret.classification.oop.ClassificationExperiment object at 0x0000013079CCDFD0>, estimator=lr, fold=StratifiedKFold(n_splits=10, random_state=None, shuffle=False), round=4, cross_validation=True, predict=True, fit_kwargs={}, groups=None, refit=False, probability_threshold=None, experiment_custom_tags=None, verbose=False, system=False, add_to_model_list=True, metrics=None, display=<pycaret.internal.display.display.CommonDisplay object at 0x0000013079DB6F50>, model_only=True, return_train_score=False, error_score=0.0, kwargs={})
2025-12-09 08:56:42,485:INFO:Checking exceptions
2025-12-09 08:56:42,485:INFO:Importing libraries
2025-12-09 08:56:42,485:INFO:Copying training dataset
2025-12-09 08:56:42,499:INFO:Defining folds
2025-12-09 08:56:42,499:INFO:Declaring metric variables
2025-12-09 08:56:42,499:INFO:Importing untrained model
2025-12-09 08:56:42,500:INFO:Logistic Regression Imported successfully
2025-12-09 08:56:42,501:INFO:Starting cross validation
2025-12-09 08:56:42,503:INFO:Cross validating with StratifiedKFold(n_splits=10, random_state=None, shuffle=False), n_jobs=-1
2025-12-09 08:56:49,983:WARNING:E:\Sprint04\venv\Lib\site-packages\_distutils_hack\__init__.py:33: UserWarning: Setuptools is replacing distutils.
  warnings.warn("Setuptools is replacing distutils.")

2025-12-09 08:56:49,983:WARNING:E:\Sprint04\venv\Lib\site-packages\_distutils_hack\__init__.py:33: UserWarning: Setuptools is replacing distutils.
  warnings.warn("Setuptools is replacing distutils.")

2025-12-09 08:56:50,096:WARNING:E:\Sprint04\venv\Lib\site-packages\_distutils_hack\__init__.py:33: UserWarning: Setuptools is replacing distutils.
  warnings.warn("Setuptools is replacing distutils.")

2025-12-09 08:56:50,272:WARNING:E:\Sprint04\venv\Lib\site-packages\_distutils_hack\__init__.py:33: UserWarning: Setuptools is replacing distutils.
  warnings.warn("Setuptools is replacing distutils.")

2025-12-09 08:56:50,552:WARNING:E:\Sprint04\venv\Lib\site-packages\pycaret\internal\metrics.py:204: FitFailedWarning: Metric 'make_scorer(roc_auc_score, response_method=('decision_function', 'predict_proba'), average=weighted, multi_class=ovr)' failed and error score 0.0 has been returned instead. If this is a custom metric, this usually means that the error is in the metric code. Full exception below:
Traceback (most recent call last):
  File "E:\Sprint04\venv\Lib\site-packages\pycaret\internal\metrics.py", line 196, in _score
    return super()._score(
           ^^^^^^^^^^^^^^^
  File "E:\Sprint04\venv\Lib\site-packages\sklearn\metrics\_scorer.py", line 350, in _score
    return self._sign * self._score_func(y_true, y_pred, **scoring_kwargs)
                        ^^^^^^^^^^^^^^^^^^^^^^^^^^^^^^^^^^^^^^^^^^^^^^^^^^
  File "E:\Sprint04\venv\Lib\site-packages\pycaret\internal\metrics.py", line 144, in __call__
    return self.score_func(y_true, y_pred, **kwargs)
           ^^^^^^^^^^^^^^^^^^^^^^^^^^^^^^^^^^^^^^^^^
  File "E:\Sprint04\venv\Lib\site-packages\sklearn\utils\_param_validation.py", line 213, in wrapper
    return func(*args, **kwargs)
           ^^^^^^^^^^^^^^^^^^^^^
  File "E:\Sprint04\venv\Lib\site-packages\sklearn\metrics\_ranking.py", line 634, in roc_auc_score
    return _multiclass_roc_auc_score(
           ^^^^^^^^^^^^^^^^^^^^^^^^^^
  File "E:\Sprint04\venv\Lib\site-packages\sklearn\metrics\_ranking.py", line 707, in _multiclass_roc_auc_score
    raise ValueError(
ValueError: Target scores need to be probabilities for multiclass roc_auc, i.e. they should sum up to 1.0 over classes

  warnings.warn(

2025-12-09 08:56:50,555:WARNING:E:\Sprint04\venv\Lib\site-packages\pycaret\internal\metrics.py:204: FitFailedWarning: Metric 'make_scorer(roc_auc_score, response_method=('decision_function', 'predict_proba'), average=weighted, multi_class=ovr)' failed and error score 0.0 has been returned instead. If this is a custom metric, this usually means that the error is in the metric code. Full exception below:
Traceback (most recent call last):
  File "E:\Sprint04\venv\Lib\site-packages\pycaret\internal\metrics.py", line 196, in _score
    return super()._score(
           ^^^^^^^^^^^^^^^
  File "E:\Sprint04\venv\Lib\site-packages\sklearn\metrics\_scorer.py", line 350, in _score
    return self._sign * self._score_func(y_true, y_pred, **scoring_kwargs)
                        ^^^^^^^^^^^^^^^^^^^^^^^^^^^^^^^^^^^^^^^^^^^^^^^^^^
  File "E:\Sprint04\venv\Lib\site-packages\pycaret\internal\metrics.py", line 144, in __call__
    return self.score_func(y_true, y_pred, **kwargs)
           ^^^^^^^^^^^^^^^^^^^^^^^^^^^^^^^^^^^^^^^^^
  File "E:\Sprint04\venv\Lib\site-packages\sklearn\utils\_param_validation.py", line 213, in wrapper
    return func(*args, **kwargs)
           ^^^^^^^^^^^^^^^^^^^^^
  File "E:\Sprint04\venv\Lib\site-packages\sklearn\metrics\_ranking.py", line 634, in roc_auc_score
    return _multiclass_roc_auc_score(
           ^^^^^^^^^^^^^^^^^^^^^^^^^^
  File "E:\Sprint04\venv\Lib\site-packages\sklearn\metrics\_ranking.py", line 707, in _multiclass_roc_auc_score
    raise ValueError(
ValueError: Target scores need to be probabilities for multiclass roc_auc, i.e. they should sum up to 1.0 over classes

  warnings.warn(

2025-12-09 08:56:50,667:WARNING:E:\Sprint04\venv\Lib\site-packages\pycaret\internal\metrics.py:204: FitFailedWarning: Metric 'make_scorer(roc_auc_score, response_method=('decision_function', 'predict_proba'), average=weighted, multi_class=ovr)' failed and error score 0.0 has been returned instead. If this is a custom metric, this usually means that the error is in the metric code. Full exception below:
Traceback (most recent call last):
  File "E:\Sprint04\venv\Lib\site-packages\pycaret\internal\metrics.py", line 196, in _score
    return super()._score(
           ^^^^^^^^^^^^^^^
  File "E:\Sprint04\venv\Lib\site-packages\sklearn\metrics\_scorer.py", line 350, in _score
    return self._sign * self._score_func(y_true, y_pred, **scoring_kwargs)
                        ^^^^^^^^^^^^^^^^^^^^^^^^^^^^^^^^^^^^^^^^^^^^^^^^^^
  File "E:\Sprint04\venv\Lib\site-packages\pycaret\internal\metrics.py", line 144, in __call__
    return self.score_func(y_true, y_pred, **kwargs)
           ^^^^^^^^^^^^^^^^^^^^^^^^^^^^^^^^^^^^^^^^^
  File "E:\Sprint04\venv\Lib\site-packages\sklearn\utils\_param_validation.py", line 213, in wrapper
    return func(*args, **kwargs)
           ^^^^^^^^^^^^^^^^^^^^^
  File "E:\Sprint04\venv\Lib\site-packages\sklearn\metrics\_ranking.py", line 634, in roc_auc_score
    return _multiclass_roc_auc_score(
           ^^^^^^^^^^^^^^^^^^^^^^^^^^
  File "E:\Sprint04\venv\Lib\site-packages\sklearn\metrics\_ranking.py", line 707, in _multiclass_roc_auc_score
    raise ValueError(
ValueError: Target scores need to be probabilities for multiclass roc_auc, i.e. they should sum up to 1.0 over classes

  warnings.warn(

2025-12-09 08:56:50,803:WARNING:E:\Sprint04\venv\Lib\site-packages\pycaret\internal\metrics.py:204: FitFailedWarning: Metric 'make_scorer(roc_auc_score, response_method=('decision_function', 'predict_proba'), average=weighted, multi_class=ovr)' failed and error score 0.0 has been returned instead. If this is a custom metric, this usually means that the error is in the metric code. Full exception below:
Traceback (most recent call last):
  File "E:\Sprint04\venv\Lib\site-packages\pycaret\internal\metrics.py", line 196, in _score
    return super()._score(
           ^^^^^^^^^^^^^^^
  File "E:\Sprint04\venv\Lib\site-packages\sklearn\metrics\_scorer.py", line 350, in _score
    return self._sign * self._score_func(y_true, y_pred, **scoring_kwargs)
                        ^^^^^^^^^^^^^^^^^^^^^^^^^^^^^^^^^^^^^^^^^^^^^^^^^^
  File "E:\Sprint04\venv\Lib\site-packages\pycaret\internal\metrics.py", line 144, in __call__
    return self.score_func(y_true, y_pred, **kwargs)
           ^^^^^^^^^^^^^^^^^^^^^^^^^^^^^^^^^^^^^^^^^
  File "E:\Sprint04\venv\Lib\site-packages\sklearn\utils\_param_validation.py", line 213, in wrapper
    return func(*args, **kwargs)
           ^^^^^^^^^^^^^^^^^^^^^
  File "E:\Sprint04\venv\Lib\site-packages\sklearn\metrics\_ranking.py", line 634, in roc_auc_score
    return _multiclass_roc_auc_score(
           ^^^^^^^^^^^^^^^^^^^^^^^^^^
  File "E:\Sprint04\venv\Lib\site-packages\sklearn\metrics\_ranking.py", line 707, in _multiclass_roc_auc_score
    raise ValueError(
ValueError: Target scores need to be probabilities for multiclass roc_auc, i.e. they should sum up to 1.0 over classes

  warnings.warn(

2025-12-09 08:56:50,841:WARNING:E:\Sprint04\venv\Lib\site-packages\pycaret\internal\metrics.py:204: FitFailedWarning: Metric 'make_scorer(roc_auc_score, response_method=('decision_function', 'predict_proba'), average=weighted, multi_class=ovr)' failed and error score 0.0 has been returned instead. If this is a custom metric, this usually means that the error is in the metric code. Full exception below:
Traceback (most recent call last):
  File "E:\Sprint04\venv\Lib\site-packages\pycaret\internal\metrics.py", line 196, in _score
    return super()._score(
           ^^^^^^^^^^^^^^^
  File "E:\Sprint04\venv\Lib\site-packages\sklearn\metrics\_scorer.py", line 350, in _score
    return self._sign * self._score_func(y_true, y_pred, **scoring_kwargs)
                        ^^^^^^^^^^^^^^^^^^^^^^^^^^^^^^^^^^^^^^^^^^^^^^^^^^
  File "E:\Sprint04\venv\Lib\site-packages\pycaret\internal\metrics.py", line 144, in __call__
    return self.score_func(y_true, y_pred, **kwargs)
           ^^^^^^^^^^^^^^^^^^^^^^^^^^^^^^^^^^^^^^^^^
  File "E:\Sprint04\venv\Lib\site-packages\sklearn\utils\_param_validation.py", line 213, in wrapper
    return func(*args, **kwargs)
           ^^^^^^^^^^^^^^^^^^^^^
  File "E:\Sprint04\venv\Lib\site-packages\sklearn\metrics\_ranking.py", line 634, in roc_auc_score
    return _multiclass_roc_auc_score(
           ^^^^^^^^^^^^^^^^^^^^^^^^^^
  File "E:\Sprint04\venv\Lib\site-packages\sklearn\metrics\_ranking.py", line 707, in _multiclass_roc_auc_score
    raise ValueError(
ValueError: Target scores need to be probabilities for multiclass roc_auc, i.e. they should sum up to 1.0 over classes

  warnings.warn(

2025-12-09 08:56:50,872:WARNING:E:\Sprint04\venv\Lib\site-packages\pycaret\internal\metrics.py:204: FitFailedWarning: Metric 'make_scorer(roc_auc_score, response_method=('decision_function', 'predict_proba'), average=weighted, multi_class=ovr)' failed and error score 0.0 has been returned instead. If this is a custom metric, this usually means that the error is in the metric code. Full exception below:
Traceback (most recent call last):
  File "E:\Sprint04\venv\Lib\site-packages\pycaret\internal\metrics.py", line 196, in _score
    return super()._score(
           ^^^^^^^^^^^^^^^
  File "E:\Sprint04\venv\Lib\site-packages\sklearn\metrics\_scorer.py", line 350, in _score
    return self._sign * self._score_func(y_true, y_pred, **scoring_kwargs)
                        ^^^^^^^^^^^^^^^^^^^^^^^^^^^^^^^^^^^^^^^^^^^^^^^^^^
  File "E:\Sprint04\venv\Lib\site-packages\pycaret\internal\metrics.py", line 144, in __call__
    return self.score_func(y_true, y_pred, **kwargs)
           ^^^^^^^^^^^^^^^^^^^^^^^^^^^^^^^^^^^^^^^^^
  File "E:\Sprint04\venv\Lib\site-packages\sklearn\utils\_param_validation.py", line 213, in wrapper
    return func(*args, **kwargs)
           ^^^^^^^^^^^^^^^^^^^^^
  File "E:\Sprint04\venv\Lib\site-packages\sklearn\metrics\_ranking.py", line 634, in roc_auc_score
    return _multiclass_roc_auc_score(
           ^^^^^^^^^^^^^^^^^^^^^^^^^^
  File "E:\Sprint04\venv\Lib\site-packages\sklearn\metrics\_ranking.py", line 707, in _multiclass_roc_auc_score
    raise ValueError(
ValueError: Target scores need to be probabilities for multiclass roc_auc, i.e. they should sum up to 1.0 over classes

  warnings.warn(

2025-12-09 08:56:50,905:WARNING:E:\Sprint04\venv\Lib\site-packages\pycaret\internal\metrics.py:204: FitFailedWarning: Metric 'make_scorer(roc_auc_score, response_method=('decision_function', 'predict_proba'), average=weighted, multi_class=ovr)' failed and error score 0.0 has been returned instead. If this is a custom metric, this usually means that the error is in the metric code. Full exception below:
Traceback (most recent call last):
  File "E:\Sprint04\venv\Lib\site-packages\pycaret\internal\metrics.py", line 196, in _score
    return super()._score(
           ^^^^^^^^^^^^^^^
  File "E:\Sprint04\venv\Lib\site-packages\sklearn\metrics\_scorer.py", line 350, in _score
    return self._sign * self._score_func(y_true, y_pred, **scoring_kwargs)
                        ^^^^^^^^^^^^^^^^^^^^^^^^^^^^^^^^^^^^^^^^^^^^^^^^^^
  File "E:\Sprint04\venv\Lib\site-packages\pycaret\internal\metrics.py", line 144, in __call__
    return self.score_func(y_true, y_pred, **kwargs)
           ^^^^^^^^^^^^^^^^^^^^^^^^^^^^^^^^^^^^^^^^^
  File "E:\Sprint04\venv\Lib\site-packages\sklearn\utils\_param_validation.py", line 213, in wrapper
    return func(*args, **kwargs)
           ^^^^^^^^^^^^^^^^^^^^^
  File "E:\Sprint04\venv\Lib\site-packages\sklearn\metrics\_ranking.py", line 634, in roc_auc_score
    return _multiclass_roc_auc_score(
           ^^^^^^^^^^^^^^^^^^^^^^^^^^
  File "E:\Sprint04\venv\Lib\site-packages\sklearn\metrics\_ranking.py", line 707, in _multiclass_roc_auc_score
    raise ValueError(
ValueError: Target scores need to be probabilities for multiclass roc_auc, i.e. they should sum up to 1.0 over classes

  warnings.warn(

2025-12-09 08:56:50,912:WARNING:E:\Sprint04\venv\Lib\site-packages\pycaret\internal\metrics.py:204: FitFailedWarning: Metric 'make_scorer(roc_auc_score, response_method=('decision_function', 'predict_proba'), average=weighted, multi_class=ovr)' failed and error score 0.0 has been returned instead. If this is a custom metric, this usually means that the error is in the metric code. Full exception below:
Traceback (most recent call last):
  File "E:\Sprint04\venv\Lib\site-packages\pycaret\internal\metrics.py", line 196, in _score
    return super()._score(
           ^^^^^^^^^^^^^^^
  File "E:\Sprint04\venv\Lib\site-packages\sklearn\metrics\_scorer.py", line 350, in _score
    return self._sign * self._score_func(y_true, y_pred, **scoring_kwargs)
                        ^^^^^^^^^^^^^^^^^^^^^^^^^^^^^^^^^^^^^^^^^^^^^^^^^^
  File "E:\Sprint04\venv\Lib\site-packages\pycaret\internal\metrics.py", line 144, in __call__
    return self.score_func(y_true, y_pred, **kwargs)
           ^^^^^^^^^^^^^^^^^^^^^^^^^^^^^^^^^^^^^^^^^
  File "E:\Sprint04\venv\Lib\site-packages\sklearn\utils\_param_validation.py", line 213, in wrapper
    return func(*args, **kwargs)
           ^^^^^^^^^^^^^^^^^^^^^
  File "E:\Sprint04\venv\Lib\site-packages\sklearn\metrics\_ranking.py", line 634, in roc_auc_score
    return _multiclass_roc_auc_score(
           ^^^^^^^^^^^^^^^^^^^^^^^^^^
  File "E:\Sprint04\venv\Lib\site-packages\sklearn\metrics\_ranking.py", line 707, in _multiclass_roc_auc_score
    raise ValueError(
ValueError: Target scores need to be probabilities for multiclass roc_auc, i.e. they should sum up to 1.0 over classes

  warnings.warn(

2025-12-09 08:56:50,955:WARNING:E:\Sprint04\venv\Lib\site-packages\pycaret\internal\metrics.py:204: FitFailedWarning: Metric 'make_scorer(roc_auc_score, response_method=('decision_function', 'predict_proba'), average=weighted, multi_class=ovr)' failed and error score 0.0 has been returned instead. If this is a custom metric, this usually means that the error is in the metric code. Full exception below:
Traceback (most recent call last):
  File "E:\Sprint04\venv\Lib\site-packages\pycaret\internal\metrics.py", line 196, in _score
    return super()._score(
           ^^^^^^^^^^^^^^^
  File "E:\Sprint04\venv\Lib\site-packages\sklearn\metrics\_scorer.py", line 350, in _score
    return self._sign * self._score_func(y_true, y_pred, **scoring_kwargs)
                        ^^^^^^^^^^^^^^^^^^^^^^^^^^^^^^^^^^^^^^^^^^^^^^^^^^
  File "E:\Sprint04\venv\Lib\site-packages\pycaret\internal\metrics.py", line 144, in __call__
    return self.score_func(y_true, y_pred, **kwargs)
           ^^^^^^^^^^^^^^^^^^^^^^^^^^^^^^^^^^^^^^^^^
  File "E:\Sprint04\venv\Lib\site-packages\sklearn\utils\_param_validation.py", line 213, in wrapper
    return func(*args, **kwargs)
           ^^^^^^^^^^^^^^^^^^^^^
  File "E:\Sprint04\venv\Lib\site-packages\sklearn\metrics\_ranking.py", line 634, in roc_auc_score
    return _multiclass_roc_auc_score(
           ^^^^^^^^^^^^^^^^^^^^^^^^^^
  File "E:\Sprint04\venv\Lib\site-packages\sklearn\metrics\_ranking.py", line 707, in _multiclass_roc_auc_score
    raise ValueError(
ValueError: Target scores need to be probabilities for multiclass roc_auc, i.e. they should sum up to 1.0 over classes

  warnings.warn(

2025-12-09 08:56:51,003:WARNING:E:\Sprint04\venv\Lib\site-packages\pycaret\internal\metrics.py:204: FitFailedWarning: Metric 'make_scorer(roc_auc_score, response_method=('decision_function', 'predict_proba'), average=weighted, multi_class=ovr)' failed and error score 0.0 has been returned instead. If this is a custom metric, this usually means that the error is in the metric code. Full exception below:
Traceback (most recent call last):
  File "E:\Sprint04\venv\Lib\site-packages\pycaret\internal\metrics.py", line 196, in _score
    return super()._score(
           ^^^^^^^^^^^^^^^
  File "E:\Sprint04\venv\Lib\site-packages\sklearn\metrics\_scorer.py", line 350, in _score
    return self._sign * self._score_func(y_true, y_pred, **scoring_kwargs)
                        ^^^^^^^^^^^^^^^^^^^^^^^^^^^^^^^^^^^^^^^^^^^^^^^^^^
  File "E:\Sprint04\venv\Lib\site-packages\pycaret\internal\metrics.py", line 144, in __call__
    return self.score_func(y_true, y_pred, **kwargs)
           ^^^^^^^^^^^^^^^^^^^^^^^^^^^^^^^^^^^^^^^^^
  File "E:\Sprint04\venv\Lib\site-packages\sklearn\utils\_param_validation.py", line 213, in wrapper
    return func(*args, **kwargs)
           ^^^^^^^^^^^^^^^^^^^^^
  File "E:\Sprint04\venv\Lib\site-packages\sklearn\metrics\_ranking.py", line 634, in roc_auc_score
    return _multiclass_roc_auc_score(
           ^^^^^^^^^^^^^^^^^^^^^^^^^^
  File "E:\Sprint04\venv\Lib\site-packages\sklearn\metrics\_ranking.py", line 707, in _multiclass_roc_auc_score
    raise ValueError(
ValueError: Target scores need to be probabilities for multiclass roc_auc, i.e. they should sum up to 1.0 over classes

  warnings.warn(

2025-12-09 08:56:51,034:INFO:Calculating mean and std
2025-12-09 08:56:51,036:INFO:Creating metrics dataframe
2025-12-09 08:56:51,043:INFO:Uploading results into container
2025-12-09 08:56:51,044:INFO:Uploading model into container now
2025-12-09 08:56:51,045:INFO:_master_model_container: 1
2025-12-09 08:56:51,045:INFO:_display_container: 2
2025-12-09 08:56:51,046:INFO:LogisticRegression(max_iter=1000, random_state=789)
2025-12-09 08:56:51,046:INFO:create_model() successfully completed......................................
2025-12-09 08:56:51,317:INFO:SubProcess create_model() end ==================================
2025-12-09 08:56:51,317:INFO:Creating metrics dataframe
2025-12-09 08:56:51,322:INFO:Initializing K Neighbors Classifier
2025-12-09 08:56:51,322:INFO:Total runtime is 0.14731847047805785 minutes
2025-12-09 08:56:51,322:INFO:SubProcess create_model() called ==================================
2025-12-09 08:56:51,323:INFO:Initializing create_model()
2025-12-09 08:56:51,323:INFO:create_model(self=<pycaret.classification.oop.ClassificationExperiment object at 0x0000013079CCDFD0>, estimator=knn, fold=StratifiedKFold(n_splits=10, random_state=None, shuffle=False), round=4, cross_validation=True, predict=True, fit_kwargs={}, groups=None, refit=False, probability_threshold=None, experiment_custom_tags=None, verbose=False, system=False, add_to_model_list=True, metrics=None, display=<pycaret.internal.display.display.CommonDisplay object at 0x0000013079DB6F50>, model_only=True, return_train_score=False, error_score=0.0, kwargs={})
2025-12-09 08:56:51,323:INFO:Checking exceptions
2025-12-09 08:56:51,323:INFO:Importing libraries
2025-12-09 08:56:51,323:INFO:Copying training dataset
2025-12-09 08:56:51,332:INFO:Defining folds
2025-12-09 08:56:51,333:INFO:Declaring metric variables
2025-12-09 08:56:51,333:INFO:Importing untrained model
2025-12-09 08:56:51,333:INFO:K Neighbors Classifier Imported successfully
2025-12-09 08:56:51,334:INFO:Starting cross validation
2025-12-09 08:56:51,335:INFO:Cross validating with StratifiedKFold(n_splits=10, random_state=None, shuffle=False), n_jobs=-1
2025-12-09 08:56:51,441:WARNING:E:\Sprint04\venv\Lib\site-packages\sklearn\metrics\_classification.py:1509: UndefinedMetricWarning: Precision is ill-defined and being set to 0.0 in labels with no predicted samples. Use `zero_division` parameter to control this behavior.
  _warn_prf(average, modifier, f"{metric.capitalize()} is", len(result))

2025-12-09 08:56:51,532:WARNING:E:\Sprint04\venv\Lib\site-packages\sklearn\metrics\_classification.py:1509: UndefinedMetricWarning: Precision is ill-defined and being set to 0.0 in labels with no predicted samples. Use `zero_division` parameter to control this behavior.
  _warn_prf(average, modifier, f"{metric.capitalize()} is", len(result))

2025-12-09 08:56:51,548:WARNING:E:\Sprint04\venv\Lib\site-packages\sklearn\metrics\_classification.py:1509: UndefinedMetricWarning: Precision is ill-defined and being set to 0.0 in labels with no predicted samples. Use `zero_division` parameter to control this behavior.
  _warn_prf(average, modifier, f"{metric.capitalize()} is", len(result))

2025-12-09 08:56:51,625:WARNING:E:\Sprint04\venv\Lib\site-packages\sklearn\metrics\_classification.py:1509: UndefinedMetricWarning: Precision is ill-defined and being set to 0.0 in labels with no predicted samples. Use `zero_division` parameter to control this behavior.
  _warn_prf(average, modifier, f"{metric.capitalize()} is", len(result))

2025-12-09 08:56:51,655:INFO:Calculating mean and std
2025-12-09 08:56:51,656:INFO:Creating metrics dataframe
2025-12-09 08:56:51,658:INFO:Uploading results into container
2025-12-09 08:56:51,658:INFO:Uploading model into container now
2025-12-09 08:56:51,659:INFO:_master_model_container: 2
2025-12-09 08:56:51,659:INFO:_display_container: 2
2025-12-09 08:56:51,659:INFO:KNeighborsClassifier(n_jobs=-1)
2025-12-09 08:56:51,659:INFO:create_model() successfully completed......................................
2025-12-09 08:56:51,865:INFO:SubProcess create_model() end ==================================
2025-12-09 08:56:51,865:INFO:Creating metrics dataframe
2025-12-09 08:56:51,872:INFO:Initializing Naive Bayes
2025-12-09 08:56:51,872:INFO:Total runtime is 0.15648947159449259 minutes
2025-12-09 08:56:51,872:INFO:SubProcess create_model() called ==================================
2025-12-09 08:56:51,872:INFO:Initializing create_model()
2025-12-09 08:56:51,872:INFO:create_model(self=<pycaret.classification.oop.ClassificationExperiment object at 0x0000013079CCDFD0>, estimator=nb, fold=StratifiedKFold(n_splits=10, random_state=None, shuffle=False), round=4, cross_validation=True, predict=True, fit_kwargs={}, groups=None, refit=False, probability_threshold=None, experiment_custom_tags=None, verbose=False, system=False, add_to_model_list=True, metrics=None, display=<pycaret.internal.display.display.CommonDisplay object at 0x0000013079DB6F50>, model_only=True, return_train_score=False, error_score=0.0, kwargs={})
2025-12-09 08:56:51,873:INFO:Checking exceptions
2025-12-09 08:56:51,873:INFO:Importing libraries
2025-12-09 08:56:51,873:INFO:Copying training dataset
2025-12-09 08:56:51,880:INFO:Defining folds
2025-12-09 08:56:51,880:INFO:Declaring metric variables
2025-12-09 08:56:51,881:INFO:Importing untrained model
2025-12-09 08:56:51,881:INFO:Naive Bayes Imported successfully
2025-12-09 08:56:51,882:INFO:Starting cross validation
2025-12-09 08:56:51,883:INFO:Cross validating with StratifiedKFold(n_splits=10, random_state=None, shuffle=False), n_jobs=-1
2025-12-09 08:56:52,099:WARNING:E:\Sprint04\venv\Lib\site-packages\sklearn\metrics\_classification.py:1509: UndefinedMetricWarning: Precision is ill-defined and being set to 0.0 in labels with no predicted samples. Use `zero_division` parameter to control this behavior.
  _warn_prf(average, modifier, f"{metric.capitalize()} is", len(result))

2025-12-09 08:56:52,187:WARNING:E:\Sprint04\venv\Lib\site-packages\sklearn\metrics\_classification.py:1509: UndefinedMetricWarning: Precision is ill-defined and being set to 0.0 in labels with no predicted samples. Use `zero_division` parameter to control this behavior.
  _warn_prf(average, modifier, f"{metric.capitalize()} is", len(result))

2025-12-09 08:56:52,200:INFO:Calculating mean and std
2025-12-09 08:56:52,201:INFO:Creating metrics dataframe
2025-12-09 08:56:52,205:INFO:Uploading results into container
2025-12-09 08:56:52,205:INFO:Uploading model into container now
2025-12-09 08:56:52,206:INFO:_master_model_container: 3
2025-12-09 08:56:52,206:INFO:_display_container: 2
2025-12-09 08:56:52,206:INFO:GaussianNB()
2025-12-09 08:56:52,206:INFO:create_model() successfully completed......................................
2025-12-09 08:56:52,394:INFO:SubProcess create_model() end ==================================
2025-12-09 08:56:52,395:INFO:Creating metrics dataframe
2025-12-09 08:56:52,398:INFO:Initializing Decision Tree Classifier
2025-12-09 08:56:52,398:INFO:Total runtime is 0.16525170803070066 minutes
2025-12-09 08:56:52,398:INFO:SubProcess create_model() called ==================================
2025-12-09 08:56:52,399:INFO:Initializing create_model()
2025-12-09 08:56:52,399:INFO:create_model(self=<pycaret.classification.oop.ClassificationExperiment object at 0x0000013079CCDFD0>, estimator=dt, fold=StratifiedKFold(n_splits=10, random_state=None, shuffle=False), round=4, cross_validation=True, predict=True, fit_kwargs={}, groups=None, refit=False, probability_threshold=None, experiment_custom_tags=None, verbose=False, system=False, add_to_model_list=True, metrics=None, display=<pycaret.internal.display.display.CommonDisplay object at 0x0000013079DB6F50>, model_only=True, return_train_score=False, error_score=0.0, kwargs={})
2025-12-09 08:56:52,399:INFO:Checking exceptions
2025-12-09 08:56:52,399:INFO:Importing libraries
2025-12-09 08:56:52,399:INFO:Copying training dataset
2025-12-09 08:56:52,406:INFO:Defining folds
2025-12-09 08:56:52,406:INFO:Declaring metric variables
2025-12-09 08:56:52,406:INFO:Importing untrained model
2025-12-09 08:56:52,407:INFO:Decision Tree Classifier Imported successfully
2025-12-09 08:56:52,407:INFO:Starting cross validation
2025-12-09 08:56:52,408:INFO:Cross validating with StratifiedKFold(n_splits=10, random_state=None, shuffle=False), n_jobs=-1
2025-12-09 08:56:52,788:INFO:Calculating mean and std
2025-12-09 08:56:52,789:INFO:Creating metrics dataframe
2025-12-09 08:56:52,791:INFO:Uploading results into container
2025-12-09 08:56:52,792:INFO:Uploading model into container now
2025-12-09 08:56:52,792:INFO:_master_model_container: 4
2025-12-09 08:56:52,792:INFO:_display_container: 2
2025-12-09 08:56:52,792:INFO:DecisionTreeClassifier(random_state=789)
2025-12-09 08:56:52,792:INFO:create_model() successfully completed......................................
2025-12-09 08:56:52,967:INFO:SubProcess create_model() end ==================================
2025-12-09 08:56:52,968:INFO:Creating metrics dataframe
2025-12-09 08:56:52,971:INFO:Initializing SVM - Linear Kernel
2025-12-09 08:56:52,971:INFO:Total runtime is 0.17480906248092648 minutes
2025-12-09 08:56:52,971:INFO:SubProcess create_model() called ==================================
2025-12-09 08:56:52,971:INFO:Initializing create_model()
2025-12-09 08:56:52,972:INFO:create_model(self=<pycaret.classification.oop.ClassificationExperiment object at 0x0000013079CCDFD0>, estimator=svm, fold=StratifiedKFold(n_splits=10, random_state=None, shuffle=False), round=4, cross_validation=True, predict=True, fit_kwargs={}, groups=None, refit=False, probability_threshold=None, experiment_custom_tags=None, verbose=False, system=False, add_to_model_list=True, metrics=None, display=<pycaret.internal.display.display.CommonDisplay object at 0x0000013079DB6F50>, model_only=True, return_train_score=False, error_score=0.0, kwargs={})
2025-12-09 08:56:52,972:INFO:Checking exceptions
2025-12-09 08:56:52,972:INFO:Importing libraries
2025-12-09 08:56:52,972:INFO:Copying training dataset
2025-12-09 08:56:52,978:INFO:Defining folds
2025-12-09 08:56:52,978:INFO:Declaring metric variables
2025-12-09 08:56:52,979:INFO:Importing untrained model
2025-12-09 08:56:52,979:INFO:SVM - Linear Kernel Imported successfully
2025-12-09 08:56:52,979:INFO:Starting cross validation
2025-12-09 08:56:52,981:INFO:Cross validating with StratifiedKFold(n_splits=10, random_state=None, shuffle=False), n_jobs=-1
2025-12-09 08:56:53,199:WARNING:E:\Sprint04\venv\Lib\site-packages\pycaret\internal\metrics.py:204: FitFailedWarning: Metric 'make_scorer(roc_auc_score, response_method=('decision_function', 'predict_proba'), average=weighted, multi_class=ovr)' failed and error score 0.0 has been returned instead. If this is a custom metric, this usually means that the error is in the metric code. Full exception below:
Traceback (most recent call last):
  File "E:\Sprint04\venv\Lib\site-packages\pycaret\internal\metrics.py", line 196, in _score
    return super()._score(
           ^^^^^^^^^^^^^^^
  File "E:\Sprint04\venv\Lib\site-packages\sklearn\metrics\_scorer.py", line 350, in _score
    return self._sign * self._score_func(y_true, y_pred, **scoring_kwargs)
                        ^^^^^^^^^^^^^^^^^^^^^^^^^^^^^^^^^^^^^^^^^^^^^^^^^^
  File "E:\Sprint04\venv\Lib\site-packages\pycaret\internal\metrics.py", line 144, in __call__
    return self.score_func(y_true, y_pred, **kwargs)
           ^^^^^^^^^^^^^^^^^^^^^^^^^^^^^^^^^^^^^^^^^
  File "E:\Sprint04\venv\Lib\site-packages\sklearn\utils\_param_validation.py", line 213, in wrapper
    return func(*args, **kwargs)
           ^^^^^^^^^^^^^^^^^^^^^
  File "E:\Sprint04\venv\Lib\site-packages\sklearn\metrics\_ranking.py", line 634, in roc_auc_score
    return _multiclass_roc_auc_score(
           ^^^^^^^^^^^^^^^^^^^^^^^^^^
  File "E:\Sprint04\venv\Lib\site-packages\sklearn\metrics\_ranking.py", line 707, in _multiclass_roc_auc_score
    raise ValueError(
ValueError: Target scores need to be probabilities for multiclass roc_auc, i.e. they should sum up to 1.0 over classes

  warnings.warn(

2025-12-09 08:56:53,199:WARNING:E:\Sprint04\venv\Lib\site-packages\pycaret\internal\metrics.py:204: FitFailedWarning: Metric 'make_scorer(roc_auc_score, response_method=('decision_function', 'predict_proba'), average=weighted, multi_class=ovr)' failed and error score 0.0 has been returned instead. If this is a custom metric, this usually means that the error is in the metric code. Full exception below:
Traceback (most recent call last):
  File "E:\Sprint04\venv\Lib\site-packages\pycaret\internal\metrics.py", line 196, in _score
    return super()._score(
           ^^^^^^^^^^^^^^^
  File "E:\Sprint04\venv\Lib\site-packages\sklearn\metrics\_scorer.py", line 350, in _score
    return self._sign * self._score_func(y_true, y_pred, **scoring_kwargs)
                        ^^^^^^^^^^^^^^^^^^^^^^^^^^^^^^^^^^^^^^^^^^^^^^^^^^
  File "E:\Sprint04\venv\Lib\site-packages\pycaret\internal\metrics.py", line 144, in __call__
    return self.score_func(y_true, y_pred, **kwargs)
           ^^^^^^^^^^^^^^^^^^^^^^^^^^^^^^^^^^^^^^^^^
  File "E:\Sprint04\venv\Lib\site-packages\sklearn\utils\_param_validation.py", line 213, in wrapper
    return func(*args, **kwargs)
           ^^^^^^^^^^^^^^^^^^^^^
  File "E:\Sprint04\venv\Lib\site-packages\sklearn\metrics\_ranking.py", line 634, in roc_auc_score
    return _multiclass_roc_auc_score(
           ^^^^^^^^^^^^^^^^^^^^^^^^^^
  File "E:\Sprint04\venv\Lib\site-packages\sklearn\metrics\_ranking.py", line 707, in _multiclass_roc_auc_score
    raise ValueError(
ValueError: Target scores need to be probabilities for multiclass roc_auc, i.e. they should sum up to 1.0 over classes

  warnings.warn(

2025-12-09 08:56:53,199:WARNING:E:\Sprint04\venv\Lib\site-packages\pycaret\internal\metrics.py:204: FitFailedWarning: Metric 'make_scorer(roc_auc_score, response_method=('decision_function', 'predict_proba'), average=weighted, multi_class=ovr)' failed and error score 0.0 has been returned instead. If this is a custom metric, this usually means that the error is in the metric code. Full exception below:
Traceback (most recent call last):
  File "E:\Sprint04\venv\Lib\site-packages\pycaret\internal\metrics.py", line 196, in _score
    return super()._score(
           ^^^^^^^^^^^^^^^
  File "E:\Sprint04\venv\Lib\site-packages\sklearn\metrics\_scorer.py", line 350, in _score
    return self._sign * self._score_func(y_true, y_pred, **scoring_kwargs)
                        ^^^^^^^^^^^^^^^^^^^^^^^^^^^^^^^^^^^^^^^^^^^^^^^^^^
  File "E:\Sprint04\venv\Lib\site-packages\pycaret\internal\metrics.py", line 144, in __call__
    return self.score_func(y_true, y_pred, **kwargs)
           ^^^^^^^^^^^^^^^^^^^^^^^^^^^^^^^^^^^^^^^^^
  File "E:\Sprint04\venv\Lib\site-packages\sklearn\utils\_param_validation.py", line 213, in wrapper
    return func(*args, **kwargs)
           ^^^^^^^^^^^^^^^^^^^^^
  File "E:\Sprint04\venv\Lib\site-packages\sklearn\metrics\_ranking.py", line 634, in roc_auc_score
    return _multiclass_roc_auc_score(
           ^^^^^^^^^^^^^^^^^^^^^^^^^^
  File "E:\Sprint04\venv\Lib\site-packages\sklearn\metrics\_ranking.py", line 707, in _multiclass_roc_auc_score
    raise ValueError(
ValueError: Target scores need to be probabilities for multiclass roc_auc, i.e. they should sum up to 1.0 over classes

  warnings.warn(

2025-12-09 08:56:53,200:WARNING:E:\Sprint04\venv\Lib\site-packages\pycaret\internal\metrics.py:204: FitFailedWarning: Metric 'make_scorer(roc_auc_score, response_method=('decision_function', 'predict_proba'), average=weighted, multi_class=ovr)' failed and error score 0.0 has been returned instead. If this is a custom metric, this usually means that the error is in the metric code. Full exception below:
Traceback (most recent call last):
  File "E:\Sprint04\venv\Lib\site-packages\pycaret\internal\metrics.py", line 196, in _score
    return super()._score(
           ^^^^^^^^^^^^^^^
  File "E:\Sprint04\venv\Lib\site-packages\sklearn\metrics\_scorer.py", line 350, in _score
    return self._sign * self._score_func(y_true, y_pred, **scoring_kwargs)
                        ^^^^^^^^^^^^^^^^^^^^^^^^^^^^^^^^^^^^^^^^^^^^^^^^^^
  File "E:\Sprint04\venv\Lib\site-packages\pycaret\internal\metrics.py", line 144, in __call__
    return self.score_func(y_true, y_pred, **kwargs)
           ^^^^^^^^^^^^^^^^^^^^^^^^^^^^^^^^^^^^^^^^^
  File "E:\Sprint04\venv\Lib\site-packages\sklearn\utils\_param_validation.py", line 213, in wrapper
    return func(*args, **kwargs)
           ^^^^^^^^^^^^^^^^^^^^^
  File "E:\Sprint04\venv\Lib\site-packages\sklearn\metrics\_ranking.py", line 634, in roc_auc_score
    return _multiclass_roc_auc_score(
           ^^^^^^^^^^^^^^^^^^^^^^^^^^
  File "E:\Sprint04\venv\Lib\site-packages\sklearn\metrics\_ranking.py", line 707, in _multiclass_roc_auc_score
    raise ValueError(
ValueError: Target scores need to be probabilities for multiclass roc_auc, i.e. they should sum up to 1.0 over classes

  warnings.warn(

2025-12-09 08:56:53,208:WARNING:E:\Sprint04\venv\Lib\site-packages\sklearn\metrics\_classification.py:1509: UndefinedMetricWarning: Precision is ill-defined and being set to 0.0 in labels with no predicted samples. Use `zero_division` parameter to control this behavior.
  _warn_prf(average, modifier, f"{metric.capitalize()} is", len(result))

2025-12-09 08:56:53,208:WARNING:E:\Sprint04\venv\Lib\site-packages\sklearn\metrics\_classification.py:1509: UndefinedMetricWarning: Precision is ill-defined and being set to 0.0 in labels with no predicted samples. Use `zero_division` parameter to control this behavior.
  _warn_prf(average, modifier, f"{metric.capitalize()} is", len(result))

2025-12-09 08:56:53,321:WARNING:E:\Sprint04\venv\Lib\site-packages\pycaret\internal\metrics.py:204: FitFailedWarning: Metric 'make_scorer(roc_auc_score, response_method=('decision_function', 'predict_proba'), average=weighted, multi_class=ovr)' failed and error score 0.0 has been returned instead. If this is a custom metric, this usually means that the error is in the metric code. Full exception below:
Traceback (most recent call last):
  File "E:\Sprint04\venv\Lib\site-packages\pycaret\internal\metrics.py", line 196, in _score
    return super()._score(
           ^^^^^^^^^^^^^^^
  File "E:\Sprint04\venv\Lib\site-packages\sklearn\metrics\_scorer.py", line 350, in _score
    return self._sign * self._score_func(y_true, y_pred, **scoring_kwargs)
                        ^^^^^^^^^^^^^^^^^^^^^^^^^^^^^^^^^^^^^^^^^^^^^^^^^^
  File "E:\Sprint04\venv\Lib\site-packages\pycaret\internal\metrics.py", line 144, in __call__
    return self.score_func(y_true, y_pred, **kwargs)
           ^^^^^^^^^^^^^^^^^^^^^^^^^^^^^^^^^^^^^^^^^
  File "E:\Sprint04\venv\Lib\site-packages\sklearn\utils\_param_validation.py", line 213, in wrapper
    return func(*args, **kwargs)
           ^^^^^^^^^^^^^^^^^^^^^
  File "E:\Sprint04\venv\Lib\site-packages\sklearn\metrics\_ranking.py", line 634, in roc_auc_score
    return _multiclass_roc_auc_score(
           ^^^^^^^^^^^^^^^^^^^^^^^^^^
  File "E:\Sprint04\venv\Lib\site-packages\sklearn\metrics\_ranking.py", line 707, in _multiclass_roc_auc_score
    raise ValueError(
ValueError: Target scores need to be probabilities for multiclass roc_auc, i.e. they should sum up to 1.0 over classes

  warnings.warn(

2025-12-09 08:56:53,327:WARNING:E:\Sprint04\venv\Lib\site-packages\sklearn\metrics\_classification.py:1509: UndefinedMetricWarning: Precision is ill-defined and being set to 0.0 in labels with no predicted samples. Use `zero_division` parameter to control this behavior.
  _warn_prf(average, modifier, f"{metric.capitalize()} is", len(result))

2025-12-09 08:56:53,329:WARNING:E:\Sprint04\venv\Lib\site-packages\pycaret\internal\metrics.py:204: FitFailedWarning: Metric 'make_scorer(roc_auc_score, response_method=('decision_function', 'predict_proba'), average=weighted, multi_class=ovr)' failed and error score 0.0 has been returned instead. If this is a custom metric, this usually means that the error is in the metric code. Full exception below:
Traceback (most recent call last):
  File "E:\Sprint04\venv\Lib\site-packages\pycaret\internal\metrics.py", line 196, in _score
    return super()._score(
           ^^^^^^^^^^^^^^^
  File "E:\Sprint04\venv\Lib\site-packages\sklearn\metrics\_scorer.py", line 350, in _score
    return self._sign * self._score_func(y_true, y_pred, **scoring_kwargs)
                        ^^^^^^^^^^^^^^^^^^^^^^^^^^^^^^^^^^^^^^^^^^^^^^^^^^
  File "E:\Sprint04\venv\Lib\site-packages\pycaret\internal\metrics.py", line 144, in __call__
    return self.score_func(y_true, y_pred, **kwargs)
           ^^^^^^^^^^^^^^^^^^^^^^^^^^^^^^^^^^^^^^^^^
  File "E:\Sprint04\venv\Lib\site-packages\sklearn\utils\_param_validation.py", line 213, in wrapper
    return func(*args, **kwargs)
           ^^^^^^^^^^^^^^^^^^^^^
  File "E:\Sprint04\venv\Lib\site-packages\sklearn\metrics\_ranking.py", line 634, in roc_auc_score
    return _multiclass_roc_auc_score(
           ^^^^^^^^^^^^^^^^^^^^^^^^^^
  File "E:\Sprint04\venv\Lib\site-packages\sklearn\metrics\_ranking.py", line 707, in _multiclass_roc_auc_score
    raise ValueError(
ValueError: Target scores need to be probabilities for multiclass roc_auc, i.e. they should sum up to 1.0 over classes

  warnings.warn(

2025-12-09 08:56:53,331:WARNING:E:\Sprint04\venv\Lib\site-packages\pycaret\internal\metrics.py:204: FitFailedWarning: Metric 'make_scorer(roc_auc_score, response_method=('decision_function', 'predict_proba'), average=weighted, multi_class=ovr)' failed and error score 0.0 has been returned instead. If this is a custom metric, this usually means that the error is in the metric code. Full exception below:
Traceback (most recent call last):
  File "E:\Sprint04\venv\Lib\site-packages\pycaret\internal\metrics.py", line 196, in _score
    return super()._score(
           ^^^^^^^^^^^^^^^
  File "E:\Sprint04\venv\Lib\site-packages\sklearn\metrics\_scorer.py", line 350, in _score
    return self._sign * self._score_func(y_true, y_pred, **scoring_kwargs)
                        ^^^^^^^^^^^^^^^^^^^^^^^^^^^^^^^^^^^^^^^^^^^^^^^^^^
  File "E:\Sprint04\venv\Lib\site-packages\pycaret\internal\metrics.py", line 144, in __call__
    return self.score_func(y_true, y_pred, **kwargs)
           ^^^^^^^^^^^^^^^^^^^^^^^^^^^^^^^^^^^^^^^^^
  File "E:\Sprint04\venv\Lib\site-packages\sklearn\utils\_param_validation.py", line 213, in wrapper
    return func(*args, **kwargs)
           ^^^^^^^^^^^^^^^^^^^^^
  File "E:\Sprint04\venv\Lib\site-packages\sklearn\metrics\_ranking.py", line 634, in roc_auc_score
    return _multiclass_roc_auc_score(
           ^^^^^^^^^^^^^^^^^^^^^^^^^^
  File "E:\Sprint04\venv\Lib\site-packages\sklearn\metrics\_ranking.py", line 707, in _multiclass_roc_auc_score
    raise ValueError(
ValueError: Target scores need to be probabilities for multiclass roc_auc, i.e. they should sum up to 1.0 over classes

  warnings.warn(

2025-12-09 08:56:53,345:WARNING:E:\Sprint04\venv\Lib\site-packages\pycaret\internal\metrics.py:204: FitFailedWarning: Metric 'make_scorer(roc_auc_score, response_method=('decision_function', 'predict_proba'), average=weighted, multi_class=ovr)' failed and error score 0.0 has been returned instead. If this is a custom metric, this usually means that the error is in the metric code. Full exception below:
Traceback (most recent call last):
  File "E:\Sprint04\venv\Lib\site-packages\pycaret\internal\metrics.py", line 196, in _score
    return super()._score(
           ^^^^^^^^^^^^^^^
  File "E:\Sprint04\venv\Lib\site-packages\sklearn\metrics\_scorer.py", line 350, in _score
    return self._sign * self._score_func(y_true, y_pred, **scoring_kwargs)
                        ^^^^^^^^^^^^^^^^^^^^^^^^^^^^^^^^^^^^^^^^^^^^^^^^^^
  File "E:\Sprint04\venv\Lib\site-packages\pycaret\internal\metrics.py", line 144, in __call__
    return self.score_func(y_true, y_pred, **kwargs)
           ^^^^^^^^^^^^^^^^^^^^^^^^^^^^^^^^^^^^^^^^^
  File "E:\Sprint04\venv\Lib\site-packages\sklearn\utils\_param_validation.py", line 213, in wrapper
    return func(*args, **kwargs)
           ^^^^^^^^^^^^^^^^^^^^^
  File "E:\Sprint04\venv\Lib\site-packages\sklearn\metrics\_ranking.py", line 634, in roc_auc_score
    return _multiclass_roc_auc_score(
           ^^^^^^^^^^^^^^^^^^^^^^^^^^
  File "E:\Sprint04\venv\Lib\site-packages\sklearn\metrics\_ranking.py", line 707, in _multiclass_roc_auc_score
    raise ValueError(
ValueError: Target scores need to be probabilities for multiclass roc_auc, i.e. they should sum up to 1.0 over classes

  warnings.warn(

2025-12-09 08:56:53,477:WARNING:E:\Sprint04\venv\Lib\site-packages\pycaret\internal\metrics.py:204: FitFailedWarning: Metric 'make_scorer(roc_auc_score, response_method=('decision_function', 'predict_proba'), average=weighted, multi_class=ovr)' failed and error score 0.0 has been returned instead. If this is a custom metric, this usually means that the error is in the metric code. Full exception below:
Traceback (most recent call last):
  File "E:\Sprint04\venv\Lib\site-packages\pycaret\internal\metrics.py", line 196, in _score
    return super()._score(
           ^^^^^^^^^^^^^^^
  File "E:\Sprint04\venv\Lib\site-packages\sklearn\metrics\_scorer.py", line 350, in _score
    return self._sign * self._score_func(y_true, y_pred, **scoring_kwargs)
                        ^^^^^^^^^^^^^^^^^^^^^^^^^^^^^^^^^^^^^^^^^^^^^^^^^^
  File "E:\Sprint04\venv\Lib\site-packages\pycaret\internal\metrics.py", line 144, in __call__
    return self.score_func(y_true, y_pred, **kwargs)
           ^^^^^^^^^^^^^^^^^^^^^^^^^^^^^^^^^^^^^^^^^
  File "E:\Sprint04\venv\Lib\site-packages\sklearn\utils\_param_validation.py", line 213, in wrapper
    return func(*args, **kwargs)
           ^^^^^^^^^^^^^^^^^^^^^
  File "E:\Sprint04\venv\Lib\site-packages\sklearn\metrics\_ranking.py", line 634, in roc_auc_score
    return _multiclass_roc_auc_score(
           ^^^^^^^^^^^^^^^^^^^^^^^^^^
  File "E:\Sprint04\venv\Lib\site-packages\sklearn\metrics\_ranking.py", line 707, in _multiclass_roc_auc_score
    raise ValueError(
ValueError: Target scores need to be probabilities for multiclass roc_auc, i.e. they should sum up to 1.0 over classes

  warnings.warn(

2025-12-09 08:56:53,477:WARNING:E:\Sprint04\venv\Lib\site-packages\pycaret\internal\metrics.py:204: FitFailedWarning: Metric 'make_scorer(roc_auc_score, response_method=('decision_function', 'predict_proba'), average=weighted, multi_class=ovr)' failed and error score 0.0 has been returned instead. If this is a custom metric, this usually means that the error is in the metric code. Full exception below:
Traceback (most recent call last):
  File "E:\Sprint04\venv\Lib\site-packages\pycaret\internal\metrics.py", line 196, in _score
    return super()._score(
           ^^^^^^^^^^^^^^^
  File "E:\Sprint04\venv\Lib\site-packages\sklearn\metrics\_scorer.py", line 350, in _score
    return self._sign * self._score_func(y_true, y_pred, **scoring_kwargs)
                        ^^^^^^^^^^^^^^^^^^^^^^^^^^^^^^^^^^^^^^^^^^^^^^^^^^
  File "E:\Sprint04\venv\Lib\site-packages\pycaret\internal\metrics.py", line 144, in __call__
    return self.score_func(y_true, y_pred, **kwargs)
           ^^^^^^^^^^^^^^^^^^^^^^^^^^^^^^^^^^^^^^^^^
  File "E:\Sprint04\venv\Lib\site-packages\sklearn\utils\_param_validation.py", line 213, in wrapper
    return func(*args, **kwargs)
           ^^^^^^^^^^^^^^^^^^^^^
  File "E:\Sprint04\venv\Lib\site-packages\sklearn\metrics\_ranking.py", line 634, in roc_auc_score
    return _multiclass_roc_auc_score(
           ^^^^^^^^^^^^^^^^^^^^^^^^^^
  File "E:\Sprint04\venv\Lib\site-packages\sklearn\metrics\_ranking.py", line 707, in _multiclass_roc_auc_score
    raise ValueError(
ValueError: Target scores need to be probabilities for multiclass roc_auc, i.e. they should sum up to 1.0 over classes

  warnings.warn(

2025-12-09 08:56:53,502:INFO:Calculating mean and std
2025-12-09 08:56:53,503:INFO:Creating metrics dataframe
2025-12-09 08:56:53,506:INFO:Uploading results into container
2025-12-09 08:56:53,506:INFO:Uploading model into container now
2025-12-09 08:56:53,506:INFO:_master_model_container: 5
2025-12-09 08:56:53,506:INFO:_display_container: 2
2025-12-09 08:56:53,507:INFO:SGDClassifier(eta0=0.001, n_jobs=-1, random_state=789)
2025-12-09 08:56:53,507:INFO:create_model() successfully completed......................................
2025-12-09 08:56:53,715:INFO:SubProcess create_model() end ==================================
2025-12-09 08:56:53,715:INFO:Creating metrics dataframe
2025-12-09 08:56:53,718:INFO:Initializing Ridge Classifier
2025-12-09 08:56:53,718:INFO:Total runtime is 0.1872633616129557 minutes
2025-12-09 08:56:53,718:INFO:SubProcess create_model() called ==================================
2025-12-09 08:56:53,719:INFO:Initializing create_model()
2025-12-09 08:56:53,719:INFO:create_model(self=<pycaret.classification.oop.ClassificationExperiment object at 0x0000013079CCDFD0>, estimator=ridge, fold=StratifiedKFold(n_splits=10, random_state=None, shuffle=False), round=4, cross_validation=True, predict=True, fit_kwargs={}, groups=None, refit=False, probability_threshold=None, experiment_custom_tags=None, verbose=False, system=False, add_to_model_list=True, metrics=None, display=<pycaret.internal.display.display.CommonDisplay object at 0x0000013079DB6F50>, model_only=True, return_train_score=False, error_score=0.0, kwargs={})
2025-12-09 08:56:53,720:INFO:Checking exceptions
2025-12-09 08:56:53,720:INFO:Importing libraries
2025-12-09 08:56:53,720:INFO:Copying training dataset
2025-12-09 08:56:53,726:INFO:Defining folds
2025-12-09 08:56:53,726:INFO:Declaring metric variables
2025-12-09 08:56:53,727:INFO:Importing untrained model
2025-12-09 08:56:53,727:INFO:Ridge Classifier Imported successfully
2025-12-09 08:56:53,728:INFO:Starting cross validation
2025-12-09 08:56:53,730:INFO:Cross validating with StratifiedKFold(n_splits=10, random_state=None, shuffle=False), n_jobs=-1
2025-12-09 08:56:53,831:WARNING:E:\Sprint04\venv\Lib\site-packages\pycaret\internal\metrics.py:204: FitFailedWarning: Metric 'make_scorer(roc_auc_score, response_method=('decision_function', 'predict_proba'), average=weighted, multi_class=ovr)' failed and error score 0.0 has been returned instead. If this is a custom metric, this usually means that the error is in the metric code. Full exception below:
Traceback (most recent call last):
  File "E:\Sprint04\venv\Lib\site-packages\pycaret\internal\metrics.py", line 196, in _score
    return super()._score(
           ^^^^^^^^^^^^^^^
  File "E:\Sprint04\venv\Lib\site-packages\sklearn\metrics\_scorer.py", line 350, in _score
    return self._sign * self._score_func(y_true, y_pred, **scoring_kwargs)
                        ^^^^^^^^^^^^^^^^^^^^^^^^^^^^^^^^^^^^^^^^^^^^^^^^^^
  File "E:\Sprint04\venv\Lib\site-packages\pycaret\internal\metrics.py", line 144, in __call__
    return self.score_func(y_true, y_pred, **kwargs)
           ^^^^^^^^^^^^^^^^^^^^^^^^^^^^^^^^^^^^^^^^^
  File "E:\Sprint04\venv\Lib\site-packages\sklearn\utils\_param_validation.py", line 213, in wrapper
    return func(*args, **kwargs)
           ^^^^^^^^^^^^^^^^^^^^^
  File "E:\Sprint04\venv\Lib\site-packages\sklearn\metrics\_ranking.py", line 634, in roc_auc_score
    return _multiclass_roc_auc_score(
           ^^^^^^^^^^^^^^^^^^^^^^^^^^
  File "E:\Sprint04\venv\Lib\site-packages\sklearn\metrics\_ranking.py", line 707, in _multiclass_roc_auc_score
    raise ValueError(
ValueError: Target scores need to be probabilities for multiclass roc_auc, i.e. they should sum up to 1.0 over classes

  warnings.warn(

2025-12-09 08:56:53,832:WARNING:E:\Sprint04\venv\Lib\site-packages\pycaret\internal\metrics.py:204: FitFailedWarning: Metric 'make_scorer(roc_auc_score, response_method=('decision_function', 'predict_proba'), average=weighted, multi_class=ovr)' failed and error score 0.0 has been returned instead. If this is a custom metric, this usually means that the error is in the metric code. Full exception below:
Traceback (most recent call last):
  File "E:\Sprint04\venv\Lib\site-packages\pycaret\internal\metrics.py", line 196, in _score
    return super()._score(
           ^^^^^^^^^^^^^^^
  File "E:\Sprint04\venv\Lib\site-packages\sklearn\metrics\_scorer.py", line 350, in _score
    return self._sign * self._score_func(y_true, y_pred, **scoring_kwargs)
                        ^^^^^^^^^^^^^^^^^^^^^^^^^^^^^^^^^^^^^^^^^^^^^^^^^^
  File "E:\Sprint04\venv\Lib\site-packages\pycaret\internal\metrics.py", line 144, in __call__
    return self.score_func(y_true, y_pred, **kwargs)
           ^^^^^^^^^^^^^^^^^^^^^^^^^^^^^^^^^^^^^^^^^
  File "E:\Sprint04\venv\Lib\site-packages\sklearn\utils\_param_validation.py", line 213, in wrapper
    return func(*args, **kwargs)
           ^^^^^^^^^^^^^^^^^^^^^
  File "E:\Sprint04\venv\Lib\site-packages\sklearn\metrics\_ranking.py", line 634, in roc_auc_score
    return _multiclass_roc_auc_score(
           ^^^^^^^^^^^^^^^^^^^^^^^^^^
  File "E:\Sprint04\venv\Lib\site-packages\sklearn\metrics\_ranking.py", line 707, in _multiclass_roc_auc_score
    raise ValueError(
ValueError: Target scores need to be probabilities for multiclass roc_auc, i.e. they should sum up to 1.0 over classes

  warnings.warn(

2025-12-09 08:56:53,838:WARNING:E:\Sprint04\venv\Lib\site-packages\pycaret\internal\metrics.py:204: FitFailedWarning: Metric 'make_scorer(roc_auc_score, response_method=('decision_function', 'predict_proba'), average=weighted, multi_class=ovr)' failed and error score 0.0 has been returned instead. If this is a custom metric, this usually means that the error is in the metric code. Full exception below:
Traceback (most recent call last):
  File "E:\Sprint04\venv\Lib\site-packages\pycaret\internal\metrics.py", line 196, in _score
    return super()._score(
           ^^^^^^^^^^^^^^^
  File "E:\Sprint04\venv\Lib\site-packages\sklearn\metrics\_scorer.py", line 350, in _score
    return self._sign * self._score_func(y_true, y_pred, **scoring_kwargs)
                        ^^^^^^^^^^^^^^^^^^^^^^^^^^^^^^^^^^^^^^^^^^^^^^^^^^
  File "E:\Sprint04\venv\Lib\site-packages\pycaret\internal\metrics.py", line 144, in __call__
    return self.score_func(y_true, y_pred, **kwargs)
           ^^^^^^^^^^^^^^^^^^^^^^^^^^^^^^^^^^^^^^^^^
  File "E:\Sprint04\venv\Lib\site-packages\sklearn\utils\_param_validation.py", line 213, in wrapper
    return func(*args, **kwargs)
           ^^^^^^^^^^^^^^^^^^^^^
  File "E:\Sprint04\venv\Lib\site-packages\sklearn\metrics\_ranking.py", line 634, in roc_auc_score
    return _multiclass_roc_auc_score(
           ^^^^^^^^^^^^^^^^^^^^^^^^^^
  File "E:\Sprint04\venv\Lib\site-packages\sklearn\metrics\_ranking.py", line 707, in _multiclass_roc_auc_score
    raise ValueError(
ValueError: Target scores need to be probabilities for multiclass roc_auc, i.e. they should sum up to 1.0 over classes

  warnings.warn(

2025-12-09 08:56:53,841:WARNING:E:\Sprint04\venv\Lib\site-packages\sklearn\metrics\_classification.py:1509: UndefinedMetricWarning: Precision is ill-defined and being set to 0.0 in labels with no predicted samples. Use `zero_division` parameter to control this behavior.
  _warn_prf(average, modifier, f"{metric.capitalize()} is", len(result))

2025-12-09 08:56:53,842:WARNING:E:\Sprint04\venv\Lib\site-packages\sklearn\metrics\_classification.py:1509: UndefinedMetricWarning: Precision is ill-defined and being set to 0.0 in labels with no predicted samples. Use `zero_division` parameter to control this behavior.
  _warn_prf(average, modifier, f"{metric.capitalize()} is", len(result))

2025-12-09 08:56:53,845:WARNING:E:\Sprint04\venv\Lib\site-packages\sklearn\metrics\_classification.py:1509: UndefinedMetricWarning: Precision is ill-defined and being set to 0.0 in labels with no predicted samples. Use `zero_division` parameter to control this behavior.
  _warn_prf(average, modifier, f"{metric.capitalize()} is", len(result))

2025-12-09 08:56:53,867:WARNING:E:\Sprint04\venv\Lib\site-packages\pycaret\internal\metrics.py:204: FitFailedWarning: Metric 'make_scorer(roc_auc_score, response_method=('decision_function', 'predict_proba'), average=weighted, multi_class=ovr)' failed and error score 0.0 has been returned instead. If this is a custom metric, this usually means that the error is in the metric code. Full exception below:
Traceback (most recent call last):
  File "E:\Sprint04\venv\Lib\site-packages\pycaret\internal\metrics.py", line 196, in _score
    return super()._score(
           ^^^^^^^^^^^^^^^
  File "E:\Sprint04\venv\Lib\site-packages\sklearn\metrics\_scorer.py", line 350, in _score
    return self._sign * self._score_func(y_true, y_pred, **scoring_kwargs)
                        ^^^^^^^^^^^^^^^^^^^^^^^^^^^^^^^^^^^^^^^^^^^^^^^^^^
  File "E:\Sprint04\venv\Lib\site-packages\pycaret\internal\metrics.py", line 144, in __call__
    return self.score_func(y_true, y_pred, **kwargs)
           ^^^^^^^^^^^^^^^^^^^^^^^^^^^^^^^^^^^^^^^^^
  File "E:\Sprint04\venv\Lib\site-packages\sklearn\utils\_param_validation.py", line 213, in wrapper
    return func(*args, **kwargs)
           ^^^^^^^^^^^^^^^^^^^^^
  File "E:\Sprint04\venv\Lib\site-packages\sklearn\metrics\_ranking.py", line 634, in roc_auc_score
    return _multiclass_roc_auc_score(
           ^^^^^^^^^^^^^^^^^^^^^^^^^^
  File "E:\Sprint04\venv\Lib\site-packages\sklearn\metrics\_ranking.py", line 707, in _multiclass_roc_auc_score
    raise ValueError(
ValueError: Target scores need to be probabilities for multiclass roc_auc, i.e. they should sum up to 1.0 over classes

  warnings.warn(

2025-12-09 08:56:53,942:WARNING:E:\Sprint04\venv\Lib\site-packages\pycaret\internal\metrics.py:204: FitFailedWarning: Metric 'make_scorer(roc_auc_score, response_method=('decision_function', 'predict_proba'), average=weighted, multi_class=ovr)' failed and error score 0.0 has been returned instead. If this is a custom metric, this usually means that the error is in the metric code. Full exception below:
Traceback (most recent call last):
  File "E:\Sprint04\venv\Lib\site-packages\pycaret\internal\metrics.py", line 196, in _score
    return super()._score(
           ^^^^^^^^^^^^^^^
  File "E:\Sprint04\venv\Lib\site-packages\sklearn\metrics\_scorer.py", line 350, in _score
    return self._sign * self._score_func(y_true, y_pred, **scoring_kwargs)
                        ^^^^^^^^^^^^^^^^^^^^^^^^^^^^^^^^^^^^^^^^^^^^^^^^^^
  File "E:\Sprint04\venv\Lib\site-packages\pycaret\internal\metrics.py", line 144, in __call__
    return self.score_func(y_true, y_pred, **kwargs)
           ^^^^^^^^^^^^^^^^^^^^^^^^^^^^^^^^^^^^^^^^^
  File "E:\Sprint04\venv\Lib\site-packages\sklearn\utils\_param_validation.py", line 213, in wrapper
    return func(*args, **kwargs)
           ^^^^^^^^^^^^^^^^^^^^^
  File "E:\Sprint04\venv\Lib\site-packages\sklearn\metrics\_ranking.py", line 634, in roc_auc_score
    return _multiclass_roc_auc_score(
           ^^^^^^^^^^^^^^^^^^^^^^^^^^
  File "E:\Sprint04\venv\Lib\site-packages\sklearn\metrics\_ranking.py", line 707, in _multiclass_roc_auc_score
    raise ValueError(
ValueError: Target scores need to be probabilities for multiclass roc_auc, i.e. they should sum up to 1.0 over classes

  warnings.warn(

2025-12-09 08:56:53,947:WARNING:E:\Sprint04\venv\Lib\site-packages\pycaret\internal\metrics.py:204: FitFailedWarning: Metric 'make_scorer(roc_auc_score, response_method=('decision_function', 'predict_proba'), average=weighted, multi_class=ovr)' failed and error score 0.0 has been returned instead. If this is a custom metric, this usually means that the error is in the metric code. Full exception below:
Traceback (most recent call last):
  File "E:\Sprint04\venv\Lib\site-packages\pycaret\internal\metrics.py", line 196, in _score
    return super()._score(
           ^^^^^^^^^^^^^^^
  File "E:\Sprint04\venv\Lib\site-packages\sklearn\metrics\_scorer.py", line 350, in _score
    return self._sign * self._score_func(y_true, y_pred, **scoring_kwargs)
                        ^^^^^^^^^^^^^^^^^^^^^^^^^^^^^^^^^^^^^^^^^^^^^^^^^^
  File "E:\Sprint04\venv\Lib\site-packages\pycaret\internal\metrics.py", line 144, in __call__
    return self.score_func(y_true, y_pred, **kwargs)
           ^^^^^^^^^^^^^^^^^^^^^^^^^^^^^^^^^^^^^^^^^
  File "E:\Sprint04\venv\Lib\site-packages\sklearn\utils\_param_validation.py", line 213, in wrapper
    return func(*args, **kwargs)
           ^^^^^^^^^^^^^^^^^^^^^
  File "E:\Sprint04\venv\Lib\site-packages\sklearn\metrics\_ranking.py", line 634, in roc_auc_score
    return _multiclass_roc_auc_score(
           ^^^^^^^^^^^^^^^^^^^^^^^^^^
  File "E:\Sprint04\venv\Lib\site-packages\sklearn\metrics\_ranking.py", line 707, in _multiclass_roc_auc_score
    raise ValueError(
ValueError: Target scores need to be probabilities for multiclass roc_auc, i.e. they should sum up to 1.0 over classes

  warnings.warn(

2025-12-09 08:56:53,950:WARNING:E:\Sprint04\venv\Lib\site-packages\pycaret\internal\metrics.py:204: FitFailedWarning: Metric 'make_scorer(roc_auc_score, response_method=('decision_function', 'predict_proba'), average=weighted, multi_class=ovr)' failed and error score 0.0 has been returned instead. If this is a custom metric, this usually means that the error is in the metric code. Full exception below:
Traceback (most recent call last):
  File "E:\Sprint04\venv\Lib\site-packages\pycaret\internal\metrics.py", line 196, in _score
    return super()._score(
           ^^^^^^^^^^^^^^^
  File "E:\Sprint04\venv\Lib\site-packages\sklearn\metrics\_scorer.py", line 350, in _score
    return self._sign * self._score_func(y_true, y_pred, **scoring_kwargs)
                        ^^^^^^^^^^^^^^^^^^^^^^^^^^^^^^^^^^^^^^^^^^^^^^^^^^
  File "E:\Sprint04\venv\Lib\site-packages\pycaret\internal\metrics.py", line 144, in __call__
    return self.score_func(y_true, y_pred, **kwargs)
           ^^^^^^^^^^^^^^^^^^^^^^^^^^^^^^^^^^^^^^^^^
  File "E:\Sprint04\venv\Lib\site-packages\sklearn\utils\_param_validation.py", line 213, in wrapper
    return func(*args, **kwargs)
           ^^^^^^^^^^^^^^^^^^^^^
  File "E:\Sprint04\venv\Lib\site-packages\sklearn\metrics\_ranking.py", line 634, in roc_auc_score
    return _multiclass_roc_auc_score(
           ^^^^^^^^^^^^^^^^^^^^^^^^^^
  File "E:\Sprint04\venv\Lib\site-packages\sklearn\metrics\_ranking.py", line 707, in _multiclass_roc_auc_score
    raise ValueError(
ValueError: Target scores need to be probabilities for multiclass roc_auc, i.e. they should sum up to 1.0 over classes

  warnings.warn(

2025-12-09 08:56:53,973:WARNING:E:\Sprint04\venv\Lib\site-packages\pycaret\internal\metrics.py:204: FitFailedWarning: Metric 'make_scorer(roc_auc_score, response_method=('decision_function', 'predict_proba'), average=weighted, multi_class=ovr)' failed and error score 0.0 has been returned instead. If this is a custom metric, this usually means that the error is in the metric code. Full exception below:
Traceback (most recent call last):
  File "E:\Sprint04\venv\Lib\site-packages\pycaret\internal\metrics.py", line 196, in _score
    return super()._score(
           ^^^^^^^^^^^^^^^
  File "E:\Sprint04\venv\Lib\site-packages\sklearn\metrics\_scorer.py", line 350, in _score
    return self._sign * self._score_func(y_true, y_pred, **scoring_kwargs)
                        ^^^^^^^^^^^^^^^^^^^^^^^^^^^^^^^^^^^^^^^^^^^^^^^^^^
  File "E:\Sprint04\venv\Lib\site-packages\pycaret\internal\metrics.py", line 144, in __call__
    return self.score_func(y_true, y_pred, **kwargs)
           ^^^^^^^^^^^^^^^^^^^^^^^^^^^^^^^^^^^^^^^^^
  File "E:\Sprint04\venv\Lib\site-packages\sklearn\utils\_param_validation.py", line 213, in wrapper
    return func(*args, **kwargs)
           ^^^^^^^^^^^^^^^^^^^^^
  File "E:\Sprint04\venv\Lib\site-packages\sklearn\metrics\_ranking.py", line 634, in roc_auc_score
    return _multiclass_roc_auc_score(
           ^^^^^^^^^^^^^^^^^^^^^^^^^^
  File "E:\Sprint04\venv\Lib\site-packages\sklearn\metrics\_ranking.py", line 707, in _multiclass_roc_auc_score
    raise ValueError(
ValueError: Target scores need to be probabilities for multiclass roc_auc, i.e. they should sum up to 1.0 over classes

  warnings.warn(

2025-12-09 08:56:54,026:WARNING:E:\Sprint04\venv\Lib\site-packages\pycaret\internal\metrics.py:204: FitFailedWarning: Metric 'make_scorer(roc_auc_score, response_method=('decision_function', 'predict_proba'), average=weighted, multi_class=ovr)' failed and error score 0.0 has been returned instead. If this is a custom metric, this usually means that the error is in the metric code. Full exception below:
Traceback (most recent call last):
  File "E:\Sprint04\venv\Lib\site-packages\pycaret\internal\metrics.py", line 196, in _score
    return super()._score(
           ^^^^^^^^^^^^^^^
  File "E:\Sprint04\venv\Lib\site-packages\sklearn\metrics\_scorer.py", line 350, in _score
    return self._sign * self._score_func(y_true, y_pred, **scoring_kwargs)
                        ^^^^^^^^^^^^^^^^^^^^^^^^^^^^^^^^^^^^^^^^^^^^^^^^^^
  File "E:\Sprint04\venv\Lib\site-packages\pycaret\internal\metrics.py", line 144, in __call__
    return self.score_func(y_true, y_pred, **kwargs)
           ^^^^^^^^^^^^^^^^^^^^^^^^^^^^^^^^^^^^^^^^^
  File "E:\Sprint04\venv\Lib\site-packages\sklearn\utils\_param_validation.py", line 213, in wrapper
    return func(*args, **kwargs)
           ^^^^^^^^^^^^^^^^^^^^^
  File "E:\Sprint04\venv\Lib\site-packages\sklearn\metrics\_ranking.py", line 634, in roc_auc_score
    return _multiclass_roc_auc_score(
           ^^^^^^^^^^^^^^^^^^^^^^^^^^
  File "E:\Sprint04\venv\Lib\site-packages\sklearn\metrics\_ranking.py", line 707, in _multiclass_roc_auc_score
    raise ValueError(
ValueError: Target scores need to be probabilities for multiclass roc_auc, i.e. they should sum up to 1.0 over classes

  warnings.warn(

2025-12-09 08:56:54,026:WARNING:E:\Sprint04\venv\Lib\site-packages\pycaret\internal\metrics.py:204: FitFailedWarning: Metric 'make_scorer(roc_auc_score, response_method=('decision_function', 'predict_proba'), average=weighted, multi_class=ovr)' failed and error score 0.0 has been returned instead. If this is a custom metric, this usually means that the error is in the metric code. Full exception below:
Traceback (most recent call last):
  File "E:\Sprint04\venv\Lib\site-packages\pycaret\internal\metrics.py", line 196, in _score
    return super()._score(
           ^^^^^^^^^^^^^^^
  File "E:\Sprint04\venv\Lib\site-packages\sklearn\metrics\_scorer.py", line 350, in _score
    return self._sign * self._score_func(y_true, y_pred, **scoring_kwargs)
                        ^^^^^^^^^^^^^^^^^^^^^^^^^^^^^^^^^^^^^^^^^^^^^^^^^^
  File "E:\Sprint04\venv\Lib\site-packages\pycaret\internal\metrics.py", line 144, in __call__
    return self.score_func(y_true, y_pred, **kwargs)
           ^^^^^^^^^^^^^^^^^^^^^^^^^^^^^^^^^^^^^^^^^
  File "E:\Sprint04\venv\Lib\site-packages\sklearn\utils\_param_validation.py", line 213, in wrapper
    return func(*args, **kwargs)
           ^^^^^^^^^^^^^^^^^^^^^
  File "E:\Sprint04\venv\Lib\site-packages\sklearn\metrics\_ranking.py", line 634, in roc_auc_score
    return _multiclass_roc_auc_score(
           ^^^^^^^^^^^^^^^^^^^^^^^^^^
  File "E:\Sprint04\venv\Lib\site-packages\sklearn\metrics\_ranking.py", line 707, in _multiclass_roc_auc_score
    raise ValueError(
ValueError: Target scores need to be probabilities for multiclass roc_auc, i.e. they should sum up to 1.0 over classes

  warnings.warn(

2025-12-09 08:56:54,032:WARNING:E:\Sprint04\venv\Lib\site-packages\sklearn\metrics\_classification.py:1509: UndefinedMetricWarning: Precision is ill-defined and being set to 0.0 in labels with no predicted samples. Use `zero_division` parameter to control this behavior.
  _warn_prf(average, modifier, f"{metric.capitalize()} is", len(result))

2025-12-09 08:56:54,043:INFO:Calculating mean and std
2025-12-09 08:56:54,044:INFO:Creating metrics dataframe
2025-12-09 08:56:54,046:INFO:Uploading results into container
2025-12-09 08:56:54,047:INFO:Uploading model into container now
2025-12-09 08:56:54,047:INFO:_master_model_container: 6
2025-12-09 08:56:54,048:INFO:_display_container: 2
2025-12-09 08:56:54,048:INFO:RidgeClassifier(random_state=789)
2025-12-09 08:56:54,048:INFO:create_model() successfully completed......................................
2025-12-09 08:56:54,226:INFO:SubProcess create_model() end ==================================
2025-12-09 08:56:54,226:INFO:Creating metrics dataframe
2025-12-09 08:56:54,229:INFO:Initializing Random Forest Classifier
2025-12-09 08:56:54,229:INFO:Total runtime is 0.1957791447639465 minutes
2025-12-09 08:56:54,229:INFO:SubProcess create_model() called ==================================
2025-12-09 08:56:54,229:INFO:Initializing create_model()
2025-12-09 08:56:54,229:INFO:create_model(self=<pycaret.classification.oop.ClassificationExperiment object at 0x0000013079CCDFD0>, estimator=rf, fold=StratifiedKFold(n_splits=10, random_state=None, shuffle=False), round=4, cross_validation=True, predict=True, fit_kwargs={}, groups=None, refit=False, probability_threshold=None, experiment_custom_tags=None, verbose=False, system=False, add_to_model_list=True, metrics=None, display=<pycaret.internal.display.display.CommonDisplay object at 0x0000013079DB6F50>, model_only=True, return_train_score=False, error_score=0.0, kwargs={})
2025-12-09 08:56:54,229:INFO:Checking exceptions
2025-12-09 08:56:54,229:INFO:Importing libraries
2025-12-09 08:56:54,229:INFO:Copying training dataset
2025-12-09 08:56:54,235:INFO:Defining folds
2025-12-09 08:56:54,235:INFO:Declaring metric variables
2025-12-09 08:56:54,236:INFO:Importing untrained model
2025-12-09 08:56:54,236:INFO:Random Forest Classifier Imported successfully
2025-12-09 08:56:54,236:INFO:Starting cross validation
2025-12-09 08:56:54,238:INFO:Cross validating with StratifiedKFold(n_splits=10, random_state=None, shuffle=False), n_jobs=-1
2025-12-09 08:56:55,558:INFO:Calculating mean and std
2025-12-09 08:56:55,560:INFO:Creating metrics dataframe
2025-12-09 08:56:55,563:INFO:Uploading results into container
2025-12-09 08:56:55,563:INFO:Uploading model into container now
2025-12-09 08:56:55,564:INFO:_master_model_container: 7
2025-12-09 08:56:55,564:INFO:_display_container: 2
2025-12-09 08:56:55,564:INFO:RandomForestClassifier(n_jobs=-1, random_state=789)
2025-12-09 08:56:55,564:INFO:create_model() successfully completed......................................
2025-12-09 08:56:55,745:INFO:SubProcess create_model() end ==================================
2025-12-09 08:56:55,746:INFO:Creating metrics dataframe
2025-12-09 08:56:55,757:INFO:Initializing Quadratic Discriminant Analysis
2025-12-09 08:56:55,757:INFO:Total runtime is 0.22124478022257485 minutes
2025-12-09 08:56:55,757:INFO:SubProcess create_model() called ==================================
2025-12-09 08:56:55,758:INFO:Initializing create_model()
2025-12-09 08:56:55,758:INFO:create_model(self=<pycaret.classification.oop.ClassificationExperiment object at 0x0000013079CCDFD0>, estimator=qda, fold=StratifiedKFold(n_splits=10, random_state=None, shuffle=False), round=4, cross_validation=True, predict=True, fit_kwargs={}, groups=None, refit=False, probability_threshold=None, experiment_custom_tags=None, verbose=False, system=False, add_to_model_list=True, metrics=None, display=<pycaret.internal.display.display.CommonDisplay object at 0x0000013079DB6F50>, model_only=True, return_train_score=False, error_score=0.0, kwargs={})
2025-12-09 08:56:55,758:INFO:Checking exceptions
2025-12-09 08:56:55,758:INFO:Importing libraries
2025-12-09 08:56:55,758:INFO:Copying training dataset
2025-12-09 08:56:55,771:INFO:Defining folds
2025-12-09 08:56:55,771:INFO:Declaring metric variables
2025-12-09 08:56:55,771:INFO:Importing untrained model
2025-12-09 08:56:55,772:INFO:Quadratic Discriminant Analysis Imported successfully
2025-12-09 08:56:55,772:INFO:Starting cross validation
2025-12-09 08:56:55,775:INFO:Cross validating with StratifiedKFold(n_splits=10, random_state=None, shuffle=False), n_jobs=-1
2025-12-09 08:56:55,847:WARNING:E:\Sprint04\venv\Lib\site-packages\sklearn\discriminant_analysis.py:935: UserWarning: Variables are collinear
  warnings.warn("Variables are collinear")

2025-12-09 08:56:55,854:WARNING:E:\Sprint04\venv\Lib\site-packages\sklearn\discriminant_analysis.py:935: UserWarning: Variables are collinear
  warnings.warn("Variables are collinear")

2025-12-09 08:56:55,903:WARNING:E:\Sprint04\venv\Lib\site-packages\sklearn\discriminant_analysis.py:935: UserWarning: Variables are collinear
  warnings.warn("Variables are collinear")

2025-12-09 08:56:55,907:WARNING:E:\Sprint04\venv\Lib\site-packages\sklearn\discriminant_analysis.py:935: UserWarning: Variables are collinear
  warnings.warn("Variables are collinear")

2025-12-09 08:56:55,910:WARNING:E:\Sprint04\venv\Lib\site-packages\pycaret\internal\metrics.py:204: FitFailedWarning: Metric 'make_scorer(roc_auc_score, response_method=('decision_function', 'predict_proba'), average=weighted, multi_class=ovr)' failed and error score 0.0 has been returned instead. If this is a custom metric, this usually means that the error is in the metric code. Full exception below:
Traceback (most recent call last):
  File "E:\Sprint04\venv\Lib\site-packages\pycaret\internal\metrics.py", line 196, in _score
    return super()._score(
           ^^^^^^^^^^^^^^^
  File "E:\Sprint04\venv\Lib\site-packages\sklearn\metrics\_scorer.py", line 350, in _score
    return self._sign * self._score_func(y_true, y_pred, **scoring_kwargs)
                        ^^^^^^^^^^^^^^^^^^^^^^^^^^^^^^^^^^^^^^^^^^^^^^^^^^
  File "E:\Sprint04\venv\Lib\site-packages\pycaret\internal\metrics.py", line 144, in __call__
    return self.score_func(y_true, y_pred, **kwargs)
           ^^^^^^^^^^^^^^^^^^^^^^^^^^^^^^^^^^^^^^^^^
  File "E:\Sprint04\venv\Lib\site-packages\sklearn\utils\_param_validation.py", line 213, in wrapper
    return func(*args, **kwargs)
           ^^^^^^^^^^^^^^^^^^^^^
  File "E:\Sprint04\venv\Lib\site-packages\sklearn\metrics\_ranking.py", line 634, in roc_auc_score
    return _multiclass_roc_auc_score(
           ^^^^^^^^^^^^^^^^^^^^^^^^^^
  File "E:\Sprint04\venv\Lib\site-packages\sklearn\metrics\_ranking.py", line 707, in _multiclass_roc_auc_score
    raise ValueError(
ValueError: Target scores need to be probabilities for multiclass roc_auc, i.e. they should sum up to 1.0 over classes

  warnings.warn(

2025-12-09 08:56:55,947:WARNING:E:\Sprint04\venv\Lib\site-packages\pycaret\internal\metrics.py:204: FitFailedWarning: Metric 'make_scorer(roc_auc_score, response_method=('decision_function', 'predict_proba'), average=weighted, multi_class=ovr)' failed and error score 0.0 has been returned instead. If this is a custom metric, this usually means that the error is in the metric code. Full exception below:
Traceback (most recent call last):
  File "E:\Sprint04\venv\Lib\site-packages\pycaret\internal\metrics.py", line 196, in _score
    return super()._score(
           ^^^^^^^^^^^^^^^
  File "E:\Sprint04\venv\Lib\site-packages\sklearn\metrics\_scorer.py", line 350, in _score
    return self._sign * self._score_func(y_true, y_pred, **scoring_kwargs)
                        ^^^^^^^^^^^^^^^^^^^^^^^^^^^^^^^^^^^^^^^^^^^^^^^^^^
  File "E:\Sprint04\venv\Lib\site-packages\pycaret\internal\metrics.py", line 144, in __call__
    return self.score_func(y_true, y_pred, **kwargs)
           ^^^^^^^^^^^^^^^^^^^^^^^^^^^^^^^^^^^^^^^^^
  File "E:\Sprint04\venv\Lib\site-packages\sklearn\utils\_param_validation.py", line 213, in wrapper
    return func(*args, **kwargs)
           ^^^^^^^^^^^^^^^^^^^^^
  File "E:\Sprint04\venv\Lib\site-packages\sklearn\metrics\_ranking.py", line 634, in roc_auc_score
    return _multiclass_roc_auc_score(
           ^^^^^^^^^^^^^^^^^^^^^^^^^^
  File "E:\Sprint04\venv\Lib\site-packages\sklearn\metrics\_ranking.py", line 707, in _multiclass_roc_auc_score
    raise ValueError(
ValueError: Target scores need to be probabilities for multiclass roc_auc, i.e. they should sum up to 1.0 over classes

  warnings.warn(

2025-12-09 08:56:55,954:WARNING:E:\Sprint04\venv\Lib\site-packages\sklearn\metrics\_classification.py:1509: UndefinedMetricWarning: Precision is ill-defined and being set to 0.0 in labels with no predicted samples. Use `zero_division` parameter to control this behavior.
  _warn_prf(average, modifier, f"{metric.capitalize()} is", len(result))

2025-12-09 08:56:55,976:WARNING:E:\Sprint04\venv\Lib\site-packages\pycaret\internal\metrics.py:204: FitFailedWarning: Metric 'make_scorer(roc_auc_score, response_method=('decision_function', 'predict_proba'), average=weighted, multi_class=ovr)' failed and error score 0.0 has been returned instead. If this is a custom metric, this usually means that the error is in the metric code. Full exception below:
Traceback (most recent call last):
  File "E:\Sprint04\venv\Lib\site-packages\pycaret\internal\metrics.py", line 196, in _score
    return super()._score(
           ^^^^^^^^^^^^^^^
  File "E:\Sprint04\venv\Lib\site-packages\sklearn\metrics\_scorer.py", line 350, in _score
    return self._sign * self._score_func(y_true, y_pred, **scoring_kwargs)
                        ^^^^^^^^^^^^^^^^^^^^^^^^^^^^^^^^^^^^^^^^^^^^^^^^^^
  File "E:\Sprint04\venv\Lib\site-packages\pycaret\internal\metrics.py", line 144, in __call__
    return self.score_func(y_true, y_pred, **kwargs)
           ^^^^^^^^^^^^^^^^^^^^^^^^^^^^^^^^^^^^^^^^^
  File "E:\Sprint04\venv\Lib\site-packages\sklearn\utils\_param_validation.py", line 213, in wrapper
    return func(*args, **kwargs)
           ^^^^^^^^^^^^^^^^^^^^^
  File "E:\Sprint04\venv\Lib\site-packages\sklearn\metrics\_ranking.py", line 634, in roc_auc_score
    return _multiclass_roc_auc_score(
           ^^^^^^^^^^^^^^^^^^^^^^^^^^
  File "E:\Sprint04\venv\Lib\site-packages\sklearn\metrics\_ranking.py", line 707, in _multiclass_roc_auc_score
    raise ValueError(
ValueError: Target scores need to be probabilities for multiclass roc_auc, i.e. they should sum up to 1.0 over classes

  warnings.warn(

2025-12-09 08:56:55,985:WARNING:E:\Sprint04\venv\Lib\site-packages\pycaret\internal\metrics.py:204: FitFailedWarning: Metric 'make_scorer(roc_auc_score, response_method=('decision_function', 'predict_proba'), average=weighted, multi_class=ovr)' failed and error score 0.0 has been returned instead. If this is a custom metric, this usually means that the error is in the metric code. Full exception below:
Traceback (most recent call last):
  File "E:\Sprint04\venv\Lib\site-packages\pycaret\internal\metrics.py", line 196, in _score
    return super()._score(
           ^^^^^^^^^^^^^^^
  File "E:\Sprint04\venv\Lib\site-packages\sklearn\metrics\_scorer.py", line 350, in _score
    return self._sign * self._score_func(y_true, y_pred, **scoring_kwargs)
                        ^^^^^^^^^^^^^^^^^^^^^^^^^^^^^^^^^^^^^^^^^^^^^^^^^^
  File "E:\Sprint04\venv\Lib\site-packages\pycaret\internal\metrics.py", line 144, in __call__
    return self.score_func(y_true, y_pred, **kwargs)
           ^^^^^^^^^^^^^^^^^^^^^^^^^^^^^^^^^^^^^^^^^
  File "E:\Sprint04\venv\Lib\site-packages\sklearn\utils\_param_validation.py", line 213, in wrapper
    return func(*args, **kwargs)
           ^^^^^^^^^^^^^^^^^^^^^
  File "E:\Sprint04\venv\Lib\site-packages\sklearn\metrics\_ranking.py", line 634, in roc_auc_score
    return _multiclass_roc_auc_score(
           ^^^^^^^^^^^^^^^^^^^^^^^^^^
  File "E:\Sprint04\venv\Lib\site-packages\sklearn\metrics\_ranking.py", line 707, in _multiclass_roc_auc_score
    raise ValueError(
ValueError: Target scores need to be probabilities for multiclass roc_auc, i.e. they should sum up to 1.0 over classes

  warnings.warn(

2025-12-09 08:56:56,046:WARNING:E:\Sprint04\venv\Lib\site-packages\sklearn\discriminant_analysis.py:935: UserWarning: Variables are collinear
  warnings.warn("Variables are collinear")

2025-12-09 08:56:56,067:WARNING:E:\Sprint04\venv\Lib\site-packages\sklearn\discriminant_analysis.py:935: UserWarning: Variables are collinear
  warnings.warn("Variables are collinear")

2025-12-09 08:56:56,084:WARNING:E:\Sprint04\venv\Lib\site-packages\sklearn\discriminant_analysis.py:935: UserWarning: Variables are collinear
  warnings.warn("Variables are collinear")

2025-12-09 08:56:56,115:WARNING:E:\Sprint04\venv\Lib\site-packages\sklearn\discriminant_analysis.py:935: UserWarning: Variables are collinear
  warnings.warn("Variables are collinear")

2025-12-09 08:56:56,115:WARNING:E:\Sprint04\venv\Lib\site-packages\sklearn\discriminant_analysis.py:960: RuntimeWarning: divide by zero encountered in power
  X2 = np.dot(Xm, R * (S ** (-0.5)))

2025-12-09 08:56:56,116:WARNING:E:\Sprint04\venv\Lib\site-packages\sklearn\discriminant_analysis.py:960: RuntimeWarning: invalid value encountered in multiply
  X2 = np.dot(Xm, R * (S ** (-0.5)))

2025-12-09 08:56:56,116:WARNING:E:\Sprint04\venv\Lib\site-packages\sklearn\discriminant_analysis.py:963: RuntimeWarning: divide by zero encountered in log
  u = np.asarray([np.sum(np.log(s)) for s in self.scalings_])

2025-12-09 08:56:56,125:WARNING:E:\Sprint04\venv\Lib\site-packages\sklearn\discriminant_analysis.py:960: RuntimeWarning: divide by zero encountered in power
  X2 = np.dot(Xm, R * (S ** (-0.5)))

2025-12-09 08:56:56,125:WARNING:E:\Sprint04\venv\Lib\site-packages\sklearn\discriminant_analysis.py:960: RuntimeWarning: invalid value encountered in multiply
  X2 = np.dot(Xm, R * (S ** (-0.5)))

2025-12-09 08:56:56,125:WARNING:E:\Sprint04\venv\Lib\site-packages\sklearn\discriminant_analysis.py:963: RuntimeWarning: divide by zero encountered in log
  u = np.asarray([np.sum(np.log(s)) for s in self.scalings_])

2025-12-09 08:56:56,144:WARNING:E:\Sprint04\venv\Lib\site-packages\pycaret\internal\metrics.py:204: FitFailedWarning: Metric 'make_scorer(roc_auc_score, response_method=('decision_function', 'predict_proba'), average=weighted, multi_class=ovr)' failed and error score 0.0 has been returned instead. If this is a custom metric, this usually means that the error is in the metric code. Full exception below:
Traceback (most recent call last):
  File "E:\Sprint04\venv\Lib\site-packages\pycaret\internal\metrics.py", line 196, in _score
    return super()._score(
           ^^^^^^^^^^^^^^^
  File "E:\Sprint04\venv\Lib\site-packages\sklearn\metrics\_scorer.py", line 350, in _score
    return self._sign * self._score_func(y_true, y_pred, **scoring_kwargs)
                        ^^^^^^^^^^^^^^^^^^^^^^^^^^^^^^^^^^^^^^^^^^^^^^^^^^
  File "E:\Sprint04\venv\Lib\site-packages\pycaret\internal\metrics.py", line 144, in __call__
    return self.score_func(y_true, y_pred, **kwargs)
           ^^^^^^^^^^^^^^^^^^^^^^^^^^^^^^^^^^^^^^^^^
  File "E:\Sprint04\venv\Lib\site-packages\sklearn\utils\_param_validation.py", line 213, in wrapper
    return func(*args, **kwargs)
           ^^^^^^^^^^^^^^^^^^^^^
  File "E:\Sprint04\venv\Lib\site-packages\sklearn\metrics\_ranking.py", line 634, in roc_auc_score
    return _multiclass_roc_auc_score(
           ^^^^^^^^^^^^^^^^^^^^^^^^^^
  File "E:\Sprint04\venv\Lib\site-packages\sklearn\metrics\_ranking.py", line 707, in _multiclass_roc_auc_score
    raise ValueError(
ValueError: Target scores need to be probabilities for multiclass roc_auc, i.e. they should sum up to 1.0 over classes

  warnings.warn(

2025-12-09 08:56:56,152:WARNING:E:\Sprint04\venv\Lib\site-packages\pycaret\internal\metrics.py:204: FitFailedWarning: Metric 'make_scorer(roc_auc_score, response_method=('decision_function', 'predict_proba'), average=weighted, multi_class=ovr)' failed and error score 0.0 has been returned instead. If this is a custom metric, this usually means that the error is in the metric code. Full exception below:
Traceback (most recent call last):
  File "E:\Sprint04\venv\Lib\site-packages\pycaret\internal\metrics.py", line 196, in _score
    return super()._score(
           ^^^^^^^^^^^^^^^
  File "E:\Sprint04\venv\Lib\site-packages\sklearn\metrics\_scorer.py", line 350, in _score
    return self._sign * self._score_func(y_true, y_pred, **scoring_kwargs)
                        ^^^^^^^^^^^^^^^^^^^^^^^^^^^^^^^^^^^^^^^^^^^^^^^^^^
  File "E:\Sprint04\venv\Lib\site-packages\pycaret\internal\metrics.py", line 144, in __call__
    return self.score_func(y_true, y_pred, **kwargs)
           ^^^^^^^^^^^^^^^^^^^^^^^^^^^^^^^^^^^^^^^^^
  File "E:\Sprint04\venv\Lib\site-packages\sklearn\utils\_param_validation.py", line 213, in wrapper
    return func(*args, **kwargs)
           ^^^^^^^^^^^^^^^^^^^^^
  File "E:\Sprint04\venv\Lib\site-packages\sklearn\metrics\_ranking.py", line 619, in roc_auc_score
    y_score = check_array(y_score, ensure_2d=False)
              ^^^^^^^^^^^^^^^^^^^^^^^^^^^^^^^^^^^^^
  File "E:\Sprint04\venv\Lib\site-packages\sklearn\utils\validation.py", line 1049, in check_array
    _assert_all_finite(
  File "E:\Sprint04\venv\Lib\site-packages\sklearn\utils\validation.py", line 126, in _assert_all_finite
    _assert_all_finite_element_wise(
  File "E:\Sprint04\venv\Lib\site-packages\sklearn\utils\validation.py", line 175, in _assert_all_finite_element_wise
    raise ValueError(msg_err)
ValueError: Input contains NaN.

  warnings.warn(

2025-12-09 08:56:56,160:WARNING:E:\Sprint04\venv\Lib\site-packages\sklearn\metrics\_classification.py:1509: UndefinedMetricWarning: Precision is ill-defined and being set to 0.0 in labels with no predicted samples. Use `zero_division` parameter to control this behavior.
  _warn_prf(average, modifier, f"{metric.capitalize()} is", len(result))

2025-12-09 08:56:56,181:WARNING:E:\Sprint04\venv\Lib\site-packages\pycaret\internal\metrics.py:204: FitFailedWarning: Metric 'make_scorer(roc_auc_score, response_method=('decision_function', 'predict_proba'), average=weighted, multi_class=ovr)' failed and error score 0.0 has been returned instead. If this is a custom metric, this usually means that the error is in the metric code. Full exception below:
Traceback (most recent call last):
  File "E:\Sprint04\venv\Lib\site-packages\pycaret\internal\metrics.py", line 196, in _score
    return super()._score(
           ^^^^^^^^^^^^^^^
  File "E:\Sprint04\venv\Lib\site-packages\sklearn\metrics\_scorer.py", line 350, in _score
    return self._sign * self._score_func(y_true, y_pred, **scoring_kwargs)
                        ^^^^^^^^^^^^^^^^^^^^^^^^^^^^^^^^^^^^^^^^^^^^^^^^^^
  File "E:\Sprint04\venv\Lib\site-packages\pycaret\internal\metrics.py", line 144, in __call__
    return self.score_func(y_true, y_pred, **kwargs)
           ^^^^^^^^^^^^^^^^^^^^^^^^^^^^^^^^^^^^^^^^^
  File "E:\Sprint04\venv\Lib\site-packages\sklearn\utils\_param_validation.py", line 213, in wrapper
    return func(*args, **kwargs)
           ^^^^^^^^^^^^^^^^^^^^^
  File "E:\Sprint04\venv\Lib\site-packages\sklearn\metrics\_ranking.py", line 634, in roc_auc_score
    return _multiclass_roc_auc_score(
           ^^^^^^^^^^^^^^^^^^^^^^^^^^
  File "E:\Sprint04\venv\Lib\site-packages\sklearn\metrics\_ranking.py", line 707, in _multiclass_roc_auc_score
    raise ValueError(
ValueError: Target scores need to be probabilities for multiclass roc_auc, i.e. they should sum up to 1.0 over classes

  warnings.warn(

2025-12-09 08:56:56,149:WARNING:E:\Sprint04\venv\Lib\site-packages\pycaret\internal\metrics.py:204: FitFailedWarning: Metric 'make_scorer(roc_auc_score, response_method=('decision_function', 'predict_proba'), average=weighted, multi_class=ovr)' failed and error score 0.0 has been returned instead. If this is a custom metric, this usually means that the error is in the metric code. Full exception below:
Traceback (most recent call last):
  File "E:\Sprint04\venv\Lib\site-packages\pycaret\internal\metrics.py", line 196, in _score
    return super()._score(
           ^^^^^^^^^^^^^^^
  File "E:\Sprint04\venv\Lib\site-packages\sklearn\metrics\_scorer.py", line 350, in _score
    return self._sign * self._score_func(y_true, y_pred, **scoring_kwargs)
                        ^^^^^^^^^^^^^^^^^^^^^^^^^^^^^^^^^^^^^^^^^^^^^^^^^^
  File "E:\Sprint04\venv\Lib\site-packages\pycaret\internal\metrics.py", line 144, in __call__
    return self.score_func(y_true, y_pred, **kwargs)
           ^^^^^^^^^^^^^^^^^^^^^^^^^^^^^^^^^^^^^^^^^
  File "E:\Sprint04\venv\Lib\site-packages\sklearn\utils\_param_validation.py", line 213, in wrapper
    return func(*args, **kwargs)
           ^^^^^^^^^^^^^^^^^^^^^
  File "E:\Sprint04\venv\Lib\site-packages\sklearn\metrics\_ranking.py", line 634, in roc_auc_score
    return _multiclass_roc_auc_score(
           ^^^^^^^^^^^^^^^^^^^^^^^^^^
  File "E:\Sprint04\venv\Lib\site-packages\sklearn\metrics\_ranking.py", line 707, in _multiclass_roc_auc_score
    raise ValueError(
ValueError: Target scores need to be probabilities for multiclass roc_auc, i.e. they should sum up to 1.0 over classes

  warnings.warn(

2025-12-09 08:56:56,188:WARNING:E:\Sprint04\venv\Lib\site-packages\sklearn\metrics\_classification.py:1509: UndefinedMetricWarning: Precision is ill-defined and being set to 0.0 in labels with no predicted samples. Use `zero_division` parameter to control this behavior.
  _warn_prf(average, modifier, f"{metric.capitalize()} is", len(result))

2025-12-09 08:56:56,214:WARNING:E:\Sprint04\venv\Lib\site-packages\sklearn\metrics\_classification.py:1509: UndefinedMetricWarning: Precision is ill-defined and being set to 0.0 in labels with no predicted samples. Use `zero_division` parameter to control this behavior.
  _warn_prf(average, modifier, f"{metric.capitalize()} is", len(result))

2025-12-09 08:56:56,286:WARNING:E:\Sprint04\venv\Lib\site-packages\sklearn\discriminant_analysis.py:935: UserWarning: Variables are collinear
  warnings.warn("Variables are collinear")

2025-12-09 08:56:56,299:WARNING:E:\Sprint04\venv\Lib\site-packages\sklearn\discriminant_analysis.py:935: UserWarning: Variables are collinear
  warnings.warn("Variables are collinear")

2025-12-09 08:56:56,356:WARNING:E:\Sprint04\venv\Lib\site-packages\pycaret\internal\metrics.py:204: FitFailedWarning: Metric 'make_scorer(roc_auc_score, response_method=('decision_function', 'predict_proba'), average=weighted, multi_class=ovr)' failed and error score 0.0 has been returned instead. If this is a custom metric, this usually means that the error is in the metric code. Full exception below:
Traceback (most recent call last):
  File "E:\Sprint04\venv\Lib\site-packages\pycaret\internal\metrics.py", line 196, in _score
    return super()._score(
           ^^^^^^^^^^^^^^^
  File "E:\Sprint04\venv\Lib\site-packages\sklearn\metrics\_scorer.py", line 350, in _score
    return self._sign * self._score_func(y_true, y_pred, **scoring_kwargs)
                        ^^^^^^^^^^^^^^^^^^^^^^^^^^^^^^^^^^^^^^^^^^^^^^^^^^
  File "E:\Sprint04\venv\Lib\site-packages\pycaret\internal\metrics.py", line 144, in __call__
    return self.score_func(y_true, y_pred, **kwargs)
           ^^^^^^^^^^^^^^^^^^^^^^^^^^^^^^^^^^^^^^^^^
  File "E:\Sprint04\venv\Lib\site-packages\sklearn\utils\_param_validation.py", line 213, in wrapper
    return func(*args, **kwargs)
           ^^^^^^^^^^^^^^^^^^^^^
  File "E:\Sprint04\venv\Lib\site-packages\sklearn\metrics\_ranking.py", line 634, in roc_auc_score
    return _multiclass_roc_auc_score(
           ^^^^^^^^^^^^^^^^^^^^^^^^^^
  File "E:\Sprint04\venv\Lib\site-packages\sklearn\metrics\_ranking.py", line 707, in _multiclass_roc_auc_score
    raise ValueError(
ValueError: Target scores need to be probabilities for multiclass roc_auc, i.e. they should sum up to 1.0 over classes

  warnings.warn(

2025-12-09 08:56:56,357:WARNING:E:\Sprint04\venv\Lib\site-packages\pycaret\internal\metrics.py:204: FitFailedWarning: Metric 'make_scorer(roc_auc_score, response_method=('decision_function', 'predict_proba'), average=weighted, multi_class=ovr)' failed and error score 0.0 has been returned instead. If this is a custom metric, this usually means that the error is in the metric code. Full exception below:
Traceback (most recent call last):
  File "E:\Sprint04\venv\Lib\site-packages\pycaret\internal\metrics.py", line 196, in _score
    return super()._score(
           ^^^^^^^^^^^^^^^
  File "E:\Sprint04\venv\Lib\site-packages\sklearn\metrics\_scorer.py", line 350, in _score
    return self._sign * self._score_func(y_true, y_pred, **scoring_kwargs)
                        ^^^^^^^^^^^^^^^^^^^^^^^^^^^^^^^^^^^^^^^^^^^^^^^^^^
  File "E:\Sprint04\venv\Lib\site-packages\pycaret\internal\metrics.py", line 144, in __call__
    return self.score_func(y_true, y_pred, **kwargs)
           ^^^^^^^^^^^^^^^^^^^^^^^^^^^^^^^^^^^^^^^^^
  File "E:\Sprint04\venv\Lib\site-packages\sklearn\utils\_param_validation.py", line 213, in wrapper
    return func(*args, **kwargs)
           ^^^^^^^^^^^^^^^^^^^^^
  File "E:\Sprint04\venv\Lib\site-packages\sklearn\metrics\_ranking.py", line 634, in roc_auc_score
    return _multiclass_roc_auc_score(
           ^^^^^^^^^^^^^^^^^^^^^^^^^^
  File "E:\Sprint04\venv\Lib\site-packages\sklearn\metrics\_ranking.py", line 707, in _multiclass_roc_auc_score
    raise ValueError(
ValueError: Target scores need to be probabilities for multiclass roc_auc, i.e. they should sum up to 1.0 over classes

  warnings.warn(

2025-12-09 08:56:56,367:WARNING:E:\Sprint04\venv\Lib\site-packages\sklearn\metrics\_classification.py:1509: UndefinedMetricWarning: Precision is ill-defined and being set to 0.0 in labels with no predicted samples. Use `zero_division` parameter to control this behavior.
  _warn_prf(average, modifier, f"{metric.capitalize()} is", len(result))

2025-12-09 08:56:56,381:WARNING:E:\Sprint04\venv\Lib\site-packages\sklearn\metrics\_classification.py:1509: UndefinedMetricWarning: Precision is ill-defined and being set to 0.0 in labels with no predicted samples. Use `zero_division` parameter to control this behavior.
  _warn_prf(average, modifier, f"{metric.capitalize()} is", len(result))

2025-12-09 08:56:56,393:INFO:Calculating mean and std
2025-12-09 08:56:56,394:INFO:Creating metrics dataframe
2025-12-09 08:56:56,398:INFO:Uploading results into container
2025-12-09 08:56:56,399:INFO:Uploading model into container now
2025-12-09 08:56:56,400:INFO:_master_model_container: 8
2025-12-09 08:56:56,400:INFO:_display_container: 2
2025-12-09 08:56:56,400:INFO:QuadraticDiscriminantAnalysis()
2025-12-09 08:56:56,400:INFO:create_model() successfully completed......................................
2025-12-09 08:56:56,885:INFO:SubProcess create_model() end ==================================
2025-12-09 08:56:56,885:INFO:Creating metrics dataframe
2025-12-09 08:56:56,891:INFO:Initializing Ada Boost Classifier
2025-12-09 08:56:56,891:INFO:Total runtime is 0.240139627456665 minutes
2025-12-09 08:56:56,892:INFO:SubProcess create_model() called ==================================
2025-12-09 08:56:56,892:INFO:Initializing create_model()
2025-12-09 08:56:56,892:INFO:create_model(self=<pycaret.classification.oop.ClassificationExperiment object at 0x0000013079CCDFD0>, estimator=ada, fold=StratifiedKFold(n_splits=10, random_state=None, shuffle=False), round=4, cross_validation=True, predict=True, fit_kwargs={}, groups=None, refit=False, probability_threshold=None, experiment_custom_tags=None, verbose=False, system=False, add_to_model_list=True, metrics=None, display=<pycaret.internal.display.display.CommonDisplay object at 0x0000013079DB6F50>, model_only=True, return_train_score=False, error_score=0.0, kwargs={})
2025-12-09 08:56:56,892:INFO:Checking exceptions
2025-12-09 08:56:56,892:INFO:Importing libraries
2025-12-09 08:56:56,893:INFO:Copying training dataset
2025-12-09 08:56:56,927:INFO:Defining folds
2025-12-09 08:56:56,927:INFO:Declaring metric variables
2025-12-09 08:56:56,928:INFO:Importing untrained model
2025-12-09 08:56:56,936:INFO:Ada Boost Classifier Imported successfully
2025-12-09 08:56:56,936:INFO:Starting cross validation
2025-12-09 08:56:56,939:INFO:Cross validating with StratifiedKFold(n_splits=10, random_state=None, shuffle=False), n_jobs=-1
2025-12-09 08:56:57,038:WARNING:E:\Sprint04\venv\Lib\site-packages\sklearn\ensemble\_weight_boosting.py:519: FutureWarning: The SAMME.R algorithm (the default) is deprecated and will be removed in 1.6. Use the SAMME algorithm to circumvent this warning.
  warnings.warn(

2025-12-09 08:56:57,081:WARNING:E:\Sprint04\venv\Lib\site-packages\sklearn\ensemble\_weight_boosting.py:519: FutureWarning: The SAMME.R algorithm (the default) is deprecated and will be removed in 1.6. Use the SAMME algorithm to circumvent this warning.
  warnings.warn(

2025-12-09 08:56:57,081:WARNING:E:\Sprint04\venv\Lib\site-packages\sklearn\ensemble\_weight_boosting.py:519: FutureWarning: The SAMME.R algorithm (the default) is deprecated and will be removed in 1.6. Use the SAMME algorithm to circumvent this warning.
  warnings.warn(

2025-12-09 08:56:57,091:WARNING:E:\Sprint04\venv\Lib\site-packages\sklearn\ensemble\_weight_boosting.py:519: FutureWarning: The SAMME.R algorithm (the default) is deprecated and will be removed in 1.6. Use the SAMME algorithm to circumvent this warning.
  warnings.warn(

2025-12-09 08:56:57,692:WARNING:E:\Sprint04\venv\Lib\site-packages\pycaret\internal\metrics.py:204: FitFailedWarning: Metric 'make_scorer(roc_auc_score, response_method=('decision_function', 'predict_proba'), average=weighted, multi_class=ovr)' failed and error score 0.0 has been returned instead. If this is a custom metric, this usually means that the error is in the metric code. Full exception below:
Traceback (most recent call last):
  File "E:\Sprint04\venv\Lib\site-packages\pycaret\internal\metrics.py", line 196, in _score
    return super()._score(
           ^^^^^^^^^^^^^^^
  File "E:\Sprint04\venv\Lib\site-packages\sklearn\metrics\_scorer.py", line 350, in _score
    return self._sign * self._score_func(y_true, y_pred, **scoring_kwargs)
                        ^^^^^^^^^^^^^^^^^^^^^^^^^^^^^^^^^^^^^^^^^^^^^^^^^^
  File "E:\Sprint04\venv\Lib\site-packages\pycaret\internal\metrics.py", line 144, in __call__
    return self.score_func(y_true, y_pred, **kwargs)
           ^^^^^^^^^^^^^^^^^^^^^^^^^^^^^^^^^^^^^^^^^
  File "E:\Sprint04\venv\Lib\site-packages\sklearn\utils\_param_validation.py", line 213, in wrapper
    return func(*args, **kwargs)
           ^^^^^^^^^^^^^^^^^^^^^
  File "E:\Sprint04\venv\Lib\site-packages\sklearn\metrics\_ranking.py", line 634, in roc_auc_score
    return _multiclass_roc_auc_score(
           ^^^^^^^^^^^^^^^^^^^^^^^^^^
  File "E:\Sprint04\venv\Lib\site-packages\sklearn\metrics\_ranking.py", line 707, in _multiclass_roc_auc_score
    raise ValueError(
ValueError: Target scores need to be probabilities for multiclass roc_auc, i.e. they should sum up to 1.0 over classes

  warnings.warn(

2025-12-09 08:56:57,728:WARNING:E:\Sprint04\venv\Lib\site-packages\pycaret\internal\metrics.py:204: FitFailedWarning: Metric 'make_scorer(roc_auc_score, response_method=('decision_function', 'predict_proba'), average=weighted, multi_class=ovr)' failed and error score 0.0 has been returned instead. If this is a custom metric, this usually means that the error is in the metric code. Full exception below:
Traceback (most recent call last):
  File "E:\Sprint04\venv\Lib\site-packages\pycaret\internal\metrics.py", line 196, in _score
    return super()._score(
           ^^^^^^^^^^^^^^^
  File "E:\Sprint04\venv\Lib\site-packages\sklearn\metrics\_scorer.py", line 350, in _score
    return self._sign * self._score_func(y_true, y_pred, **scoring_kwargs)
                        ^^^^^^^^^^^^^^^^^^^^^^^^^^^^^^^^^^^^^^^^^^^^^^^^^^
  File "E:\Sprint04\venv\Lib\site-packages\pycaret\internal\metrics.py", line 144, in __call__
    return self.score_func(y_true, y_pred, **kwargs)
           ^^^^^^^^^^^^^^^^^^^^^^^^^^^^^^^^^^^^^^^^^
  File "E:\Sprint04\venv\Lib\site-packages\sklearn\utils\_param_validation.py", line 213, in wrapper
    return func(*args, **kwargs)
           ^^^^^^^^^^^^^^^^^^^^^
  File "E:\Sprint04\venv\Lib\site-packages\sklearn\metrics\_ranking.py", line 634, in roc_auc_score
    return _multiclass_roc_auc_score(
           ^^^^^^^^^^^^^^^^^^^^^^^^^^
  File "E:\Sprint04\venv\Lib\site-packages\sklearn\metrics\_ranking.py", line 707, in _multiclass_roc_auc_score
    raise ValueError(
ValueError: Target scores need to be probabilities for multiclass roc_auc, i.e. they should sum up to 1.0 over classes

  warnings.warn(

2025-12-09 08:56:57,762:WARNING:E:\Sprint04\venv\Lib\site-packages\pycaret\internal\metrics.py:204: FitFailedWarning: Metric 'make_scorer(roc_auc_score, response_method=('decision_function', 'predict_proba'), average=weighted, multi_class=ovr)' failed and error score 0.0 has been returned instead. If this is a custom metric, this usually means that the error is in the metric code. Full exception below:
Traceback (most recent call last):
  File "E:\Sprint04\venv\Lib\site-packages\pycaret\internal\metrics.py", line 196, in _score
    return super()._score(
           ^^^^^^^^^^^^^^^
  File "E:\Sprint04\venv\Lib\site-packages\sklearn\metrics\_scorer.py", line 350, in _score
    return self._sign * self._score_func(y_true, y_pred, **scoring_kwargs)
                        ^^^^^^^^^^^^^^^^^^^^^^^^^^^^^^^^^^^^^^^^^^^^^^^^^^
  File "E:\Sprint04\venv\Lib\site-packages\pycaret\internal\metrics.py", line 144, in __call__
    return self.score_func(y_true, y_pred, **kwargs)
           ^^^^^^^^^^^^^^^^^^^^^^^^^^^^^^^^^^^^^^^^^
  File "E:\Sprint04\venv\Lib\site-packages\sklearn\utils\_param_validation.py", line 213, in wrapper
    return func(*args, **kwargs)
           ^^^^^^^^^^^^^^^^^^^^^
  File "E:\Sprint04\venv\Lib\site-packages\sklearn\metrics\_ranking.py", line 634, in roc_auc_score
    return _multiclass_roc_auc_score(
           ^^^^^^^^^^^^^^^^^^^^^^^^^^
  File "E:\Sprint04\venv\Lib\site-packages\sklearn\metrics\_ranking.py", line 707, in _multiclass_roc_auc_score
    raise ValueError(
ValueError: Target scores need to be probabilities for multiclass roc_auc, i.e. they should sum up to 1.0 over classes

  warnings.warn(

2025-12-09 08:56:57,815:WARNING:E:\Sprint04\venv\Lib\site-packages\pycaret\internal\metrics.py:204: FitFailedWarning: Metric 'make_scorer(roc_auc_score, response_method=('decision_function', 'predict_proba'), average=weighted, multi_class=ovr)' failed and error score 0.0 has been returned instead. If this is a custom metric, this usually means that the error is in the metric code. Full exception below:
Traceback (most recent call last):
  File "E:\Sprint04\venv\Lib\site-packages\pycaret\internal\metrics.py", line 196, in _score
    return super()._score(
           ^^^^^^^^^^^^^^^
  File "E:\Sprint04\venv\Lib\site-packages\sklearn\metrics\_scorer.py", line 350, in _score
    return self._sign * self._score_func(y_true, y_pred, **scoring_kwargs)
                        ^^^^^^^^^^^^^^^^^^^^^^^^^^^^^^^^^^^^^^^^^^^^^^^^^^
  File "E:\Sprint04\venv\Lib\site-packages\pycaret\internal\metrics.py", line 144, in __call__
    return self.score_func(y_true, y_pred, **kwargs)
           ^^^^^^^^^^^^^^^^^^^^^^^^^^^^^^^^^^^^^^^^^
  File "E:\Sprint04\venv\Lib\site-packages\sklearn\utils\_param_validation.py", line 213, in wrapper
    return func(*args, **kwargs)
           ^^^^^^^^^^^^^^^^^^^^^
  File "E:\Sprint04\venv\Lib\site-packages\sklearn\metrics\_ranking.py", line 634, in roc_auc_score
    return _multiclass_roc_auc_score(
           ^^^^^^^^^^^^^^^^^^^^^^^^^^
  File "E:\Sprint04\venv\Lib\site-packages\sklearn\metrics\_ranking.py", line 707, in _multiclass_roc_auc_score
    raise ValueError(
ValueError: Target scores need to be probabilities for multiclass roc_auc, i.e. they should sum up to 1.0 over classes

  warnings.warn(

2025-12-09 08:56:57,930:WARNING:E:\Sprint04\venv\Lib\site-packages\sklearn\ensemble\_weight_boosting.py:519: FutureWarning: The SAMME.R algorithm (the default) is deprecated and will be removed in 1.6. Use the SAMME algorithm to circumvent this warning.
  warnings.warn(

2025-12-09 08:56:57,954:WARNING:E:\Sprint04\venv\Lib\site-packages\sklearn\ensemble\_weight_boosting.py:519: FutureWarning: The SAMME.R algorithm (the default) is deprecated and will be removed in 1.6. Use the SAMME algorithm to circumvent this warning.
  warnings.warn(

2025-12-09 08:56:57,964:WARNING:E:\Sprint04\venv\Lib\site-packages\sklearn\ensemble\_weight_boosting.py:519: FutureWarning: The SAMME.R algorithm (the default) is deprecated and will be removed in 1.6. Use the SAMME algorithm to circumvent this warning.
  warnings.warn(

2025-12-09 08:56:58,025:WARNING:E:\Sprint04\venv\Lib\site-packages\sklearn\ensemble\_weight_boosting.py:519: FutureWarning: The SAMME.R algorithm (the default) is deprecated and will be removed in 1.6. Use the SAMME algorithm to circumvent this warning.
  warnings.warn(

2025-12-09 08:56:58,456:WARNING:E:\Sprint04\venv\Lib\site-packages\pycaret\internal\metrics.py:204: FitFailedWarning: Metric 'make_scorer(roc_auc_score, response_method=('decision_function', 'predict_proba'), average=weighted, multi_class=ovr)' failed and error score 0.0 has been returned instead. If this is a custom metric, this usually means that the error is in the metric code. Full exception below:
Traceback (most recent call last):
  File "E:\Sprint04\venv\Lib\site-packages\pycaret\internal\metrics.py", line 196, in _score
    return super()._score(
           ^^^^^^^^^^^^^^^
  File "E:\Sprint04\venv\Lib\site-packages\sklearn\metrics\_scorer.py", line 350, in _score
    return self._sign * self._score_func(y_true, y_pred, **scoring_kwargs)
                        ^^^^^^^^^^^^^^^^^^^^^^^^^^^^^^^^^^^^^^^^^^^^^^^^^^
  File "E:\Sprint04\venv\Lib\site-packages\pycaret\internal\metrics.py", line 144, in __call__
    return self.score_func(y_true, y_pred, **kwargs)
           ^^^^^^^^^^^^^^^^^^^^^^^^^^^^^^^^^^^^^^^^^
  File "E:\Sprint04\venv\Lib\site-packages\sklearn\utils\_param_validation.py", line 213, in wrapper
    return func(*args, **kwargs)
           ^^^^^^^^^^^^^^^^^^^^^
  File "E:\Sprint04\venv\Lib\site-packages\sklearn\metrics\_ranking.py", line 634, in roc_auc_score
    return _multiclass_roc_auc_score(
           ^^^^^^^^^^^^^^^^^^^^^^^^^^
  File "E:\Sprint04\venv\Lib\site-packages\sklearn\metrics\_ranking.py", line 707, in _multiclass_roc_auc_score
    raise ValueError(
ValueError: Target scores need to be probabilities for multiclass roc_auc, i.e. they should sum up to 1.0 over classes

  warnings.warn(

2025-12-09 08:56:58,489:WARNING:E:\Sprint04\venv\Lib\site-packages\pycaret\internal\metrics.py:204: FitFailedWarning: Metric 'make_scorer(roc_auc_score, response_method=('decision_function', 'predict_proba'), average=weighted, multi_class=ovr)' failed and error score 0.0 has been returned instead. If this is a custom metric, this usually means that the error is in the metric code. Full exception below:
Traceback (most recent call last):
  File "E:\Sprint04\venv\Lib\site-packages\pycaret\internal\metrics.py", line 196, in _score
    return super()._score(
           ^^^^^^^^^^^^^^^
  File "E:\Sprint04\venv\Lib\site-packages\sklearn\metrics\_scorer.py", line 350, in _score
    return self._sign * self._score_func(y_true, y_pred, **scoring_kwargs)
                        ^^^^^^^^^^^^^^^^^^^^^^^^^^^^^^^^^^^^^^^^^^^^^^^^^^
  File "E:\Sprint04\venv\Lib\site-packages\pycaret\internal\metrics.py", line 144, in __call__
    return self.score_func(y_true, y_pred, **kwargs)
           ^^^^^^^^^^^^^^^^^^^^^^^^^^^^^^^^^^^^^^^^^
  File "E:\Sprint04\venv\Lib\site-packages\sklearn\utils\_param_validation.py", line 213, in wrapper
    return func(*args, **kwargs)
           ^^^^^^^^^^^^^^^^^^^^^
  File "E:\Sprint04\venv\Lib\site-packages\sklearn\metrics\_ranking.py", line 634, in roc_auc_score
    return _multiclass_roc_auc_score(
           ^^^^^^^^^^^^^^^^^^^^^^^^^^
  File "E:\Sprint04\venv\Lib\site-packages\sklearn\metrics\_ranking.py", line 707, in _multiclass_roc_auc_score
    raise ValueError(
ValueError: Target scores need to be probabilities for multiclass roc_auc, i.e. they should sum up to 1.0 over classes

  warnings.warn(

2025-12-09 08:56:58,506:WARNING:E:\Sprint04\venv\Lib\site-packages\pycaret\internal\metrics.py:204: FitFailedWarning: Metric 'make_scorer(roc_auc_score, response_method=('decision_function', 'predict_proba'), average=weighted, multi_class=ovr)' failed and error score 0.0 has been returned instead. If this is a custom metric, this usually means that the error is in the metric code. Full exception below:
Traceback (most recent call last):
  File "E:\Sprint04\venv\Lib\site-packages\pycaret\internal\metrics.py", line 196, in _score
    return super()._score(
           ^^^^^^^^^^^^^^^
  File "E:\Sprint04\venv\Lib\site-packages\sklearn\metrics\_scorer.py", line 350, in _score
    return self._sign * self._score_func(y_true, y_pred, **scoring_kwargs)
                        ^^^^^^^^^^^^^^^^^^^^^^^^^^^^^^^^^^^^^^^^^^^^^^^^^^
  File "E:\Sprint04\venv\Lib\site-packages\pycaret\internal\metrics.py", line 144, in __call__
    return self.score_func(y_true, y_pred, **kwargs)
           ^^^^^^^^^^^^^^^^^^^^^^^^^^^^^^^^^^^^^^^^^
  File "E:\Sprint04\venv\Lib\site-packages\sklearn\utils\_param_validation.py", line 213, in wrapper
    return func(*args, **kwargs)
           ^^^^^^^^^^^^^^^^^^^^^
  File "E:\Sprint04\venv\Lib\site-packages\sklearn\metrics\_ranking.py", line 634, in roc_auc_score
    return _multiclass_roc_auc_score(
           ^^^^^^^^^^^^^^^^^^^^^^^^^^
  File "E:\Sprint04\venv\Lib\site-packages\sklearn\metrics\_ranking.py", line 707, in _multiclass_roc_auc_score
    raise ValueError(
ValueError: Target scores need to be probabilities for multiclass roc_auc, i.e. they should sum up to 1.0 over classes

  warnings.warn(

2025-12-09 08:56:58,557:WARNING:E:\Sprint04\venv\Lib\site-packages\pycaret\internal\metrics.py:204: FitFailedWarning: Metric 'make_scorer(roc_auc_score, response_method=('decision_function', 'predict_proba'), average=weighted, multi_class=ovr)' failed and error score 0.0 has been returned instead. If this is a custom metric, this usually means that the error is in the metric code. Full exception below:
Traceback (most recent call last):
  File "E:\Sprint04\venv\Lib\site-packages\pycaret\internal\metrics.py", line 196, in _score
    return super()._score(
           ^^^^^^^^^^^^^^^
  File "E:\Sprint04\venv\Lib\site-packages\sklearn\metrics\_scorer.py", line 350, in _score
    return self._sign * self._score_func(y_true, y_pred, **scoring_kwargs)
                        ^^^^^^^^^^^^^^^^^^^^^^^^^^^^^^^^^^^^^^^^^^^^^^^^^^
  File "E:\Sprint04\venv\Lib\site-packages\pycaret\internal\metrics.py", line 144, in __call__
    return self.score_func(y_true, y_pred, **kwargs)
           ^^^^^^^^^^^^^^^^^^^^^^^^^^^^^^^^^^^^^^^^^
  File "E:\Sprint04\venv\Lib\site-packages\sklearn\utils\_param_validation.py", line 213, in wrapper
    return func(*args, **kwargs)
           ^^^^^^^^^^^^^^^^^^^^^
  File "E:\Sprint04\venv\Lib\site-packages\sklearn\metrics\_ranking.py", line 634, in roc_auc_score
    return _multiclass_roc_auc_score(
           ^^^^^^^^^^^^^^^^^^^^^^^^^^
  File "E:\Sprint04\venv\Lib\site-packages\sklearn\metrics\_ranking.py", line 707, in _multiclass_roc_auc_score
    raise ValueError(
ValueError: Target scores need to be probabilities for multiclass roc_auc, i.e. they should sum up to 1.0 over classes

  warnings.warn(

2025-12-09 08:56:58,608:WARNING:E:\Sprint04\venv\Lib\site-packages\sklearn\ensemble\_weight_boosting.py:519: FutureWarning: The SAMME.R algorithm (the default) is deprecated and will be removed in 1.6. Use the SAMME algorithm to circumvent this warning.
  warnings.warn(

2025-12-09 08:56:58,641:WARNING:E:\Sprint04\venv\Lib\site-packages\sklearn\ensemble\_weight_boosting.py:519: FutureWarning: The SAMME.R algorithm (the default) is deprecated and will be removed in 1.6. Use the SAMME algorithm to circumvent this warning.
  warnings.warn(

2025-12-09 08:56:59,063:WARNING:E:\Sprint04\venv\Lib\site-packages\pycaret\internal\metrics.py:204: FitFailedWarning: Metric 'make_scorer(roc_auc_score, response_method=('decision_function', 'predict_proba'), average=weighted, multi_class=ovr)' failed and error score 0.0 has been returned instead. If this is a custom metric, this usually means that the error is in the metric code. Full exception below:
Traceback (most recent call last):
  File "E:\Sprint04\venv\Lib\site-packages\pycaret\internal\metrics.py", line 196, in _score
    return super()._score(
           ^^^^^^^^^^^^^^^
  File "E:\Sprint04\venv\Lib\site-packages\sklearn\metrics\_scorer.py", line 350, in _score
    return self._sign * self._score_func(y_true, y_pred, **scoring_kwargs)
                        ^^^^^^^^^^^^^^^^^^^^^^^^^^^^^^^^^^^^^^^^^^^^^^^^^^
  File "E:\Sprint04\venv\Lib\site-packages\pycaret\internal\metrics.py", line 144, in __call__
    return self.score_func(y_true, y_pred, **kwargs)
           ^^^^^^^^^^^^^^^^^^^^^^^^^^^^^^^^^^^^^^^^^
  File "E:\Sprint04\venv\Lib\site-packages\sklearn\utils\_param_validation.py", line 213, in wrapper
    return func(*args, **kwargs)
           ^^^^^^^^^^^^^^^^^^^^^
  File "E:\Sprint04\venv\Lib\site-packages\sklearn\metrics\_ranking.py", line 634, in roc_auc_score
    return _multiclass_roc_auc_score(
           ^^^^^^^^^^^^^^^^^^^^^^^^^^
  File "E:\Sprint04\venv\Lib\site-packages\sklearn\metrics\_ranking.py", line 707, in _multiclass_roc_auc_score
    raise ValueError(
ValueError: Target scores need to be probabilities for multiclass roc_auc, i.e. they should sum up to 1.0 over classes

  warnings.warn(

2025-12-09 08:56:59,093:WARNING:E:\Sprint04\venv\Lib\site-packages\pycaret\internal\metrics.py:204: FitFailedWarning: Metric 'make_scorer(roc_auc_score, response_method=('decision_function', 'predict_proba'), average=weighted, multi_class=ovr)' failed and error score 0.0 has been returned instead. If this is a custom metric, this usually means that the error is in the metric code. Full exception below:
Traceback (most recent call last):
  File "E:\Sprint04\venv\Lib\site-packages\pycaret\internal\metrics.py", line 196, in _score
    return super()._score(
           ^^^^^^^^^^^^^^^
  File "E:\Sprint04\venv\Lib\site-packages\sklearn\metrics\_scorer.py", line 350, in _score
    return self._sign * self._score_func(y_true, y_pred, **scoring_kwargs)
                        ^^^^^^^^^^^^^^^^^^^^^^^^^^^^^^^^^^^^^^^^^^^^^^^^^^
  File "E:\Sprint04\venv\Lib\site-packages\pycaret\internal\metrics.py", line 144, in __call__
    return self.score_func(y_true, y_pred, **kwargs)
           ^^^^^^^^^^^^^^^^^^^^^^^^^^^^^^^^^^^^^^^^^
  File "E:\Sprint04\venv\Lib\site-packages\sklearn\utils\_param_validation.py", line 213, in wrapper
    return func(*args, **kwargs)
           ^^^^^^^^^^^^^^^^^^^^^
  File "E:\Sprint04\venv\Lib\site-packages\sklearn\metrics\_ranking.py", line 634, in roc_auc_score
    return _multiclass_roc_auc_score(
           ^^^^^^^^^^^^^^^^^^^^^^^^^^
  File "E:\Sprint04\venv\Lib\site-packages\sklearn\metrics\_ranking.py", line 707, in _multiclass_roc_auc_score
    raise ValueError(
ValueError: Target scores need to be probabilities for multiclass roc_auc, i.e. they should sum up to 1.0 over classes

  warnings.warn(

2025-12-09 08:56:59,130:INFO:Calculating mean and std
2025-12-09 08:56:59,131:INFO:Creating metrics dataframe
2025-12-09 08:56:59,134:INFO:Uploading results into container
2025-12-09 08:56:59,135:INFO:Uploading model into container now
2025-12-09 08:56:59,135:INFO:_master_model_container: 9
2025-12-09 08:56:59,135:INFO:_display_container: 2
2025-12-09 08:56:59,135:INFO:AdaBoostClassifier(random_state=789)
2025-12-09 08:56:59,135:INFO:create_model() successfully completed......................................
2025-12-09 08:56:59,384:INFO:SubProcess create_model() end ==================================
2025-12-09 08:56:59,384:INFO:Creating metrics dataframe
2025-12-09 08:56:59,392:INFO:Initializing Gradient Boosting Classifier
2025-12-09 08:56:59,392:INFO:Total runtime is 0.28183156649271646 minutes
2025-12-09 08:56:59,392:INFO:SubProcess create_model() called ==================================
2025-12-09 08:56:59,392:INFO:Initializing create_model()
2025-12-09 08:56:59,393:INFO:create_model(self=<pycaret.classification.oop.ClassificationExperiment object at 0x0000013079CCDFD0>, estimator=gbc, fold=StratifiedKFold(n_splits=10, random_state=None, shuffle=False), round=4, cross_validation=True, predict=True, fit_kwargs={}, groups=None, refit=False, probability_threshold=None, experiment_custom_tags=None, verbose=False, system=False, add_to_model_list=True, metrics=None, display=<pycaret.internal.display.display.CommonDisplay object at 0x0000013079DB6F50>, model_only=True, return_train_score=False, error_score=0.0, kwargs={})
2025-12-09 08:56:59,393:INFO:Checking exceptions
2025-12-09 08:56:59,393:INFO:Importing libraries
2025-12-09 08:56:59,393:INFO:Copying training dataset
2025-12-09 08:56:59,398:INFO:Defining folds
2025-12-09 08:56:59,398:INFO:Declaring metric variables
2025-12-09 08:56:59,399:INFO:Importing untrained model
2025-12-09 08:56:59,399:INFO:Gradient Boosting Classifier Imported successfully
2025-12-09 08:56:59,399:INFO:Starting cross validation
2025-12-09 08:56:59,401:INFO:Cross validating with StratifiedKFold(n_splits=10, random_state=None, shuffle=False), n_jobs=-1
2025-12-09 08:56:59,903:WARNING:E:\Sprint04\venv\Lib\site-packages\pycaret\internal\metrics.py:204: FitFailedWarning: Metric 'make_scorer(roc_auc_score, response_method=('decision_function', 'predict_proba'), average=weighted, multi_class=ovr)' failed and error score 0.0 has been returned instead. If this is a custom metric, this usually means that the error is in the metric code. Full exception below:
Traceback (most recent call last):
  File "E:\Sprint04\venv\Lib\site-packages\pycaret\internal\metrics.py", line 196, in _score
    return super()._score(
           ^^^^^^^^^^^^^^^
  File "E:\Sprint04\venv\Lib\site-packages\sklearn\metrics\_scorer.py", line 350, in _score
    return self._sign * self._score_func(y_true, y_pred, **scoring_kwargs)
                        ^^^^^^^^^^^^^^^^^^^^^^^^^^^^^^^^^^^^^^^^^^^^^^^^^^
  File "E:\Sprint04\venv\Lib\site-packages\pycaret\internal\metrics.py", line 144, in __call__
    return self.score_func(y_true, y_pred, **kwargs)
           ^^^^^^^^^^^^^^^^^^^^^^^^^^^^^^^^^^^^^^^^^
  File "E:\Sprint04\venv\Lib\site-packages\sklearn\utils\_param_validation.py", line 213, in wrapper
    return func(*args, **kwargs)
           ^^^^^^^^^^^^^^^^^^^^^
  File "E:\Sprint04\venv\Lib\site-packages\sklearn\metrics\_ranking.py", line 634, in roc_auc_score
    return _multiclass_roc_auc_score(
           ^^^^^^^^^^^^^^^^^^^^^^^^^^
  File "E:\Sprint04\venv\Lib\site-packages\sklearn\metrics\_ranking.py", line 707, in _multiclass_roc_auc_score
    raise ValueError(
ValueError: Target scores need to be probabilities for multiclass roc_auc, i.e. they should sum up to 1.0 over classes

  warnings.warn(

2025-12-09 08:56:59,914:WARNING:E:\Sprint04\venv\Lib\site-packages\pycaret\internal\metrics.py:204: FitFailedWarning: Metric 'make_scorer(roc_auc_score, response_method=('decision_function', 'predict_proba'), average=weighted, multi_class=ovr)' failed and error score 0.0 has been returned instead. If this is a custom metric, this usually means that the error is in the metric code. Full exception below:
Traceback (most recent call last):
  File "E:\Sprint04\venv\Lib\site-packages\pycaret\internal\metrics.py", line 196, in _score
    return super()._score(
           ^^^^^^^^^^^^^^^
  File "E:\Sprint04\venv\Lib\site-packages\sklearn\metrics\_scorer.py", line 350, in _score
    return self._sign * self._score_func(y_true, y_pred, **scoring_kwargs)
                        ^^^^^^^^^^^^^^^^^^^^^^^^^^^^^^^^^^^^^^^^^^^^^^^^^^
  File "E:\Sprint04\venv\Lib\site-packages\pycaret\internal\metrics.py", line 144, in __call__
    return self.score_func(y_true, y_pred, **kwargs)
           ^^^^^^^^^^^^^^^^^^^^^^^^^^^^^^^^^^^^^^^^^
  File "E:\Sprint04\venv\Lib\site-packages\sklearn\utils\_param_validation.py", line 213, in wrapper
    return func(*args, **kwargs)
           ^^^^^^^^^^^^^^^^^^^^^
  File "E:\Sprint04\venv\Lib\site-packages\sklearn\metrics\_ranking.py", line 634, in roc_auc_score
    return _multiclass_roc_auc_score(
           ^^^^^^^^^^^^^^^^^^^^^^^^^^
  File "E:\Sprint04\venv\Lib\site-packages\sklearn\metrics\_ranking.py", line 707, in _multiclass_roc_auc_score
    raise ValueError(
ValueError: Target scores need to be probabilities for multiclass roc_auc, i.e. they should sum up to 1.0 over classes

  warnings.warn(

2025-12-09 08:56:59,933:WARNING:E:\Sprint04\venv\Lib\site-packages\pycaret\internal\metrics.py:204: FitFailedWarning: Metric 'make_scorer(roc_auc_score, response_method=('decision_function', 'predict_proba'), average=weighted, multi_class=ovr)' failed and error score 0.0 has been returned instead. If this is a custom metric, this usually means that the error is in the metric code. Full exception below:
Traceback (most recent call last):
  File "E:\Sprint04\venv\Lib\site-packages\pycaret\internal\metrics.py", line 196, in _score
    return super()._score(
           ^^^^^^^^^^^^^^^
  File "E:\Sprint04\venv\Lib\site-packages\sklearn\metrics\_scorer.py", line 350, in _score
    return self._sign * self._score_func(y_true, y_pred, **scoring_kwargs)
                        ^^^^^^^^^^^^^^^^^^^^^^^^^^^^^^^^^^^^^^^^^^^^^^^^^^
  File "E:\Sprint04\venv\Lib\site-packages\pycaret\internal\metrics.py", line 144, in __call__
    return self.score_func(y_true, y_pred, **kwargs)
           ^^^^^^^^^^^^^^^^^^^^^^^^^^^^^^^^^^^^^^^^^
  File "E:\Sprint04\venv\Lib\site-packages\sklearn\utils\_param_validation.py", line 213, in wrapper
    return func(*args, **kwargs)
           ^^^^^^^^^^^^^^^^^^^^^
  File "E:\Sprint04\venv\Lib\site-packages\sklearn\metrics\_ranking.py", line 634, in roc_auc_score
    return _multiclass_roc_auc_score(
           ^^^^^^^^^^^^^^^^^^^^^^^^^^
  File "E:\Sprint04\venv\Lib\site-packages\sklearn\metrics\_ranking.py", line 707, in _multiclass_roc_auc_score
    raise ValueError(
ValueError: Target scores need to be probabilities for multiclass roc_auc, i.e. they should sum up to 1.0 over classes

  warnings.warn(

2025-12-09 08:56:59,937:WARNING:E:\Sprint04\venv\Lib\site-packages\pycaret\internal\metrics.py:204: FitFailedWarning: Metric 'make_scorer(roc_auc_score, response_method=('decision_function', 'predict_proba'), average=weighted, multi_class=ovr)' failed and error score 0.0 has been returned instead. If this is a custom metric, this usually means that the error is in the metric code. Full exception below:
Traceback (most recent call last):
  File "E:\Sprint04\venv\Lib\site-packages\pycaret\internal\metrics.py", line 196, in _score
    return super()._score(
           ^^^^^^^^^^^^^^^
  File "E:\Sprint04\venv\Lib\site-packages\sklearn\metrics\_scorer.py", line 350, in _score
    return self._sign * self._score_func(y_true, y_pred, **scoring_kwargs)
                        ^^^^^^^^^^^^^^^^^^^^^^^^^^^^^^^^^^^^^^^^^^^^^^^^^^
  File "E:\Sprint04\venv\Lib\site-packages\pycaret\internal\metrics.py", line 144, in __call__
    return self.score_func(y_true, y_pred, **kwargs)
           ^^^^^^^^^^^^^^^^^^^^^^^^^^^^^^^^^^^^^^^^^
  File "E:\Sprint04\venv\Lib\site-packages\sklearn\utils\_param_validation.py", line 213, in wrapper
    return func(*args, **kwargs)
           ^^^^^^^^^^^^^^^^^^^^^
  File "E:\Sprint04\venv\Lib\site-packages\sklearn\metrics\_ranking.py", line 634, in roc_auc_score
    return _multiclass_roc_auc_score(
           ^^^^^^^^^^^^^^^^^^^^^^^^^^
  File "E:\Sprint04\venv\Lib\site-packages\sklearn\metrics\_ranking.py", line 707, in _multiclass_roc_auc_score
    raise ValueError(
ValueError: Target scores need to be probabilities for multiclass roc_auc, i.e. they should sum up to 1.0 over classes

  warnings.warn(

2025-12-09 08:57:00,508:WARNING:E:\Sprint04\venv\Lib\site-packages\pycaret\internal\metrics.py:204: FitFailedWarning: Metric 'make_scorer(roc_auc_score, response_method=('decision_function', 'predict_proba'), average=weighted, multi_class=ovr)' failed and error score 0.0 has been returned instead. If this is a custom metric, this usually means that the error is in the metric code. Full exception below:
Traceback (most recent call last):
  File "E:\Sprint04\venv\Lib\site-packages\pycaret\internal\metrics.py", line 196, in _score
    return super()._score(
           ^^^^^^^^^^^^^^^
  File "E:\Sprint04\venv\Lib\site-packages\sklearn\metrics\_scorer.py", line 350, in _score
    return self._sign * self._score_func(y_true, y_pred, **scoring_kwargs)
                        ^^^^^^^^^^^^^^^^^^^^^^^^^^^^^^^^^^^^^^^^^^^^^^^^^^
  File "E:\Sprint04\venv\Lib\site-packages\pycaret\internal\metrics.py", line 144, in __call__
    return self.score_func(y_true, y_pred, **kwargs)
           ^^^^^^^^^^^^^^^^^^^^^^^^^^^^^^^^^^^^^^^^^
  File "E:\Sprint04\venv\Lib\site-packages\sklearn\utils\_param_validation.py", line 213, in wrapper
    return func(*args, **kwargs)
           ^^^^^^^^^^^^^^^^^^^^^
  File "E:\Sprint04\venv\Lib\site-packages\sklearn\metrics\_ranking.py", line 634, in roc_auc_score
    return _multiclass_roc_auc_score(
           ^^^^^^^^^^^^^^^^^^^^^^^^^^
  File "E:\Sprint04\venv\Lib\site-packages\sklearn\metrics\_ranking.py", line 707, in _multiclass_roc_auc_score
    raise ValueError(
ValueError: Target scores need to be probabilities for multiclass roc_auc, i.e. they should sum up to 1.0 over classes

  warnings.warn(

2025-12-09 08:57:00,515:WARNING:E:\Sprint04\venv\Lib\site-packages\pycaret\internal\metrics.py:204: FitFailedWarning: Metric 'make_scorer(roc_auc_score, response_method=('decision_function', 'predict_proba'), average=weighted, multi_class=ovr)' failed and error score 0.0 has been returned instead. If this is a custom metric, this usually means that the error is in the metric code. Full exception below:
Traceback (most recent call last):
  File "E:\Sprint04\venv\Lib\site-packages\pycaret\internal\metrics.py", line 196, in _score
    return super()._score(
           ^^^^^^^^^^^^^^^
  File "E:\Sprint04\venv\Lib\site-packages\sklearn\metrics\_scorer.py", line 350, in _score
    return self._sign * self._score_func(y_true, y_pred, **scoring_kwargs)
                        ^^^^^^^^^^^^^^^^^^^^^^^^^^^^^^^^^^^^^^^^^^^^^^^^^^
  File "E:\Sprint04\venv\Lib\site-packages\pycaret\internal\metrics.py", line 144, in __call__
    return self.score_func(y_true, y_pred, **kwargs)
           ^^^^^^^^^^^^^^^^^^^^^^^^^^^^^^^^^^^^^^^^^
  File "E:\Sprint04\venv\Lib\site-packages\sklearn\utils\_param_validation.py", line 213, in wrapper
    return func(*args, **kwargs)
           ^^^^^^^^^^^^^^^^^^^^^
  File "E:\Sprint04\venv\Lib\site-packages\sklearn\metrics\_ranking.py", line 634, in roc_auc_score
    return _multiclass_roc_auc_score(
           ^^^^^^^^^^^^^^^^^^^^^^^^^^
  File "E:\Sprint04\venv\Lib\site-packages\sklearn\metrics\_ranking.py", line 707, in _multiclass_roc_auc_score
    raise ValueError(
ValueError: Target scores need to be probabilities for multiclass roc_auc, i.e. they should sum up to 1.0 over classes

  warnings.warn(

2025-12-09 08:57:00,522:WARNING:E:\Sprint04\venv\Lib\site-packages\pycaret\internal\metrics.py:204: FitFailedWarning: Metric 'make_scorer(roc_auc_score, response_method=('decision_function', 'predict_proba'), average=weighted, multi_class=ovr)' failed and error score 0.0 has been returned instead. If this is a custom metric, this usually means that the error is in the metric code. Full exception below:
Traceback (most recent call last):
  File "E:\Sprint04\venv\Lib\site-packages\pycaret\internal\metrics.py", line 196, in _score
    return super()._score(
           ^^^^^^^^^^^^^^^
  File "E:\Sprint04\venv\Lib\site-packages\sklearn\metrics\_scorer.py", line 350, in _score
    return self._sign * self._score_func(y_true, y_pred, **scoring_kwargs)
                        ^^^^^^^^^^^^^^^^^^^^^^^^^^^^^^^^^^^^^^^^^^^^^^^^^^
  File "E:\Sprint04\venv\Lib\site-packages\pycaret\internal\metrics.py", line 144, in __call__
    return self.score_func(y_true, y_pred, **kwargs)
           ^^^^^^^^^^^^^^^^^^^^^^^^^^^^^^^^^^^^^^^^^
  File "E:\Sprint04\venv\Lib\site-packages\sklearn\utils\_param_validation.py", line 213, in wrapper
    return func(*args, **kwargs)
           ^^^^^^^^^^^^^^^^^^^^^
  File "E:\Sprint04\venv\Lib\site-packages\sklearn\metrics\_ranking.py", line 634, in roc_auc_score
    return _multiclass_roc_auc_score(
           ^^^^^^^^^^^^^^^^^^^^^^^^^^
  File "E:\Sprint04\venv\Lib\site-packages\sklearn\metrics\_ranking.py", line 707, in _multiclass_roc_auc_score
    raise ValueError(
ValueError: Target scores need to be probabilities for multiclass roc_auc, i.e. they should sum up to 1.0 over classes

  warnings.warn(

2025-12-09 08:57:00,538:WARNING:E:\Sprint04\venv\Lib\site-packages\pycaret\internal\metrics.py:204: FitFailedWarning: Metric 'make_scorer(roc_auc_score, response_method=('decision_function', 'predict_proba'), average=weighted, multi_class=ovr)' failed and error score 0.0 has been returned instead. If this is a custom metric, this usually means that the error is in the metric code. Full exception below:
Traceback (most recent call last):
  File "E:\Sprint04\venv\Lib\site-packages\pycaret\internal\metrics.py", line 196, in _score
    return super()._score(
           ^^^^^^^^^^^^^^^
  File "E:\Sprint04\venv\Lib\site-packages\sklearn\metrics\_scorer.py", line 350, in _score
    return self._sign * self._score_func(y_true, y_pred, **scoring_kwargs)
                        ^^^^^^^^^^^^^^^^^^^^^^^^^^^^^^^^^^^^^^^^^^^^^^^^^^
  File "E:\Sprint04\venv\Lib\site-packages\pycaret\internal\metrics.py", line 144, in __call__
    return self.score_func(y_true, y_pred, **kwargs)
           ^^^^^^^^^^^^^^^^^^^^^^^^^^^^^^^^^^^^^^^^^
  File "E:\Sprint04\venv\Lib\site-packages\sklearn\utils\_param_validation.py", line 213, in wrapper
    return func(*args, **kwargs)
           ^^^^^^^^^^^^^^^^^^^^^
  File "E:\Sprint04\venv\Lib\site-packages\sklearn\metrics\_ranking.py", line 634, in roc_auc_score
    return _multiclass_roc_auc_score(
           ^^^^^^^^^^^^^^^^^^^^^^^^^^
  File "E:\Sprint04\venv\Lib\site-packages\sklearn\metrics\_ranking.py", line 707, in _multiclass_roc_auc_score
    raise ValueError(
ValueError: Target scores need to be probabilities for multiclass roc_auc, i.e. they should sum up to 1.0 over classes

  warnings.warn(

2025-12-09 08:57:00,855:WARNING:E:\Sprint04\venv\Lib\site-packages\pycaret\internal\metrics.py:204: FitFailedWarning: Metric 'make_scorer(roc_auc_score, response_method=('decision_function', 'predict_proba'), average=weighted, multi_class=ovr)' failed and error score 0.0 has been returned instead. If this is a custom metric, this usually means that the error is in the metric code. Full exception below:
Traceback (most recent call last):
  File "E:\Sprint04\venv\Lib\site-packages\pycaret\internal\metrics.py", line 196, in _score
    return super()._score(
           ^^^^^^^^^^^^^^^
  File "E:\Sprint04\venv\Lib\site-packages\sklearn\metrics\_scorer.py", line 350, in _score
    return self._sign * self._score_func(y_true, y_pred, **scoring_kwargs)
                        ^^^^^^^^^^^^^^^^^^^^^^^^^^^^^^^^^^^^^^^^^^^^^^^^^^
  File "E:\Sprint04\venv\Lib\site-packages\pycaret\internal\metrics.py", line 144, in __call__
    return self.score_func(y_true, y_pred, **kwargs)
           ^^^^^^^^^^^^^^^^^^^^^^^^^^^^^^^^^^^^^^^^^
  File "E:\Sprint04\venv\Lib\site-packages\sklearn\utils\_param_validation.py", line 213, in wrapper
    return func(*args, **kwargs)
           ^^^^^^^^^^^^^^^^^^^^^
  File "E:\Sprint04\venv\Lib\site-packages\sklearn\metrics\_ranking.py", line 634, in roc_auc_score
    return _multiclass_roc_auc_score(
           ^^^^^^^^^^^^^^^^^^^^^^^^^^
  File "E:\Sprint04\venv\Lib\site-packages\sklearn\metrics\_ranking.py", line 707, in _multiclass_roc_auc_score
    raise ValueError(
ValueError: Target scores need to be probabilities for multiclass roc_auc, i.e. they should sum up to 1.0 over classes

  warnings.warn(

2025-12-09 08:57:00,860:WARNING:E:\Sprint04\venv\Lib\site-packages\pycaret\internal\metrics.py:204: FitFailedWarning: Metric 'make_scorer(roc_auc_score, response_method=('decision_function', 'predict_proba'), average=weighted, multi_class=ovr)' failed and error score 0.0 has been returned instead. If this is a custom metric, this usually means that the error is in the metric code. Full exception below:
Traceback (most recent call last):
  File "E:\Sprint04\venv\Lib\site-packages\pycaret\internal\metrics.py", line 196, in _score
    return super()._score(
           ^^^^^^^^^^^^^^^
  File "E:\Sprint04\venv\Lib\site-packages\sklearn\metrics\_scorer.py", line 350, in _score
    return self._sign * self._score_func(y_true, y_pred, **scoring_kwargs)
                        ^^^^^^^^^^^^^^^^^^^^^^^^^^^^^^^^^^^^^^^^^^^^^^^^^^
  File "E:\Sprint04\venv\Lib\site-packages\pycaret\internal\metrics.py", line 144, in __call__
    return self.score_func(y_true, y_pred, **kwargs)
           ^^^^^^^^^^^^^^^^^^^^^^^^^^^^^^^^^^^^^^^^^
  File "E:\Sprint04\venv\Lib\site-packages\sklearn\utils\_param_validation.py", line 213, in wrapper
    return func(*args, **kwargs)
           ^^^^^^^^^^^^^^^^^^^^^
  File "E:\Sprint04\venv\Lib\site-packages\sklearn\metrics\_ranking.py", line 634, in roc_auc_score
    return _multiclass_roc_auc_score(
           ^^^^^^^^^^^^^^^^^^^^^^^^^^
  File "E:\Sprint04\venv\Lib\site-packages\sklearn\metrics\_ranking.py", line 707, in _multiclass_roc_auc_score
    raise ValueError(
ValueError: Target scores need to be probabilities for multiclass roc_auc, i.e. they should sum up to 1.0 over classes

  warnings.warn(

2025-12-09 08:57:00,880:INFO:Calculating mean and std
2025-12-09 08:57:00,881:INFO:Creating metrics dataframe
2025-12-09 08:57:00,883:INFO:Uploading results into container
2025-12-09 08:57:00,883:INFO:Uploading model into container now
2025-12-09 08:57:00,884:INFO:_master_model_container: 10
2025-12-09 08:57:00,884:INFO:_display_container: 2
2025-12-09 08:57:00,884:INFO:GradientBoostingClassifier(random_state=789)
2025-12-09 08:57:00,885:INFO:create_model() successfully completed......................................
2025-12-09 08:57:01,063:INFO:SubProcess create_model() end ==================================
2025-12-09 08:57:01,064:INFO:Creating metrics dataframe
2025-12-09 08:57:01,067:INFO:Initializing Linear Discriminant Analysis
2025-12-09 08:57:01,067:INFO:Total runtime is 0.30974275668462115 minutes
2025-12-09 08:57:01,067:INFO:SubProcess create_model() called ==================================
2025-12-09 08:57:01,067:INFO:Initializing create_model()
2025-12-09 08:57:01,067:INFO:create_model(self=<pycaret.classification.oop.ClassificationExperiment object at 0x0000013079CCDFD0>, estimator=lda, fold=StratifiedKFold(n_splits=10, random_state=None, shuffle=False), round=4, cross_validation=True, predict=True, fit_kwargs={}, groups=None, refit=False, probability_threshold=None, experiment_custom_tags=None, verbose=False, system=False, add_to_model_list=True, metrics=None, display=<pycaret.internal.display.display.CommonDisplay object at 0x0000013079DB6F50>, model_only=True, return_train_score=False, error_score=0.0, kwargs={})
2025-12-09 08:57:01,067:INFO:Checking exceptions
2025-12-09 08:57:01,067:INFO:Importing libraries
2025-12-09 08:57:01,068:INFO:Copying training dataset
2025-12-09 08:57:01,074:INFO:Defining folds
2025-12-09 08:57:01,074:INFO:Declaring metric variables
2025-12-09 08:57:01,074:INFO:Importing untrained model
2025-12-09 08:57:01,074:INFO:Linear Discriminant Analysis Imported successfully
2025-12-09 08:57:01,075:INFO:Starting cross validation
2025-12-09 08:57:01,076:INFO:Cross validating with StratifiedKFold(n_splits=10, random_state=None, shuffle=False), n_jobs=-1
2025-12-09 08:57:01,166:WARNING:E:\Sprint04\venv\Lib\site-packages\pycaret\internal\metrics.py:204: FitFailedWarning: Metric 'make_scorer(roc_auc_score, response_method=('decision_function', 'predict_proba'), average=weighted, multi_class=ovr)' failed and error score 0.0 has been returned instead. If this is a custom metric, this usually means that the error is in the metric code. Full exception below:
Traceback (most recent call last):
  File "E:\Sprint04\venv\Lib\site-packages\pycaret\internal\metrics.py", line 196, in _score
    return super()._score(
           ^^^^^^^^^^^^^^^
  File "E:\Sprint04\venv\Lib\site-packages\sklearn\metrics\_scorer.py", line 350, in _score
    return self._sign * self._score_func(y_true, y_pred, **scoring_kwargs)
                        ^^^^^^^^^^^^^^^^^^^^^^^^^^^^^^^^^^^^^^^^^^^^^^^^^^
  File "E:\Sprint04\venv\Lib\site-packages\pycaret\internal\metrics.py", line 144, in __call__
    return self.score_func(y_true, y_pred, **kwargs)
           ^^^^^^^^^^^^^^^^^^^^^^^^^^^^^^^^^^^^^^^^^
  File "E:\Sprint04\venv\Lib\site-packages\sklearn\utils\_param_validation.py", line 213, in wrapper
    return func(*args, **kwargs)
           ^^^^^^^^^^^^^^^^^^^^^
  File "E:\Sprint04\venv\Lib\site-packages\sklearn\metrics\_ranking.py", line 634, in roc_auc_score
    return _multiclass_roc_auc_score(
           ^^^^^^^^^^^^^^^^^^^^^^^^^^
  File "E:\Sprint04\venv\Lib\site-packages\sklearn\metrics\_ranking.py", line 707, in _multiclass_roc_auc_score
    raise ValueError(
ValueError: Target scores need to be probabilities for multiclass roc_auc, i.e. they should sum up to 1.0 over classes

  warnings.warn(

2025-12-09 08:57:01,166:WARNING:E:\Sprint04\venv\Lib\site-packages\pycaret\internal\metrics.py:204: FitFailedWarning: Metric 'make_scorer(roc_auc_score, response_method=('decision_function', 'predict_proba'), average=weighted, multi_class=ovr)' failed and error score 0.0 has been returned instead. If this is a custom metric, this usually means that the error is in the metric code. Full exception below:
Traceback (most recent call last):
  File "E:\Sprint04\venv\Lib\site-packages\pycaret\internal\metrics.py", line 196, in _score
    return super()._score(
           ^^^^^^^^^^^^^^^
  File "E:\Sprint04\venv\Lib\site-packages\sklearn\metrics\_scorer.py", line 350, in _score
    return self._sign * self._score_func(y_true, y_pred, **scoring_kwargs)
                        ^^^^^^^^^^^^^^^^^^^^^^^^^^^^^^^^^^^^^^^^^^^^^^^^^^
  File "E:\Sprint04\venv\Lib\site-packages\pycaret\internal\metrics.py", line 144, in __call__
    return self.score_func(y_true, y_pred, **kwargs)
           ^^^^^^^^^^^^^^^^^^^^^^^^^^^^^^^^^^^^^^^^^
  File "E:\Sprint04\venv\Lib\site-packages\sklearn\utils\_param_validation.py", line 213, in wrapper
    return func(*args, **kwargs)
           ^^^^^^^^^^^^^^^^^^^^^
  File "E:\Sprint04\venv\Lib\site-packages\sklearn\metrics\_ranking.py", line 634, in roc_auc_score
    return _multiclass_roc_auc_score(
           ^^^^^^^^^^^^^^^^^^^^^^^^^^
  File "E:\Sprint04\venv\Lib\site-packages\sklearn\metrics\_ranking.py", line 707, in _multiclass_roc_auc_score
    raise ValueError(
ValueError: Target scores need to be probabilities for multiclass roc_auc, i.e. they should sum up to 1.0 over classes

  warnings.warn(

2025-12-09 08:57:01,169:WARNING:E:\Sprint04\venv\Lib\site-packages\pycaret\internal\metrics.py:204: FitFailedWarning: Metric 'make_scorer(roc_auc_score, response_method=('decision_function', 'predict_proba'), average=weighted, multi_class=ovr)' failed and error score 0.0 has been returned instead. If this is a custom metric, this usually means that the error is in the metric code. Full exception below:
Traceback (most recent call last):
  File "E:\Sprint04\venv\Lib\site-packages\pycaret\internal\metrics.py", line 196, in _score
    return super()._score(
           ^^^^^^^^^^^^^^^
  File "E:\Sprint04\venv\Lib\site-packages\sklearn\metrics\_scorer.py", line 350, in _score
    return self._sign * self._score_func(y_true, y_pred, **scoring_kwargs)
                        ^^^^^^^^^^^^^^^^^^^^^^^^^^^^^^^^^^^^^^^^^^^^^^^^^^
  File "E:\Sprint04\venv\Lib\site-packages\pycaret\internal\metrics.py", line 144, in __call__
    return self.score_func(y_true, y_pred, **kwargs)
           ^^^^^^^^^^^^^^^^^^^^^^^^^^^^^^^^^^^^^^^^^
  File "E:\Sprint04\venv\Lib\site-packages\sklearn\utils\_param_validation.py", line 213, in wrapper
    return func(*args, **kwargs)
           ^^^^^^^^^^^^^^^^^^^^^
  File "E:\Sprint04\venv\Lib\site-packages\sklearn\metrics\_ranking.py", line 634, in roc_auc_score
    return _multiclass_roc_auc_score(
           ^^^^^^^^^^^^^^^^^^^^^^^^^^
  File "E:\Sprint04\venv\Lib\site-packages\sklearn\metrics\_ranking.py", line 707, in _multiclass_roc_auc_score
    raise ValueError(
ValueError: Target scores need to be probabilities for multiclass roc_auc, i.e. they should sum up to 1.0 over classes

  warnings.warn(

2025-12-09 08:57:01,203:WARNING:E:\Sprint04\venv\Lib\site-packages\pycaret\internal\metrics.py:204: FitFailedWarning: Metric 'make_scorer(roc_auc_score, response_method=('decision_function', 'predict_proba'), average=weighted, multi_class=ovr)' failed and error score 0.0 has been returned instead. If this is a custom metric, this usually means that the error is in the metric code. Full exception below:
Traceback (most recent call last):
  File "E:\Sprint04\venv\Lib\site-packages\pycaret\internal\metrics.py", line 196, in _score
    return super()._score(
           ^^^^^^^^^^^^^^^
  File "E:\Sprint04\venv\Lib\site-packages\sklearn\metrics\_scorer.py", line 350, in _score
    return self._sign * self._score_func(y_true, y_pred, **scoring_kwargs)
                        ^^^^^^^^^^^^^^^^^^^^^^^^^^^^^^^^^^^^^^^^^^^^^^^^^^
  File "E:\Sprint04\venv\Lib\site-packages\pycaret\internal\metrics.py", line 144, in __call__
    return self.score_func(y_true, y_pred, **kwargs)
           ^^^^^^^^^^^^^^^^^^^^^^^^^^^^^^^^^^^^^^^^^
  File "E:\Sprint04\venv\Lib\site-packages\sklearn\utils\_param_validation.py", line 213, in wrapper
    return func(*args, **kwargs)
           ^^^^^^^^^^^^^^^^^^^^^
  File "E:\Sprint04\venv\Lib\site-packages\sklearn\metrics\_ranking.py", line 634, in roc_auc_score
    return _multiclass_roc_auc_score(
           ^^^^^^^^^^^^^^^^^^^^^^^^^^
  File "E:\Sprint04\venv\Lib\site-packages\sklearn\metrics\_ranking.py", line 707, in _multiclass_roc_auc_score
    raise ValueError(
ValueError: Target scores need to be probabilities for multiclass roc_auc, i.e. they should sum up to 1.0 over classes

  warnings.warn(

2025-12-09 08:57:01,254:WARNING:E:\Sprint04\venv\Lib\site-packages\pycaret\internal\metrics.py:204: FitFailedWarning: Metric 'make_scorer(roc_auc_score, response_method=('decision_function', 'predict_proba'), average=weighted, multi_class=ovr)' failed and error score 0.0 has been returned instead. If this is a custom metric, this usually means that the error is in the metric code. Full exception below:
Traceback (most recent call last):
  File "E:\Sprint04\venv\Lib\site-packages\pycaret\internal\metrics.py", line 196, in _score
    return super()._score(
           ^^^^^^^^^^^^^^^
  File "E:\Sprint04\venv\Lib\site-packages\sklearn\metrics\_scorer.py", line 350, in _score
    return self._sign * self._score_func(y_true, y_pred, **scoring_kwargs)
                        ^^^^^^^^^^^^^^^^^^^^^^^^^^^^^^^^^^^^^^^^^^^^^^^^^^
  File "E:\Sprint04\venv\Lib\site-packages\pycaret\internal\metrics.py", line 144, in __call__
    return self.score_func(y_true, y_pred, **kwargs)
           ^^^^^^^^^^^^^^^^^^^^^^^^^^^^^^^^^^^^^^^^^
  File "E:\Sprint04\venv\Lib\site-packages\sklearn\utils\_param_validation.py", line 213, in wrapper
    return func(*args, **kwargs)
           ^^^^^^^^^^^^^^^^^^^^^
  File "E:\Sprint04\venv\Lib\site-packages\sklearn\metrics\_ranking.py", line 634, in roc_auc_score
    return _multiclass_roc_auc_score(
           ^^^^^^^^^^^^^^^^^^^^^^^^^^
  File "E:\Sprint04\venv\Lib\site-packages\sklearn\metrics\_ranking.py", line 707, in _multiclass_roc_auc_score
    raise ValueError(
ValueError: Target scores need to be probabilities for multiclass roc_auc, i.e. they should sum up to 1.0 over classes

  warnings.warn(

2025-12-09 08:57:01,265:WARNING:E:\Sprint04\venv\Lib\site-packages\pycaret\internal\metrics.py:204: FitFailedWarning: Metric 'make_scorer(roc_auc_score, response_method=('decision_function', 'predict_proba'), average=weighted, multi_class=ovr)' failed and error score 0.0 has been returned instead. If this is a custom metric, this usually means that the error is in the metric code. Full exception below:
Traceback (most recent call last):
  File "E:\Sprint04\venv\Lib\site-packages\pycaret\internal\metrics.py", line 196, in _score
    return super()._score(
           ^^^^^^^^^^^^^^^
  File "E:\Sprint04\venv\Lib\site-packages\sklearn\metrics\_scorer.py", line 350, in _score
    return self._sign * self._score_func(y_true, y_pred, **scoring_kwargs)
                        ^^^^^^^^^^^^^^^^^^^^^^^^^^^^^^^^^^^^^^^^^^^^^^^^^^
  File "E:\Sprint04\venv\Lib\site-packages\pycaret\internal\metrics.py", line 144, in __call__
    return self.score_func(y_true, y_pred, **kwargs)
           ^^^^^^^^^^^^^^^^^^^^^^^^^^^^^^^^^^^^^^^^^
  File "E:\Sprint04\venv\Lib\site-packages\sklearn\utils\_param_validation.py", line 213, in wrapper
    return func(*args, **kwargs)
           ^^^^^^^^^^^^^^^^^^^^^
  File "E:\Sprint04\venv\Lib\site-packages\sklearn\metrics\_ranking.py", line 634, in roc_auc_score
    return _multiclass_roc_auc_score(
           ^^^^^^^^^^^^^^^^^^^^^^^^^^
  File "E:\Sprint04\venv\Lib\site-packages\sklearn\metrics\_ranking.py", line 707, in _multiclass_roc_auc_score
    raise ValueError(
ValueError: Target scores need to be probabilities for multiclass roc_auc, i.e. they should sum up to 1.0 over classes

  warnings.warn(

2025-12-09 08:57:01,272:WARNING:E:\Sprint04\venv\Lib\site-packages\sklearn\metrics\_classification.py:1509: UndefinedMetricWarning: Precision is ill-defined and being set to 0.0 in labels with no predicted samples. Use `zero_division` parameter to control this behavior.
  _warn_prf(average, modifier, f"{metric.capitalize()} is", len(result))

2025-12-09 08:57:01,285:WARNING:E:\Sprint04\venv\Lib\site-packages\pycaret\internal\metrics.py:204: FitFailedWarning: Metric 'make_scorer(roc_auc_score, response_method=('decision_function', 'predict_proba'), average=weighted, multi_class=ovr)' failed and error score 0.0 has been returned instead. If this is a custom metric, this usually means that the error is in the metric code. Full exception below:
Traceback (most recent call last):
  File "E:\Sprint04\venv\Lib\site-packages\pycaret\internal\metrics.py", line 196, in _score
    return super()._score(
           ^^^^^^^^^^^^^^^
  File "E:\Sprint04\venv\Lib\site-packages\sklearn\metrics\_scorer.py", line 350, in _score
    return self._sign * self._score_func(y_true, y_pred, **scoring_kwargs)
                        ^^^^^^^^^^^^^^^^^^^^^^^^^^^^^^^^^^^^^^^^^^^^^^^^^^
  File "E:\Sprint04\venv\Lib\site-packages\pycaret\internal\metrics.py", line 144, in __call__
    return self.score_func(y_true, y_pred, **kwargs)
           ^^^^^^^^^^^^^^^^^^^^^^^^^^^^^^^^^^^^^^^^^
  File "E:\Sprint04\venv\Lib\site-packages\sklearn\utils\_param_validation.py", line 213, in wrapper
    return func(*args, **kwargs)
           ^^^^^^^^^^^^^^^^^^^^^
  File "E:\Sprint04\venv\Lib\site-packages\sklearn\metrics\_ranking.py", line 634, in roc_auc_score
    return _multiclass_roc_auc_score(
           ^^^^^^^^^^^^^^^^^^^^^^^^^^
  File "E:\Sprint04\venv\Lib\site-packages\sklearn\metrics\_ranking.py", line 707, in _multiclass_roc_auc_score
    raise ValueError(
ValueError: Target scores need to be probabilities for multiclass roc_auc, i.e. they should sum up to 1.0 over classes

  warnings.warn(

2025-12-09 08:57:01,302:WARNING:E:\Sprint04\venv\Lib\site-packages\pycaret\internal\metrics.py:204: FitFailedWarning: Metric 'make_scorer(roc_auc_score, response_method=('decision_function', 'predict_proba'), average=weighted, multi_class=ovr)' failed and error score 0.0 has been returned instead. If this is a custom metric, this usually means that the error is in the metric code. Full exception below:
Traceback (most recent call last):
  File "E:\Sprint04\venv\Lib\site-packages\pycaret\internal\metrics.py", line 196, in _score
    return super()._score(
           ^^^^^^^^^^^^^^^
  File "E:\Sprint04\venv\Lib\site-packages\sklearn\metrics\_scorer.py", line 350, in _score
    return self._sign * self._score_func(y_true, y_pred, **scoring_kwargs)
                        ^^^^^^^^^^^^^^^^^^^^^^^^^^^^^^^^^^^^^^^^^^^^^^^^^^
  File "E:\Sprint04\venv\Lib\site-packages\pycaret\internal\metrics.py", line 144, in __call__
    return self.score_func(y_true, y_pred, **kwargs)
           ^^^^^^^^^^^^^^^^^^^^^^^^^^^^^^^^^^^^^^^^^
  File "E:\Sprint04\venv\Lib\site-packages\sklearn\utils\_param_validation.py", line 213, in wrapper
    return func(*args, **kwargs)
           ^^^^^^^^^^^^^^^^^^^^^
  File "E:\Sprint04\venv\Lib\site-packages\sklearn\metrics\_ranking.py", line 634, in roc_auc_score
    return _multiclass_roc_auc_score(
           ^^^^^^^^^^^^^^^^^^^^^^^^^^
  File "E:\Sprint04\venv\Lib\site-packages\sklearn\metrics\_ranking.py", line 707, in _multiclass_roc_auc_score
    raise ValueError(
ValueError: Target scores need to be probabilities for multiclass roc_auc, i.e. they should sum up to 1.0 over classes

  warnings.warn(

2025-12-09 08:57:01,343:WARNING:E:\Sprint04\venv\Lib\site-packages\pycaret\internal\metrics.py:204: FitFailedWarning: Metric 'make_scorer(roc_auc_score, response_method=('decision_function', 'predict_proba'), average=weighted, multi_class=ovr)' failed and error score 0.0 has been returned instead. If this is a custom metric, this usually means that the error is in the metric code. Full exception below:
Traceback (most recent call last):
  File "E:\Sprint04\venv\Lib\site-packages\pycaret\internal\metrics.py", line 196, in _score
    return super()._score(
           ^^^^^^^^^^^^^^^
  File "E:\Sprint04\venv\Lib\site-packages\sklearn\metrics\_scorer.py", line 350, in _score
    return self._sign * self._score_func(y_true, y_pred, **scoring_kwargs)
                        ^^^^^^^^^^^^^^^^^^^^^^^^^^^^^^^^^^^^^^^^^^^^^^^^^^
  File "E:\Sprint04\venv\Lib\site-packages\pycaret\internal\metrics.py", line 144, in __call__
    return self.score_func(y_true, y_pred, **kwargs)
           ^^^^^^^^^^^^^^^^^^^^^^^^^^^^^^^^^^^^^^^^^
  File "E:\Sprint04\venv\Lib\site-packages\sklearn\utils\_param_validation.py", line 213, in wrapper
    return func(*args, **kwargs)
           ^^^^^^^^^^^^^^^^^^^^^
  File "E:\Sprint04\venv\Lib\site-packages\sklearn\metrics\_ranking.py", line 634, in roc_auc_score
    return _multiclass_roc_auc_score(
           ^^^^^^^^^^^^^^^^^^^^^^^^^^
  File "E:\Sprint04\venv\Lib\site-packages\sklearn\metrics\_ranking.py", line 707, in _multiclass_roc_auc_score
    raise ValueError(
ValueError: Target scores need to be probabilities for multiclass roc_auc, i.e. they should sum up to 1.0 over classes

  warnings.warn(

2025-12-09 08:57:01,345:WARNING:E:\Sprint04\venv\Lib\site-packages\pycaret\internal\metrics.py:204: FitFailedWarning: Metric 'make_scorer(roc_auc_score, response_method=('decision_function', 'predict_proba'), average=weighted, multi_class=ovr)' failed and error score 0.0 has been returned instead. If this is a custom metric, this usually means that the error is in the metric code. Full exception below:
Traceback (most recent call last):
  File "E:\Sprint04\venv\Lib\site-packages\pycaret\internal\metrics.py", line 196, in _score
    return super()._score(
           ^^^^^^^^^^^^^^^
  File "E:\Sprint04\venv\Lib\site-packages\sklearn\metrics\_scorer.py", line 350, in _score
    return self._sign * self._score_func(y_true, y_pred, **scoring_kwargs)
                        ^^^^^^^^^^^^^^^^^^^^^^^^^^^^^^^^^^^^^^^^^^^^^^^^^^
  File "E:\Sprint04\venv\Lib\site-packages\pycaret\internal\metrics.py", line 144, in __call__
    return self.score_func(y_true, y_pred, **kwargs)
           ^^^^^^^^^^^^^^^^^^^^^^^^^^^^^^^^^^^^^^^^^
  File "E:\Sprint04\venv\Lib\site-packages\sklearn\utils\_param_validation.py", line 213, in wrapper
    return func(*args, **kwargs)
           ^^^^^^^^^^^^^^^^^^^^^
  File "E:\Sprint04\venv\Lib\site-packages\sklearn\metrics\_ranking.py", line 634, in roc_auc_score
    return _multiclass_roc_auc_score(
           ^^^^^^^^^^^^^^^^^^^^^^^^^^
  File "E:\Sprint04\venv\Lib\site-packages\sklearn\metrics\_ranking.py", line 707, in _multiclass_roc_auc_score
    raise ValueError(
ValueError: Target scores need to be probabilities for multiclass roc_auc, i.e. they should sum up to 1.0 over classes

  warnings.warn(

2025-12-09 08:57:01,361:INFO:Calculating mean and std
2025-12-09 08:57:01,362:INFO:Creating metrics dataframe
2025-12-09 08:57:01,365:INFO:Uploading results into container
2025-12-09 08:57:01,365:INFO:Uploading model into container now
2025-12-09 08:57:01,366:INFO:_master_model_container: 11
2025-12-09 08:57:01,366:INFO:_display_container: 2
2025-12-09 08:57:01,366:INFO:LinearDiscriminantAnalysis()
2025-12-09 08:57:01,366:INFO:create_model() successfully completed......................................
2025-12-09 08:57:01,533:INFO:SubProcess create_model() end ==================================
2025-12-09 08:57:01,533:INFO:Creating metrics dataframe
2025-12-09 08:57:01,536:INFO:Initializing Extra Trees Classifier
2025-12-09 08:57:01,536:INFO:Total runtime is 0.3175642331441243 minutes
2025-12-09 08:57:01,537:INFO:SubProcess create_model() called ==================================
2025-12-09 08:57:01,537:INFO:Initializing create_model()
2025-12-09 08:57:01,537:INFO:create_model(self=<pycaret.classification.oop.ClassificationExperiment object at 0x0000013079CCDFD0>, estimator=et, fold=StratifiedKFold(n_splits=10, random_state=None, shuffle=False), round=4, cross_validation=True, predict=True, fit_kwargs={}, groups=None, refit=False, probability_threshold=None, experiment_custom_tags=None, verbose=False, system=False, add_to_model_list=True, metrics=None, display=<pycaret.internal.display.display.CommonDisplay object at 0x0000013079DB6F50>, model_only=True, return_train_score=False, error_score=0.0, kwargs={})
2025-12-09 08:57:01,537:INFO:Checking exceptions
2025-12-09 08:57:01,537:INFO:Importing libraries
2025-12-09 08:57:01,537:INFO:Copying training dataset
2025-12-09 08:57:01,543:INFO:Defining folds
2025-12-09 08:57:01,543:INFO:Declaring metric variables
2025-12-09 08:57:01,543:INFO:Importing untrained model
2025-12-09 08:57:01,544:INFO:Extra Trees Classifier Imported successfully
2025-12-09 08:57:01,544:INFO:Starting cross validation
2025-12-09 08:57:01,546:INFO:Cross validating with StratifiedKFold(n_splits=10, random_state=None, shuffle=False), n_jobs=-1
2025-12-09 08:57:01,945:WARNING:E:\Sprint04\venv\Lib\site-packages\sklearn\metrics\_classification.py:1509: UndefinedMetricWarning: Precision is ill-defined and being set to 0.0 in labels with no predicted samples. Use `zero_division` parameter to control this behavior.
  _warn_prf(average, modifier, f"{metric.capitalize()} is", len(result))

2025-12-09 08:57:02,339:WARNING:E:\Sprint04\venv\Lib\site-packages\sklearn\metrics\_classification.py:1509: UndefinedMetricWarning: Precision is ill-defined and being set to 0.0 in labels with no predicted samples. Use `zero_division` parameter to control this behavior.
  _warn_prf(average, modifier, f"{metric.capitalize()} is", len(result))

2025-12-09 08:57:02,606:WARNING:E:\Sprint04\venv\Lib\site-packages\sklearn\metrics\_classification.py:1509: UndefinedMetricWarning: Precision is ill-defined and being set to 0.0 in labels with no predicted samples. Use `zero_division` parameter to control this behavior.
  _warn_prf(average, modifier, f"{metric.capitalize()} is", len(result))

2025-12-09 08:57:02,628:WARNING:E:\Sprint04\venv\Lib\site-packages\sklearn\metrics\_classification.py:1509: UndefinedMetricWarning: Precision is ill-defined and being set to 0.0 in labels with no predicted samples. Use `zero_division` parameter to control this behavior.
  _warn_prf(average, modifier, f"{metric.capitalize()} is", len(result))

2025-12-09 08:57:02,640:INFO:Calculating mean and std
2025-12-09 08:57:02,641:INFO:Creating metrics dataframe
2025-12-09 08:57:02,643:INFO:Uploading results into container
2025-12-09 08:57:02,644:INFO:Uploading model into container now
2025-12-09 08:57:02,644:INFO:_master_model_container: 12
2025-12-09 08:57:02,644:INFO:_display_container: 2
2025-12-09 08:57:02,645:INFO:ExtraTreesClassifier(n_jobs=-1, random_state=789)
2025-12-09 08:57:02,645:INFO:create_model() successfully completed......................................
2025-12-09 08:57:02,811:INFO:SubProcess create_model() end ==================================
2025-12-09 08:57:02,811:INFO:Creating metrics dataframe
2025-12-09 08:57:02,814:INFO:Initializing Light Gradient Boosting Machine
2025-12-09 08:57:02,814:INFO:Total runtime is 0.3388534585634867 minutes
2025-12-09 08:57:02,815:INFO:SubProcess create_model() called ==================================
2025-12-09 08:57:02,815:INFO:Initializing create_model()
2025-12-09 08:57:02,815:INFO:create_model(self=<pycaret.classification.oop.ClassificationExperiment object at 0x0000013079CCDFD0>, estimator=lightgbm, fold=StratifiedKFold(n_splits=10, random_state=None, shuffle=False), round=4, cross_validation=True, predict=True, fit_kwargs={}, groups=None, refit=False, probability_threshold=None, experiment_custom_tags=None, verbose=False, system=False, add_to_model_list=True, metrics=None, display=<pycaret.internal.display.display.CommonDisplay object at 0x0000013079DB6F50>, model_only=True, return_train_score=False, error_score=0.0, kwargs={})
2025-12-09 08:57:02,815:INFO:Checking exceptions
2025-12-09 08:57:02,815:INFO:Importing libraries
2025-12-09 08:57:02,815:INFO:Copying training dataset
2025-12-09 08:57:02,822:INFO:Defining folds
2025-12-09 08:57:02,822:INFO:Declaring metric variables
2025-12-09 08:57:02,822:INFO:Importing untrained model
2025-12-09 08:57:02,823:INFO:Light Gradient Boosting Machine Imported successfully
2025-12-09 08:57:02,823:INFO:Starting cross validation
2025-12-09 08:57:02,825:INFO:Cross validating with StratifiedKFold(n_splits=10, random_state=None, shuffle=False), n_jobs=-1
2025-12-09 08:57:04,057:WARNING:E:\Sprint04\venv\Lib\site-packages\sklearn\metrics\_classification.py:1509: UndefinedMetricWarning: Precision is ill-defined and being set to 0.0 in labels with no predicted samples. Use `zero_division` parameter to control this behavior.
  _warn_prf(average, modifier, f"{metric.capitalize()} is", len(result))

2025-12-09 08:57:04,516:INFO:Calculating mean and std
2025-12-09 08:57:04,518:INFO:Creating metrics dataframe
2025-12-09 08:57:04,522:INFO:Uploading results into container
2025-12-09 08:57:04,523:INFO:Uploading model into container now
2025-12-09 08:57:04,525:INFO:_master_model_container: 13
2025-12-09 08:57:04,525:INFO:_display_container: 2
2025-12-09 08:57:04,526:INFO:LGBMClassifier(n_jobs=-1, random_state=789)
2025-12-09 08:57:04,527:INFO:create_model() successfully completed......................................
2025-12-09 08:57:04,760:INFO:SubProcess create_model() end ==================================
2025-12-09 08:57:04,760:INFO:Creating metrics dataframe
2025-12-09 08:57:04,767:INFO:Initializing Dummy Classifier
2025-12-09 08:57:04,767:INFO:Total runtime is 0.37139873504638665 minutes
2025-12-09 08:57:04,767:INFO:SubProcess create_model() called ==================================
2025-12-09 08:57:04,767:INFO:Initializing create_model()
2025-12-09 08:57:04,768:INFO:create_model(self=<pycaret.classification.oop.ClassificationExperiment object at 0x0000013079CCDFD0>, estimator=dummy, fold=StratifiedKFold(n_splits=10, random_state=None, shuffle=False), round=4, cross_validation=True, predict=True, fit_kwargs={}, groups=None, refit=False, probability_threshold=None, experiment_custom_tags=None, verbose=False, system=False, add_to_model_list=True, metrics=None, display=<pycaret.internal.display.display.CommonDisplay object at 0x0000013079DB6F50>, model_only=True, return_train_score=False, error_score=0.0, kwargs={})
2025-12-09 08:57:04,768:INFO:Checking exceptions
2025-12-09 08:57:04,768:INFO:Importing libraries
2025-12-09 08:57:04,768:INFO:Copying training dataset
2025-12-09 08:57:04,781:INFO:Defining folds
2025-12-09 08:57:04,781:INFO:Declaring metric variables
2025-12-09 08:57:04,782:INFO:Importing untrained model
2025-12-09 08:57:04,782:INFO:Dummy Classifier Imported successfully
2025-12-09 08:57:04,783:INFO:Starting cross validation
2025-12-09 08:57:04,785:INFO:Cross validating with StratifiedKFold(n_splits=10, random_state=None, shuffle=False), n_jobs=-1
2025-12-09 08:57:04,881:WARNING:E:\Sprint04\venv\Lib\site-packages\sklearn\metrics\_classification.py:1509: UndefinedMetricWarning: Precision is ill-defined and being set to 0.0 in labels with no predicted samples. Use `zero_division` parameter to control this behavior.
  _warn_prf(average, modifier, f"{metric.capitalize()} is", len(result))

2025-12-09 08:57:04,885:WARNING:E:\Sprint04\venv\Lib\site-packages\sklearn\metrics\_classification.py:1509: UndefinedMetricWarning: Precision is ill-defined and being set to 0.0 in labels with no predicted samples. Use `zero_division` parameter to control this behavior.
  _warn_prf(average, modifier, f"{metric.capitalize()} is", len(result))

2025-12-09 08:57:04,886:WARNING:E:\Sprint04\venv\Lib\site-packages\sklearn\metrics\_classification.py:1509: UndefinedMetricWarning: Precision is ill-defined and being set to 0.0 in labels with no predicted samples. Use `zero_division` parameter to control this behavior.
  _warn_prf(average, modifier, f"{metric.capitalize()} is", len(result))

2025-12-09 08:57:04,907:WARNING:E:\Sprint04\venv\Lib\site-packages\sklearn\metrics\_classification.py:1509: UndefinedMetricWarning: Precision is ill-defined and being set to 0.0 in labels with no predicted samples. Use `zero_division` parameter to control this behavior.
  _warn_prf(average, modifier, f"{metric.capitalize()} is", len(result))

2025-12-09 08:57:04,971:WARNING:E:\Sprint04\venv\Lib\site-packages\sklearn\metrics\_classification.py:1509: UndefinedMetricWarning: Precision is ill-defined and being set to 0.0 in labels with no predicted samples. Use `zero_division` parameter to control this behavior.
  _warn_prf(average, modifier, f"{metric.capitalize()} is", len(result))

2025-12-09 08:57:04,991:WARNING:E:\Sprint04\venv\Lib\site-packages\sklearn\metrics\_classification.py:1509: UndefinedMetricWarning: Precision is ill-defined and being set to 0.0 in labels with no predicted samples. Use `zero_division` parameter to control this behavior.
  _warn_prf(average, modifier, f"{metric.capitalize()} is", len(result))

2025-12-09 08:57:05,005:WARNING:E:\Sprint04\venv\Lib\site-packages\sklearn\metrics\_classification.py:1509: UndefinedMetricWarning: Precision is ill-defined and being set to 0.0 in labels with no predicted samples. Use `zero_division` parameter to control this behavior.
  _warn_prf(average, modifier, f"{metric.capitalize()} is", len(result))

2025-12-09 08:57:05,010:WARNING:E:\Sprint04\venv\Lib\site-packages\sklearn\metrics\_classification.py:1509: UndefinedMetricWarning: Precision is ill-defined and being set to 0.0 in labels with no predicted samples. Use `zero_division` parameter to control this behavior.
  _warn_prf(average, modifier, f"{metric.capitalize()} is", len(result))

2025-12-09 08:57:05,075:WARNING:E:\Sprint04\venv\Lib\site-packages\sklearn\metrics\_classification.py:1509: UndefinedMetricWarning: Precision is ill-defined and being set to 0.0 in labels with no predicted samples. Use `zero_division` parameter to control this behavior.
  _warn_prf(average, modifier, f"{metric.capitalize()} is", len(result))

2025-12-09 08:57:05,098:WARNING:E:\Sprint04\venv\Lib\site-packages\sklearn\metrics\_classification.py:1509: UndefinedMetricWarning: Precision is ill-defined and being set to 0.0 in labels with no predicted samples. Use `zero_division` parameter to control this behavior.
  _warn_prf(average, modifier, f"{metric.capitalize()} is", len(result))

2025-12-09 08:57:05,118:INFO:Calculating mean and std
2025-12-09 08:57:05,120:INFO:Creating metrics dataframe
2025-12-09 08:57:05,123:INFO:Uploading results into container
2025-12-09 08:57:05,123:INFO:Uploading model into container now
2025-12-09 08:57:05,124:INFO:_master_model_container: 14
2025-12-09 08:57:05,124:INFO:_display_container: 2
2025-12-09 08:57:05,125:INFO:DummyClassifier(random_state=789)
2025-12-09 08:57:05,125:INFO:create_model() successfully completed......................................
2025-12-09 08:57:05,300:INFO:SubProcess create_model() end ==================================
2025-12-09 08:57:05,300:INFO:Creating metrics dataframe
2025-12-09 08:57:05,307:WARNING:E:\Sprint04\venv\Lib\site-packages\pycaret\internal\pycaret_experiment\supervised_experiment.py:339: FutureWarning:

Styler.applymap has been deprecated. Use Styler.map instead.


2025-12-09 08:57:05,311:INFO:Initializing create_model()
2025-12-09 08:57:05,311:INFO:create_model(self=<pycaret.classification.oop.ClassificationExperiment object at 0x0000013079CCDFD0>, estimator=RandomForestClassifier(n_jobs=-1, random_state=789), fold=StratifiedKFold(n_splits=10, random_state=None, shuffle=False), round=4, cross_validation=False, predict=False, fit_kwargs={}, groups=None, refit=True, probability_threshold=None, experiment_custom_tags=None, verbose=False, system=False, add_to_model_list=True, metrics=None, display=None, model_only=True, return_train_score=False, error_score=0.0, kwargs={})
2025-12-09 08:57:05,311:INFO:Checking exceptions
2025-12-09 08:57:05,312:INFO:Importing libraries
2025-12-09 08:57:05,313:INFO:Copying training dataset
2025-12-09 08:57:05,328:INFO:Defining folds
2025-12-09 08:57:05,328:INFO:Declaring metric variables
2025-12-09 08:57:05,329:INFO:Importing untrained model
2025-12-09 08:57:05,329:INFO:Declaring custom model
2025-12-09 08:57:05,331:INFO:Random Forest Classifier Imported successfully
2025-12-09 08:57:05,333:INFO:Cross validation set to False
2025-12-09 08:57:05,334:INFO:Fitting Model
2025-12-09 08:57:05,644:INFO:RandomForestClassifier(n_jobs=-1, random_state=789)
2025-12-09 08:57:05,645:INFO:create_model() successfully completed......................................
2025-12-09 08:57:05,914:INFO:_master_model_container: 14
2025-12-09 08:57:05,915:INFO:_display_container: 2
2025-12-09 08:57:05,915:INFO:RandomForestClassifier(n_jobs=-1, random_state=789)
2025-12-09 08:57:05,915:INFO:compare_models() successfully completed......................................
2025-12-09 09:24:18,234:WARNING:E:\Sprint04\src\pages\random_forest_manual.py:122: FutureWarning:



Passing `palette` without assigning `hue` is deprecated and will be removed in v0.14.0. Assign the `x` variable to `hue` and set `legend=False` for the same effect.



2025-12-09 09:24:18,236:WARNING:E:\Sprint04\src\pages\random_forest_manual.py:122: UserWarning:

The palette list has more values (6) than needed (3), which may not be intended.


2025-12-09 09:24:24,777:WARNING:E:\Sprint04\src\pages\random_forest_manual.py:122: FutureWarning:



Passing `palette` without assigning `hue` is deprecated and will be removed in v0.14.0. Assign the `x` variable to `hue` and set `legend=False` for the same effect.



2025-12-09 09:24:24,779:WARNING:E:\Sprint04\src\pages\random_forest_manual.py:122: UserWarning:

The palette list has more values (6) than needed (3), which may not be intended.


2025-12-09 10:11:19,427:WARNING:
'cuml' is a soft dependency and not included in the pycaret installation. Please run: `pip install cuml` to install.
2025-12-09 10:11:19,450:WARNING:
'cuml' is a soft dependency and not included in the pycaret installation. Please run: `pip install cuml` to install.
2025-12-09 10:11:19,450:WARNING:
'cuml' is a soft dependency and not included in the pycaret installation. Please run: `pip install cuml` to install.
2025-12-09 10:11:19,450:WARNING:
'cuml' is a soft dependency and not included in the pycaret installation. Please run: `pip install cuml` to install.
2025-12-09 10:43:19,890:WARNING:
'cuml' is a soft dependency and not included in the pycaret installation. Please run: `pip install cuml` to install.
2025-12-09 10:43:19,890:WARNING:
'cuml' is a soft dependency and not included in the pycaret installation. Please run: `pip install cuml` to install.
2025-12-09 10:43:19,891:WARNING:
'cuml' is a soft dependency and not included in the pycaret installation. Please run: `pip install cuml` to install.
2025-12-09 10:43:19,891:WARNING:
'cuml' is a soft dependency and not included in the pycaret installation. Please run: `pip install cuml` to install.
2025-12-09 14:12:45,281:WARNING:
'cuml' is a soft dependency and not included in the pycaret installation. Please run: `pip install cuml` to install.
2025-12-09 14:12:45,307:WARNING:
'cuml' is a soft dependency and not included in the pycaret installation. Please run: `pip install cuml` to install.
2025-12-09 14:12:45,307:WARNING:
'cuml' is a soft dependency and not included in the pycaret installation. Please run: `pip install cuml` to install.
2025-12-09 14:12:45,307:WARNING:
'cuml' is a soft dependency and not included in the pycaret installation. Please run: `pip install cuml` to install.
2025-12-11 09:48:44,342:WARNING:
'cuml' is a soft dependency and not included in the pycaret installation. Please run: `pip install cuml` to install.
2025-12-11 09:48:44,396:WARNING:
'cuml' is a soft dependency and not included in the pycaret installation. Please run: `pip install cuml` to install.
2025-12-11 09:48:44,396:WARNING:
'cuml' is a soft dependency and not included in the pycaret installation. Please run: `pip install cuml` to install.
2025-12-11 09:48:44,396:WARNING:
'cuml' is a soft dependency and not included in the pycaret installation. Please run: `pip install cuml` to install.
2025-12-13 14:01:58,690:WARNING:
'cuml' is a soft dependency and not included in the pycaret installation. Please run: `pip install cuml` to install.
2025-12-13 14:01:58,713:WARNING:
'cuml' is a soft dependency and not included in the pycaret installation. Please run: `pip install cuml` to install.
2025-12-13 14:01:58,713:WARNING:
'cuml' is a soft dependency and not included in the pycaret installation. Please run: `pip install cuml` to install.
2025-12-13 14:01:58,713:WARNING:
'cuml' is a soft dependency and not included in the pycaret installation. Please run: `pip install cuml` to install.
2025-12-20 11:15:04,448:WARNING:
'cuml' is a soft dependency and not included in the pycaret installation. Please run: `pip install cuml` to install.
2025-12-20 11:15:04,471:WARNING:
'cuml' is a soft dependency and not included in the pycaret installation. Please run: `pip install cuml` to install.
2025-12-20 11:15:04,471:WARNING:
'cuml' is a soft dependency and not included in the pycaret installation. Please run: `pip install cuml` to install.
2025-12-20 11:15:04,471:WARNING:
'cuml' is a soft dependency and not included in the pycaret installation. Please run: `pip install cuml` to install.
2025-12-20 11:37:26,623:WARNING:E:\Sprint04\src\pages\random_forest_manual.py:122: FutureWarning:



Passing `palette` without assigning `hue` is deprecated and will be removed in v0.14.0. Assign the `x` variable to `hue` and set `legend=False` for the same effect.



2025-12-20 11:37:26,625:WARNING:E:\Sprint04\src\pages\random_forest_manual.py:122: UserWarning:

The palette list has more values (6) than needed (3), which may not be intended.


2025-12-20 13:13:49,343:WARNING:
'cuml' is a soft dependency and not included in the pycaret installation. Please run: `pip install cuml` to install.
2025-12-20 13:13:49,343:WARNING:
'cuml' is a soft dependency and not included in the pycaret installation. Please run: `pip install cuml` to install.
2025-12-20 13:13:49,343:WARNING:
'cuml' is a soft dependency and not included in the pycaret installation. Please run: `pip install cuml` to install.
2025-12-20 13:13:49,343:WARNING:
'cuml' is a soft dependency and not included in the pycaret installation. Please run: `pip install cuml` to install.
2025-12-20 17:49:52,539:WARNING:
'cuml' is a soft dependency and not included in the pycaret installation. Please run: `pip install cuml` to install.
2025-12-20 17:49:52,539:WARNING:
'cuml' is a soft dependency and not included in the pycaret installation. Please run: `pip install cuml` to install.
2025-12-20 17:49:52,539:WARNING:
'cuml' is a soft dependency and not included in the pycaret installation. Please run: `pip install cuml` to install.
2025-12-20 17:49:52,539:WARNING:
'cuml' is a soft dependency and not included in the pycaret installation. Please run: `pip install cuml` to install.
2025-12-20 17:52:05,655:INFO:PyCaret ClassificationExperiment
2025-12-20 17:52:05,655:INFO:Logging name: clf-default-name
2025-12-20 17:52:05,655:INFO:ML Usecase: MLUsecase.CLASSIFICATION
2025-12-20 17:52:05,655:INFO:version 3.3.2
2025-12-20 17:52:05,655:INFO:Initializing setup()
2025-12-20 17:52:05,655:INFO:self.USI: d5ce
2025-12-20 17:52:05,655:INFO:self._variable_keys: {'fix_imbalance', 'USI', 'fold_shuffle_param', 'memory', '_available_plots', 'gpu_n_jobs_param', 'target_param', 'n_jobs_param', 'y_test', 'fold_groups_param', 'fold_generator', 'exp_id', 'logging_param', 'html_param', 'y_train', 'X_test', 'data', 'X', 'pipeline', 'gpu_param', 'X_train', 'is_multiclass', '_ml_usecase', 'exp_name_log', 'log_plots_param', 'idx', 'y', 'seed'}
2025-12-20 17:52:05,655:INFO:Checking environment
2025-12-20 17:52:05,656:INFO:python_version: 3.11.6
2025-12-20 17:52:05,656:INFO:python_build: ('tags/v3.11.6:8b6ee5b', 'Oct  2 2023 14:57:12')
2025-12-20 17:52:05,656:INFO:machine: AMD64
2025-12-20 17:52:05,682:INFO:platform: Windows-10-10.0.19045-SP0
2025-12-20 17:52:05,682:INFO:Memory: svmem(total=12780036096, available=3137806336, percent=75.4, used=9642229760, free=3137806336)
2025-12-20 17:52:05,682:INFO:Physical Core: 2
2025-12-20 17:52:05,682:INFO:Logical Core: 4
2025-12-20 17:52:05,682:INFO:Checking libraries
2025-12-20 17:52:05,682:INFO:System:
2025-12-20 17:52:05,682:INFO:    python: 3.11.6 (tags/v3.11.6:8b6ee5b, Oct  2 2023, 14:57:12) [MSC v.1935 64 bit (AMD64)]
2025-12-20 17:52:05,682:INFO:executable: E:\Sprint04\venv\Scripts\python.exe
2025-12-20 17:52:05,682:INFO:   machine: Windows-10-10.0.19045-SP0
2025-12-20 17:52:05,682:INFO:PyCaret required dependencies:
2025-12-20 17:52:05,682:WARNING:E:\Sprint04\venv\Lib\site-packages\_distutils_hack\__init__.py:33: UserWarning:

Setuptools is replacing distutils.


2025-12-20 17:52:05,816:INFO:                 pip: 25.3
2025-12-20 17:52:05,816:INFO:          setuptools: 65.5.0
2025-12-20 17:52:05,816:INFO:             pycaret: 3.3.2
2025-12-20 17:52:05,816:INFO:             IPython: 9.8.0
2025-12-20 17:52:05,816:INFO:          ipywidgets: 8.1.8
2025-12-20 17:52:05,816:INFO:                tqdm: 4.67.1
2025-12-20 17:52:05,816:INFO:               numpy: 1.26.4
2025-12-20 17:52:05,816:INFO:              pandas: 2.1.4
2025-12-20 17:52:05,816:INFO:              jinja2: 3.1.6
2025-12-20 17:52:05,816:INFO:               scipy: 1.11.4
2025-12-20 17:52:05,816:INFO:              joblib: 1.3.2
2025-12-20 17:52:05,816:INFO:             sklearn: 1.4.2
2025-12-20 17:52:05,816:INFO:                pyod: 2.0.6
2025-12-20 17:52:05,816:INFO:            imblearn: 0.14.0
2025-12-20 17:52:05,816:INFO:   category_encoders: 2.7.0
2025-12-20 17:52:05,816:INFO:            lightgbm: 4.6.0
2025-12-20 17:52:05,816:INFO:               numba: 0.62.1
2025-12-20 17:52:05,816:INFO:            requests: 2.32.5
2025-12-20 17:52:05,816:INFO:          matplotlib: 3.7.5
2025-12-20 17:52:05,816:INFO:          scikitplot: 0.3.7
2025-12-20 17:52:05,816:INFO:         yellowbrick: 1.5
2025-12-20 17:52:05,816:INFO:              plotly: 6.5.0
2025-12-20 17:52:05,816:INFO:    plotly-resampler: Not installed
2025-12-20 17:52:05,816:INFO:             kaleido: 1.2.0
2025-12-20 17:52:05,816:INFO:           schemdraw: 0.15
2025-12-20 17:52:05,816:INFO:         statsmodels: 0.14.6
2025-12-20 17:52:05,816:INFO:              sktime: 0.26.0
2025-12-20 17:52:05,816:INFO:               tbats: 1.1.3
2025-12-20 17:52:05,816:INFO:            pmdarima: 2.0.4
2025-12-20 17:52:05,816:INFO:              psutil: 7.1.3
2025-12-20 17:52:05,816:INFO:          markupsafe: 3.0.3
2025-12-20 17:52:05,816:INFO:             pickle5: Not installed
2025-12-20 17:52:05,816:INFO:         cloudpickle: 3.1.2
2025-12-20 17:52:05,816:INFO:         deprecation: 2.1.0
2025-12-20 17:52:05,816:INFO:              xxhash: 3.6.0
2025-12-20 17:52:05,816:INFO:           wurlitzer: Not installed
2025-12-20 17:52:05,816:INFO:PyCaret optional dependencies:
2025-12-20 17:52:05,833:INFO:                shap: Not installed
2025-12-20 17:52:05,833:INFO:           interpret: Not installed
2025-12-20 17:52:05,833:INFO:                umap: Not installed
2025-12-20 17:52:05,833:INFO:     ydata_profiling: 4.18.0
2025-12-20 17:52:05,833:INFO:  explainerdashboard: Not installed
2025-12-20 17:52:05,833:INFO:             autoviz: Not installed
2025-12-20 17:52:05,833:INFO:           fairlearn: Not installed
2025-12-20 17:52:05,833:INFO:          deepchecks: Not installed
2025-12-20 17:52:05,833:INFO:             xgboost: Not installed
2025-12-20 17:52:05,833:INFO:            catboost: Not installed
2025-12-20 17:52:05,833:INFO:              kmodes: Not installed
2025-12-20 17:52:05,833:INFO:             mlxtend: Not installed
2025-12-20 17:52:05,833:INFO:       statsforecast: Not installed
2025-12-20 17:52:05,833:INFO:        tune_sklearn: Not installed
2025-12-20 17:52:05,833:INFO:                 ray: Not installed
2025-12-20 17:52:05,833:INFO:            hyperopt: Not installed
2025-12-20 17:52:05,833:INFO:              optuna: Not installed
2025-12-20 17:52:05,833:INFO:               skopt: Not installed
2025-12-20 17:52:05,833:INFO:              mlflow: Not installed
2025-12-20 17:52:05,833:INFO:              gradio: Not installed
2025-12-20 17:52:05,833:INFO:             fastapi: Not installed
2025-12-20 17:52:05,833:INFO:             uvicorn: Not installed
2025-12-20 17:52:05,833:INFO:              m2cgen: Not installed
2025-12-20 17:52:05,833:INFO:           evidently: Not installed
2025-12-20 17:52:05,833:INFO:               fugue: Not installed
2025-12-20 17:52:05,833:INFO:           streamlit: 1.52.1
2025-12-20 17:52:05,833:INFO:             prophet: Not installed
2025-12-20 17:52:05,833:INFO:None
2025-12-20 17:52:05,833:INFO:Set up data.
2025-12-20 17:52:05,833:INFO:Set up folding strategy.
2025-12-20 17:52:05,833:INFO:Set up train/test split.
2025-12-20 17:52:05,885:INFO:Set up index.
2025-12-20 17:52:05,885:INFO:Assigning column types.
2025-12-20 17:52:05,885:INFO:Engine successfully changes for model 'lr' to 'sklearn'.
2025-12-20 17:52:05,950:INFO:Engine for model 'knn' has not been set explicitly, hence returning None.
2025-12-20 17:52:05,972:INFO:Engine for model 'rbfsvm' has not been set explicitly, hence returning None.
2025-12-20 17:52:06,050:WARNING:
'xgboost' is a soft dependency and not included in the pycaret installation. Please run: `pip install xgboost` to install.
Alternately, you can install this by running `pip install pycaret[models]`
2025-12-20 17:52:06,050:WARNING:
'catboost' is a soft dependency and not included in the pycaret installation. Please run: `pip install catboost` to install.
Alternately, you can install this by running `pip install pycaret[models]`
2025-12-20 17:52:06,116:INFO:Engine for model 'knn' has not been set explicitly, hence returning None.
2025-12-20 17:52:06,116:INFO:Engine for model 'rbfsvm' has not been set explicitly, hence returning None.
2025-12-20 17:52:06,150:WARNING:
'xgboost' is a soft dependency and not included in the pycaret installation. Please run: `pip install xgboost` to install.
Alternately, you can install this by running `pip install pycaret[models]`
2025-12-20 17:52:06,166:WARNING:
'catboost' is a soft dependency and not included in the pycaret installation. Please run: `pip install catboost` to install.
Alternately, you can install this by running `pip install pycaret[models]`
2025-12-20 17:52:06,166:INFO:Engine successfully changes for model 'knn' to 'sklearn'.
2025-12-20 17:52:06,233:INFO:Engine for model 'rbfsvm' has not been set explicitly, hence returning None.
2025-12-20 17:52:06,267:WARNING:
'xgboost' is a soft dependency and not included in the pycaret installation. Please run: `pip install xgboost` to install.
Alternately, you can install this by running `pip install pycaret[models]`
2025-12-20 17:52:06,267:WARNING:
'catboost' is a soft dependency and not included in the pycaret installation. Please run: `pip install catboost` to install.
Alternately, you can install this by running `pip install pycaret[models]`
2025-12-20 17:52:06,333:INFO:Engine for model 'rbfsvm' has not been set explicitly, hence returning None.
2025-12-20 17:52:06,367:WARNING:
'xgboost' is a soft dependency and not included in the pycaret installation. Please run: `pip install xgboost` to install.
Alternately, you can install this by running `pip install pycaret[models]`
2025-12-20 17:52:06,367:WARNING:
'catboost' is a soft dependency and not included in the pycaret installation. Please run: `pip install catboost` to install.
Alternately, you can install this by running `pip install pycaret[models]`
2025-12-20 17:52:06,367:INFO:Engine successfully changes for model 'rbfsvm' to 'sklearn'.
2025-12-20 17:52:06,467:WARNING:
'xgboost' is a soft dependency and not included in the pycaret installation. Please run: `pip install xgboost` to install.
Alternately, you can install this by running `pip install pycaret[models]`
2025-12-20 17:52:06,467:WARNING:
'catboost' is a soft dependency and not included in the pycaret installation. Please run: `pip install catboost` to install.
Alternately, you can install this by running `pip install pycaret[models]`
2025-12-20 17:52:06,580:WARNING:
'xgboost' is a soft dependency and not included in the pycaret installation. Please run: `pip install xgboost` to install.
Alternately, you can install this by running `pip install pycaret[models]`
2025-12-20 17:52:06,581:WARNING:
'catboost' is a soft dependency and not included in the pycaret installation. Please run: `pip install catboost` to install.
Alternately, you can install this by running `pip install pycaret[models]`
2025-12-20 17:52:06,595:INFO:Preparing preprocessing pipeline...
2025-12-20 17:52:06,609:INFO:Set up simple imputation.
2025-12-20 17:52:06,609:INFO:Set up removing multicollinearity.
2025-12-20 17:52:06,609:INFO:Set up feature normalization.
2025-12-20 17:52:06,610:INFO:Set up column name cleaning.
2025-12-20 17:52:06,684:INFO:Finished creating preprocessing pipeline.
2025-12-20 17:52:06,712:INFO:Pipeline: Pipeline(memory=FastMemory(location=C:\Users\Yesica\AppData\Local\Temp\joblib),
         steps=[('numerical_imputer',
                 TransformerWrapper(exclude=None,
                                    include=['id_producto', 'total_unidades',
                                             'total_ventas',
                                             'cant_transacciones',
                                             'precio_promedio',
                                             'ventas_por_transaccion',
                                             'unidades_por_transaccion'],
                                    transformer=SimpleImputer(add_indicator=False,
                                                              copy=True,
                                                              fill_val...
                 TransformerWrapper(exclude=[], include=None,
                                    transformer=RemoveMulticollinearity(threshold=0.9))),
                ('normalize',
                 TransformerWrapper(exclude=None, include=None,
                                    transformer=StandardScaler(copy=True,
                                                               with_mean=True,
                                                               with_std=True))),
                ('clean_column_names',
                 TransformerWrapper(exclude=None, include=None,
                                    transformer=CleanColumnNames(match='[\\]\\[\\,\\{\\}\\"\\:]+')))],
         verbose=False)
2025-12-20 17:52:06,712:INFO:Creating final display dataframe.
2025-12-20 17:52:06,867:INFO:Setup _display_container:                     Description             Value
0                    Session id               789
1                        Target     nivel_demanda
2                   Target type        Multiclass
3           Original data shape          (95, 18)
4        Transformed data shape          (95, 17)
5   Transformed train set shape          (66, 17)
6    Transformed test set shape          (29, 17)
7              Numeric features                 7
8                    Preprocess              True
9               Imputation type            simple
10           Numeric imputation              mean
11       Categorical imputation              mode
12     Remove multicollinearity              True
13  Multicollinearity threshold               0.9
14                    Normalize              True
15             Normalize method            zscore
16               Fold Generator   StratifiedKFold
17                  Fold Number                10
18                     CPU Jobs                -1
19                      Use GPU             False
20               Log Experiment             False
21              Experiment Name  clf-default-name
22                          USI              d5ce
2025-12-20 17:52:06,967:WARNING:
'xgboost' is a soft dependency and not included in the pycaret installation. Please run: `pip install xgboost` to install.
Alternately, you can install this by running `pip install pycaret[models]`
2025-12-20 17:52:06,967:WARNING:
'catboost' is a soft dependency and not included in the pycaret installation. Please run: `pip install catboost` to install.
Alternately, you can install this by running `pip install pycaret[models]`
2025-12-20 17:52:07,081:WARNING:
'xgboost' is a soft dependency and not included in the pycaret installation. Please run: `pip install xgboost` to install.
Alternately, you can install this by running `pip install pycaret[models]`
2025-12-20 17:52:07,082:WARNING:
'catboost' is a soft dependency and not included in the pycaret installation. Please run: `pip install catboost` to install.
Alternately, you can install this by running `pip install pycaret[models]`
2025-12-20 17:52:07,084:INFO:setup() successfully completed in 1.86s...............
2025-12-20 17:52:07,090:INFO:Initializing get_config()
2025-12-20 17:52:07,090:INFO:get_config(self=<pycaret.classification.oop.ClassificationExperiment object at 0x0000017194F76B10>, variable=train)
2025-12-20 17:52:07,090:INFO:Variable: 'train' used to return the transformed values in PyCaret 2.x. From PyCaret 3.x, this will return the raw values. If you need the transformed values, call get_config with 'train_transformed' instead.
2025-12-20 17:52:07,091:WARNING:E:\Sprint04\venv\Lib\site-packages\pycaret\internal\pycaret_experiment\pycaret_experiment.py:321: UserWarning:

Variable: 'train' used to return the transformed values in PyCaret 2.x. From PyCaret 3.x, this will return the raw values. If you need the transformed values, call get_config with 'train_transformed' instead.


2025-12-20 17:52:07,122:INFO:Variable:  returned as     id_producto  total_unidades  total_ventas  cant_transacciones  precio_promedio  ...  categoria_Limpieza del hogar  categoria_Lácteos y refrigerados  categoria_Panificados  categoria_Snacks y golosinas  nivel_demanda
76           80               8         15848                   3           1981.0  ...                         False                             False                  False                         False              0
59           61               3         14946                   2           4982.0  ...                         False                             False                  False                         False              0
31           32              18         40212                   5           2234.0  ...                         False                             False                  False                          True              2
40           41              19         16340                   6            860.0  ...                         False                             False                  False                         False              2
45           46               5         15180                   1           3036.0  ...                         False                             False                  False                         False              0
..          ...             ...           ...                 ...              ...  ...                           ...                               ...                    ...                           ...            ...
89           93               9         19278                   3           2142.0  ...                         False                             False                  False                         False              1
42           43              27         23949                   7            887.0  ...                         False                             False                  False                         False              2
81           85               5          9280                   3           1856.0  ...                         False                             False                  False                         False              0
2             3               4         19856                   1           4964.0  ...                         False                             False                  False                         False              0
19           20               9         14139                   3           1571.0  ...                         False                             False                   True                         False              1

[66 rows x 18 columns]
2025-12-20 17:52:07,122:INFO:get_config() successfully completed......................................
2025-12-20 17:52:07,122:INFO:Initializing get_config()
2025-12-20 17:52:07,122:INFO:get_config(self=<pycaret.classification.oop.ClassificationExperiment object at 0x0000017194F76B10>, variable=test)
2025-12-20 17:52:07,122:INFO:Variable: 'test' used to return the transformed values in PyCaret 2.x. From PyCaret 3.x, this will return the raw values. If you need the transformed values, call get_config with 'test_transformed' instead.
2025-12-20 17:52:07,122:WARNING:E:\Sprint04\venv\Lib\site-packages\pycaret\internal\pycaret_experiment\pycaret_experiment.py:321: UserWarning:

Variable: 'test' used to return the transformed values in PyCaret 2.x. From PyCaret 3.x, this will return the raw values. If you need the transformed values, call get_config with 'test_transformed' instead.


2025-12-20 17:52:07,155:INFO:Variable:  returned as     id_producto  total_unidades  total_ventas  cant_transacciones  precio_promedio  ...  categoria_Limpieza del hogar  categoria_Lácteos y refrigerados  categoria_Panificados  categoria_Snacks y golosinas  nivel_demanda
44           45               9          6705                   2            745.0  ...                         False                             False                  False                         False              1
3             4              16         32528                   5           2033.0  ...                         False                             False                  False                         False              2
41           42               4          4780                   1           1195.0  ...                         False                             False                  False                         False              0
9            10               8         39064                   5           4883.0  ...                         False                             False                  False                         False              0
73           77               4         19112                   1           4778.0  ...                         False                             False                  False                         False              0
67           70               9         36549                   5           4061.0  ...                         False                             False                  False                         False              1
6             7              14         45766                   4           3269.0  ...                         False                             False                  False                         False              2
86           90              12         34824                   4           2902.0  ...                         False                             False                  False                         False              1
72           76              20         85720                   5           4286.0  ...                         False                             False                  False                         False              2
50           51               5          8725                   3           1745.0  ...                         False                             False                  False                         False              0
16           17               9         43506                   3           4834.0  ...                         False                              True                  False                         False              1
65           67               4         18876                   1           4719.0  ...                         False                             False                  False                         False              0
68           71               4          2032                   1            508.0  ...                         False                             False                  False                         False              0
55           56               5         12660                   2           2532.0  ...                          True                             False                  False                         False              0
74           78              10         42890                   3           4289.0  ...                         False                             False                  False                         False              1
13           14               5          8615                   2           1723.0  ...                         False                              True                  False                         False              0
69           72              21         81396                   7           3876.0  ...                         False                             False                  False                         False              2
33           34              15          7545                   4            503.0  ...                         False                             False                  False                          True              2
52           53              21         34944                   7           1664.0  ...                          True                             False                  False                         False              2
48           49               6         15072                   2           2512.0  ...                         False                             False                  False                         False              0
1             2               9         44757                   3           4973.0  ...                         False                             False                  False                         False              1
49           50              11          7997                   4            727.0  ...                         False                             False                  False                         False              1
61           63               6         26022                   2           4337.0  ...                         False                             False                  False                         False              0
91           95              14         22134                   4           1581.0  ...                         False                             False                  False                         False              2
30           31               8         27272                   4           3409.0  ...                         False                             False                  False                         False              0
17           18              26         89544                   9           3444.0  ...                         False                              True                  False                         False              2
23           24              11         14355                   5           1305.0  ...                         False                             False                  False                          True              1
63           65              13         31499                   5           2423.0  ...                         False                             False                  False                         False              2
85           89               4          4012                   1           1003.0  ...                         False                             False                  False                         False              0

[29 rows x 18 columns]
2025-12-20 17:52:07,155:INFO:get_config() successfully completed......................................
2025-12-20 17:52:07,157:INFO:Initializing get_config()
2025-12-20 17:52:07,157:INFO:get_config(self=<pycaret.classification.oop.ClassificationExperiment object at 0x0000017194F76B10>, variable=fold_generator)
2025-12-20 17:52:07,157:INFO:Variable: fo returned as StratifiedKFold(n_splits=10, random_state=None, shuffle=False)
2025-12-20 17:52:07,158:INFO:get_config() successfully completed......................................
2025-12-20 17:52:13,185:INFO:Initializing compare_models()
2025-12-20 17:52:13,185:INFO:compare_models(self=<pycaret.classification.oop.ClassificationExperiment object at 0x0000017194F76B10>, include=None, exclude=None, fold=None, round=4, cross_validation=True, sort=AUC, n_select=1, budget_time=None, turbo=True, errors=ignore, fit_kwargs=None, groups=None, experiment_custom_tags=None, probability_threshold=None, verbose=True, parallel=None, caller_params={'self': <pycaret.classification.oop.ClassificationExperiment object at 0x0000017194F76B10>, 'include': None, 'exclude': None, 'fold': None, 'round': 4, 'cross_validation': True, 'sort': 'AUC', 'n_select': 1, 'budget_time': None, 'turbo': True, 'errors': 'ignore', 'fit_kwargs': None, 'groups': None, 'experiment_custom_tags': None, 'probability_threshold': None, 'engine': None, 'verbose': True, 'parallel': None, '__class__': <class 'pycaret.classification.oop.ClassificationExperiment'>})
2025-12-20 17:52:13,185:INFO:Checking exceptions
2025-12-20 17:52:13,209:INFO:Preparing display monitor
2025-12-20 17:52:13,212:INFO:Initializing Logistic Regression
2025-12-20 17:52:13,212:INFO:Total runtime is 0.0 minutes
2025-12-20 17:52:13,212:INFO:SubProcess create_model() called ==================================
2025-12-20 17:52:13,213:INFO:Initializing create_model()
2025-12-20 17:52:13,213:INFO:create_model(self=<pycaret.classification.oop.ClassificationExperiment object at 0x0000017194F76B10>, estimator=lr, fold=StratifiedKFold(n_splits=10, random_state=None, shuffle=False), round=4, cross_validation=True, predict=True, fit_kwargs={}, groups=None, refit=False, probability_threshold=None, experiment_custom_tags=None, verbose=False, system=False, add_to_model_list=True, metrics=None, display=<pycaret.internal.display.display.CommonDisplay object at 0x0000017196001550>, model_only=True, return_train_score=False, error_score=0.0, kwargs={})
2025-12-20 17:52:13,213:INFO:Checking exceptions
2025-12-20 17:52:13,213:INFO:Importing libraries
2025-12-20 17:52:13,213:INFO:Copying training dataset
2025-12-20 17:52:13,226:INFO:Defining folds
2025-12-20 17:52:13,226:INFO:Declaring metric variables
2025-12-20 17:52:13,227:INFO:Importing untrained model
2025-12-20 17:52:13,229:INFO:Logistic Regression Imported successfully
2025-12-20 17:52:13,230:INFO:Starting cross validation
2025-12-20 17:52:13,230:INFO:Cross validating with StratifiedKFold(n_splits=10, random_state=None, shuffle=False), n_jobs=-1
2025-12-20 17:52:20,041:WARNING:E:\Sprint04\venv\Lib\site-packages\_distutils_hack\__init__.py:33: UserWarning: Setuptools is replacing distutils.
  warnings.warn("Setuptools is replacing distutils.")

2025-12-20 17:52:20,177:WARNING:E:\Sprint04\venv\Lib\site-packages\_distutils_hack\__init__.py:33: UserWarning: Setuptools is replacing distutils.
  warnings.warn("Setuptools is replacing distutils.")

2025-12-20 17:52:20,595:WARNING:E:\Sprint04\venv\Lib\site-packages\_distutils_hack\__init__.py:33: UserWarning: Setuptools is replacing distutils.
  warnings.warn("Setuptools is replacing distutils.")

2025-12-20 17:52:20,716:WARNING:E:\Sprint04\venv\Lib\site-packages\pycaret\internal\metrics.py:204: FitFailedWarning: Metric 'make_scorer(roc_auc_score, response_method=('decision_function', 'predict_proba'), average=weighted, multi_class=ovr)' failed and error score 0.0 has been returned instead. If this is a custom metric, this usually means that the error is in the metric code. Full exception below:
Traceback (most recent call last):
  File "E:\Sprint04\venv\Lib\site-packages\pycaret\internal\metrics.py", line 196, in _score
    return super()._score(
           ^^^^^^^^^^^^^^^
  File "E:\Sprint04\venv\Lib\site-packages\sklearn\metrics\_scorer.py", line 350, in _score
    return self._sign * self._score_func(y_true, y_pred, **scoring_kwargs)
                        ^^^^^^^^^^^^^^^^^^^^^^^^^^^^^^^^^^^^^^^^^^^^^^^^^^
  File "E:\Sprint04\venv\Lib\site-packages\pycaret\internal\metrics.py", line 144, in __call__
    return self.score_func(y_true, y_pred, **kwargs)
           ^^^^^^^^^^^^^^^^^^^^^^^^^^^^^^^^^^^^^^^^^
  File "E:\Sprint04\venv\Lib\site-packages\sklearn\utils\_param_validation.py", line 213, in wrapper
    return func(*args, **kwargs)
           ^^^^^^^^^^^^^^^^^^^^^
  File "E:\Sprint04\venv\Lib\site-packages\sklearn\metrics\_ranking.py", line 634, in roc_auc_score
    return _multiclass_roc_auc_score(
           ^^^^^^^^^^^^^^^^^^^^^^^^^^
  File "E:\Sprint04\venv\Lib\site-packages\sklearn\metrics\_ranking.py", line 707, in _multiclass_roc_auc_score
    raise ValueError(
ValueError: Target scores need to be probabilities for multiclass roc_auc, i.e. they should sum up to 1.0 over classes

  warnings.warn(

2025-12-20 17:52:20,716:WARNING:E:\Sprint04\venv\Lib\site-packages\pycaret\internal\metrics.py:204: FitFailedWarning: Metric 'make_scorer(roc_auc_score, response_method=('decision_function', 'predict_proba'), average=weighted, multi_class=ovr)' failed and error score 0.0 has been returned instead. If this is a custom metric, this usually means that the error is in the metric code. Full exception below:
Traceback (most recent call last):
  File "E:\Sprint04\venv\Lib\site-packages\pycaret\internal\metrics.py", line 196, in _score
    return super()._score(
           ^^^^^^^^^^^^^^^
  File "E:\Sprint04\venv\Lib\site-packages\sklearn\metrics\_scorer.py", line 350, in _score
    return self._sign * self._score_func(y_true, y_pred, **scoring_kwargs)
                        ^^^^^^^^^^^^^^^^^^^^^^^^^^^^^^^^^^^^^^^^^^^^^^^^^^
  File "E:\Sprint04\venv\Lib\site-packages\pycaret\internal\metrics.py", line 144, in __call__
    return self.score_func(y_true, y_pred, **kwargs)
           ^^^^^^^^^^^^^^^^^^^^^^^^^^^^^^^^^^^^^^^^^
  File "E:\Sprint04\venv\Lib\site-packages\sklearn\utils\_param_validation.py", line 213, in wrapper
    return func(*args, **kwargs)
           ^^^^^^^^^^^^^^^^^^^^^
  File "E:\Sprint04\venv\Lib\site-packages\sklearn\metrics\_ranking.py", line 634, in roc_auc_score
    return _multiclass_roc_auc_score(
           ^^^^^^^^^^^^^^^^^^^^^^^^^^
  File "E:\Sprint04\venv\Lib\site-packages\sklearn\metrics\_ranking.py", line 707, in _multiclass_roc_auc_score
    raise ValueError(
ValueError: Target scores need to be probabilities for multiclass roc_auc, i.e. they should sum up to 1.0 over classes

  warnings.warn(

2025-12-20 17:52:20,949:WARNING:E:\Sprint04\venv\Lib\site-packages\pycaret\internal\metrics.py:204: FitFailedWarning: Metric 'make_scorer(roc_auc_score, response_method=('decision_function', 'predict_proba'), average=weighted, multi_class=ovr)' failed and error score 0.0 has been returned instead. If this is a custom metric, this usually means that the error is in the metric code. Full exception below:
Traceback (most recent call last):
  File "E:\Sprint04\venv\Lib\site-packages\pycaret\internal\metrics.py", line 196, in _score
    return super()._score(
           ^^^^^^^^^^^^^^^
  File "E:\Sprint04\venv\Lib\site-packages\sklearn\metrics\_scorer.py", line 350, in _score
    return self._sign * self._score_func(y_true, y_pred, **scoring_kwargs)
                        ^^^^^^^^^^^^^^^^^^^^^^^^^^^^^^^^^^^^^^^^^^^^^^^^^^
  File "E:\Sprint04\venv\Lib\site-packages\pycaret\internal\metrics.py", line 144, in __call__
    return self.score_func(y_true, y_pred, **kwargs)
           ^^^^^^^^^^^^^^^^^^^^^^^^^^^^^^^^^^^^^^^^^
  File "E:\Sprint04\venv\Lib\site-packages\sklearn\utils\_param_validation.py", line 213, in wrapper
    return func(*args, **kwargs)
           ^^^^^^^^^^^^^^^^^^^^^
  File "E:\Sprint04\venv\Lib\site-packages\sklearn\metrics\_ranking.py", line 634, in roc_auc_score
    return _multiclass_roc_auc_score(
           ^^^^^^^^^^^^^^^^^^^^^^^^^^
  File "E:\Sprint04\venv\Lib\site-packages\sklearn\metrics\_ranking.py", line 707, in _multiclass_roc_auc_score
    raise ValueError(
ValueError: Target scores need to be probabilities for multiclass roc_auc, i.e. they should sum up to 1.0 over classes

  warnings.warn(

2025-12-20 17:52:20,955:WARNING:E:\Sprint04\venv\Lib\site-packages\pycaret\internal\metrics.py:204: FitFailedWarning: Metric 'make_scorer(roc_auc_score, response_method=('decision_function', 'predict_proba'), average=weighted, multi_class=ovr)' failed and error score 0.0 has been returned instead. If this is a custom metric, this usually means that the error is in the metric code. Full exception below:
Traceback (most recent call last):
  File "E:\Sprint04\venv\Lib\site-packages\pycaret\internal\metrics.py", line 196, in _score
    return super()._score(
           ^^^^^^^^^^^^^^^
  File "E:\Sprint04\venv\Lib\site-packages\sklearn\metrics\_scorer.py", line 350, in _score
    return self._sign * self._score_func(y_true, y_pred, **scoring_kwargs)
                        ^^^^^^^^^^^^^^^^^^^^^^^^^^^^^^^^^^^^^^^^^^^^^^^^^^
  File "E:\Sprint04\venv\Lib\site-packages\pycaret\internal\metrics.py", line 144, in __call__
    return self.score_func(y_true, y_pred, **kwargs)
           ^^^^^^^^^^^^^^^^^^^^^^^^^^^^^^^^^^^^^^^^^
  File "E:\Sprint04\venv\Lib\site-packages\sklearn\utils\_param_validation.py", line 213, in wrapper
    return func(*args, **kwargs)
           ^^^^^^^^^^^^^^^^^^^^^
  File "E:\Sprint04\venv\Lib\site-packages\sklearn\metrics\_ranking.py", line 634, in roc_auc_score
    return _multiclass_roc_auc_score(
           ^^^^^^^^^^^^^^^^^^^^^^^^^^
  File "E:\Sprint04\venv\Lib\site-packages\sklearn\metrics\_ranking.py", line 707, in _multiclass_roc_auc_score
    raise ValueError(
ValueError: Target scores need to be probabilities for multiclass roc_auc, i.e. they should sum up to 1.0 over classes

  warnings.warn(

2025-12-20 17:52:20,963:WARNING:E:\Sprint04\venv\Lib\site-packages\pycaret\internal\metrics.py:204: FitFailedWarning: Metric 'make_scorer(roc_auc_score, response_method=('decision_function', 'predict_proba'), average=weighted, multi_class=ovr)' failed and error score 0.0 has been returned instead. If this is a custom metric, this usually means that the error is in the metric code. Full exception below:
Traceback (most recent call last):
  File "E:\Sprint04\venv\Lib\site-packages\pycaret\internal\metrics.py", line 196, in _score
    return super()._score(
           ^^^^^^^^^^^^^^^
  File "E:\Sprint04\venv\Lib\site-packages\sklearn\metrics\_scorer.py", line 350, in _score
    return self._sign * self._score_func(y_true, y_pred, **scoring_kwargs)
                        ^^^^^^^^^^^^^^^^^^^^^^^^^^^^^^^^^^^^^^^^^^^^^^^^^^
  File "E:\Sprint04\venv\Lib\site-packages\pycaret\internal\metrics.py", line 144, in __call__
    return self.score_func(y_true, y_pred, **kwargs)
           ^^^^^^^^^^^^^^^^^^^^^^^^^^^^^^^^^^^^^^^^^
  File "E:\Sprint04\venv\Lib\site-packages\sklearn\utils\_param_validation.py", line 213, in wrapper
    return func(*args, **kwargs)
           ^^^^^^^^^^^^^^^^^^^^^
  File "E:\Sprint04\venv\Lib\site-packages\sklearn\metrics\_ranking.py", line 634, in roc_auc_score
    return _multiclass_roc_auc_score(
           ^^^^^^^^^^^^^^^^^^^^^^^^^^
  File "E:\Sprint04\venv\Lib\site-packages\sklearn\metrics\_ranking.py", line 707, in _multiclass_roc_auc_score
    raise ValueError(
ValueError: Target scores need to be probabilities for multiclass roc_auc, i.e. they should sum up to 1.0 over classes

  warnings.warn(

2025-12-20 17:52:20,966:WARNING:E:\Sprint04\venv\Lib\site-packages\sklearn\metrics\_classification.py:1509: UndefinedMetricWarning: Precision is ill-defined and being set to 0.0 in labels with no predicted samples. Use `zero_division` parameter to control this behavior.
  _warn_prf(average, modifier, f"{metric.capitalize()} is", len(result))

2025-12-20 17:52:21,049:WARNING:E:\Sprint04\venv\Lib\site-packages\pycaret\internal\metrics.py:204: FitFailedWarning: Metric 'make_scorer(roc_auc_score, response_method=('decision_function', 'predict_proba'), average=weighted, multi_class=ovr)' failed and error score 0.0 has been returned instead. If this is a custom metric, this usually means that the error is in the metric code. Full exception below:
Traceback (most recent call last):
  File "E:\Sprint04\venv\Lib\site-packages\pycaret\internal\metrics.py", line 196, in _score
    return super()._score(
           ^^^^^^^^^^^^^^^
  File "E:\Sprint04\venv\Lib\site-packages\sklearn\metrics\_scorer.py", line 350, in _score
    return self._sign * self._score_func(y_true, y_pred, **scoring_kwargs)
                        ^^^^^^^^^^^^^^^^^^^^^^^^^^^^^^^^^^^^^^^^^^^^^^^^^^
  File "E:\Sprint04\venv\Lib\site-packages\pycaret\internal\metrics.py", line 144, in __call__
    return self.score_func(y_true, y_pred, **kwargs)
           ^^^^^^^^^^^^^^^^^^^^^^^^^^^^^^^^^^^^^^^^^
  File "E:\Sprint04\venv\Lib\site-packages\sklearn\utils\_param_validation.py", line 213, in wrapper
    return func(*args, **kwargs)
           ^^^^^^^^^^^^^^^^^^^^^
  File "E:\Sprint04\venv\Lib\site-packages\sklearn\metrics\_ranking.py", line 634, in roc_auc_score
    return _multiclass_roc_auc_score(
           ^^^^^^^^^^^^^^^^^^^^^^^^^^
  File "E:\Sprint04\venv\Lib\site-packages\sklearn\metrics\_ranking.py", line 707, in _multiclass_roc_auc_score
    raise ValueError(
ValueError: Target scores need to be probabilities for multiclass roc_auc, i.e. they should sum up to 1.0 over classes

  warnings.warn(

2025-12-20 17:52:21,059:WARNING:E:\Sprint04\venv\Lib\site-packages\pycaret\internal\metrics.py:204: FitFailedWarning: Metric 'make_scorer(roc_auc_score, response_method=('decision_function', 'predict_proba'), average=weighted, multi_class=ovr)' failed and error score 0.0 has been returned instead. If this is a custom metric, this usually means that the error is in the metric code. Full exception below:
Traceback (most recent call last):
  File "E:\Sprint04\venv\Lib\site-packages\pycaret\internal\metrics.py", line 196, in _score
    return super()._score(
           ^^^^^^^^^^^^^^^
  File "E:\Sprint04\venv\Lib\site-packages\sklearn\metrics\_scorer.py", line 350, in _score
    return self._sign * self._score_func(y_true, y_pred, **scoring_kwargs)
                        ^^^^^^^^^^^^^^^^^^^^^^^^^^^^^^^^^^^^^^^^^^^^^^^^^^
  File "E:\Sprint04\venv\Lib\site-packages\pycaret\internal\metrics.py", line 144, in __call__
    return self.score_func(y_true, y_pred, **kwargs)
           ^^^^^^^^^^^^^^^^^^^^^^^^^^^^^^^^^^^^^^^^^
  File "E:\Sprint04\venv\Lib\site-packages\sklearn\utils\_param_validation.py", line 213, in wrapper
    return func(*args, **kwargs)
           ^^^^^^^^^^^^^^^^^^^^^
  File "E:\Sprint04\venv\Lib\site-packages\sklearn\metrics\_ranking.py", line 634, in roc_auc_score
    return _multiclass_roc_auc_score(
           ^^^^^^^^^^^^^^^^^^^^^^^^^^
  File "E:\Sprint04\venv\Lib\site-packages\sklearn\metrics\_ranking.py", line 707, in _multiclass_roc_auc_score
    raise ValueError(
ValueError: Target scores need to be probabilities for multiclass roc_auc, i.e. they should sum up to 1.0 over classes

  warnings.warn(

2025-12-20 17:52:21,059:WARNING:E:\Sprint04\venv\Lib\site-packages\pycaret\internal\metrics.py:204: FitFailedWarning: Metric 'make_scorer(roc_auc_score, response_method=('decision_function', 'predict_proba'), average=weighted, multi_class=ovr)' failed and error score 0.0 has been returned instead. If this is a custom metric, this usually means that the error is in the metric code. Full exception below:
Traceback (most recent call last):
  File "E:\Sprint04\venv\Lib\site-packages\pycaret\internal\metrics.py", line 196, in _score
    return super()._score(
           ^^^^^^^^^^^^^^^
  File "E:\Sprint04\venv\Lib\site-packages\sklearn\metrics\_scorer.py", line 350, in _score
    return self._sign * self._score_func(y_true, y_pred, **scoring_kwargs)
                        ^^^^^^^^^^^^^^^^^^^^^^^^^^^^^^^^^^^^^^^^^^^^^^^^^^
  File "E:\Sprint04\venv\Lib\site-packages\pycaret\internal\metrics.py", line 144, in __call__
    return self.score_func(y_true, y_pred, **kwargs)
           ^^^^^^^^^^^^^^^^^^^^^^^^^^^^^^^^^^^^^^^^^
  File "E:\Sprint04\venv\Lib\site-packages\sklearn\utils\_param_validation.py", line 213, in wrapper
    return func(*args, **kwargs)
           ^^^^^^^^^^^^^^^^^^^^^
  File "E:\Sprint04\venv\Lib\site-packages\sklearn\metrics\_ranking.py", line 634, in roc_auc_score
    return _multiclass_roc_auc_score(
           ^^^^^^^^^^^^^^^^^^^^^^^^^^
  File "E:\Sprint04\venv\Lib\site-packages\sklearn\metrics\_ranking.py", line 707, in _multiclass_roc_auc_score
    raise ValueError(
ValueError: Target scores need to be probabilities for multiclass roc_auc, i.e. they should sum up to 1.0 over classes

  warnings.warn(

2025-12-20 17:52:21,099:WARNING:E:\Sprint04\venv\Lib\site-packages\pycaret\internal\metrics.py:204: FitFailedWarning: Metric 'make_scorer(roc_auc_score, response_method=('decision_function', 'predict_proba'), average=weighted, multi_class=ovr)' failed and error score 0.0 has been returned instead. If this is a custom metric, this usually means that the error is in the metric code. Full exception below:
Traceback (most recent call last):
  File "E:\Sprint04\venv\Lib\site-packages\pycaret\internal\metrics.py", line 196, in _score
    return super()._score(
           ^^^^^^^^^^^^^^^
  File "E:\Sprint04\venv\Lib\site-packages\sklearn\metrics\_scorer.py", line 350, in _score
    return self._sign * self._score_func(y_true, y_pred, **scoring_kwargs)
                        ^^^^^^^^^^^^^^^^^^^^^^^^^^^^^^^^^^^^^^^^^^^^^^^^^^
  File "E:\Sprint04\venv\Lib\site-packages\pycaret\internal\metrics.py", line 144, in __call__
    return self.score_func(y_true, y_pred, **kwargs)
           ^^^^^^^^^^^^^^^^^^^^^^^^^^^^^^^^^^^^^^^^^
  File "E:\Sprint04\venv\Lib\site-packages\sklearn\utils\_param_validation.py", line 213, in wrapper
    return func(*args, **kwargs)
           ^^^^^^^^^^^^^^^^^^^^^
  File "E:\Sprint04\venv\Lib\site-packages\sklearn\metrics\_ranking.py", line 634, in roc_auc_score
    return _multiclass_roc_auc_score(
           ^^^^^^^^^^^^^^^^^^^^^^^^^^
  File "E:\Sprint04\venv\Lib\site-packages\sklearn\metrics\_ranking.py", line 707, in _multiclass_roc_auc_score
    raise ValueError(
ValueError: Target scores need to be probabilities for multiclass roc_auc, i.e. they should sum up to 1.0 over classes

  warnings.warn(

2025-12-20 17:52:21,111:INFO:Calculating mean and std
2025-12-20 17:52:21,113:INFO:Creating metrics dataframe
2025-12-20 17:52:21,117:INFO:Uploading results into container
2025-12-20 17:52:21,117:INFO:Uploading model into container now
2025-12-20 17:52:21,118:INFO:_master_model_container: 1
2025-12-20 17:52:21,118:INFO:_display_container: 2
2025-12-20 17:52:21,118:INFO:LogisticRegression(max_iter=1000, random_state=789)
2025-12-20 17:52:21,118:INFO:create_model() successfully completed......................................
2025-12-20 17:52:21,295:INFO:SubProcess create_model() end ==================================
2025-12-20 17:52:21,295:INFO:Creating metrics dataframe
2025-12-20 17:52:21,299:INFO:Initializing K Neighbors Classifier
2025-12-20 17:52:21,299:INFO:Total runtime is 0.13478339513142903 minutes
2025-12-20 17:52:21,299:INFO:SubProcess create_model() called ==================================
2025-12-20 17:52:21,299:INFO:Initializing create_model()
2025-12-20 17:52:21,300:INFO:create_model(self=<pycaret.classification.oop.ClassificationExperiment object at 0x0000017194F76B10>, estimator=knn, fold=StratifiedKFold(n_splits=10, random_state=None, shuffle=False), round=4, cross_validation=True, predict=True, fit_kwargs={}, groups=None, refit=False, probability_threshold=None, experiment_custom_tags=None, verbose=False, system=False, add_to_model_list=True, metrics=None, display=<pycaret.internal.display.display.CommonDisplay object at 0x0000017196001550>, model_only=True, return_train_score=False, error_score=0.0, kwargs={})
2025-12-20 17:52:21,300:INFO:Checking exceptions
2025-12-20 17:52:21,300:INFO:Importing libraries
2025-12-20 17:52:21,300:INFO:Copying training dataset
2025-12-20 17:52:21,306:INFO:Defining folds
2025-12-20 17:52:21,306:INFO:Declaring metric variables
2025-12-20 17:52:21,307:INFO:Importing untrained model
2025-12-20 17:52:21,307:INFO:K Neighbors Classifier Imported successfully
2025-12-20 17:52:21,307:INFO:Starting cross validation
2025-12-20 17:52:21,308:INFO:Cross validating with StratifiedKFold(n_splits=10, random_state=None, shuffle=False), n_jobs=-1
2025-12-20 17:52:21,477:WARNING:E:\Sprint04\venv\Lib\site-packages\sklearn\metrics\_classification.py:1509: UndefinedMetricWarning: Precision is ill-defined and being set to 0.0 in labels with no predicted samples. Use `zero_division` parameter to control this behavior.
  _warn_prf(average, modifier, f"{metric.capitalize()} is", len(result))

2025-12-20 17:52:21,574:WARNING:E:\Sprint04\venv\Lib\site-packages\sklearn\metrics\_classification.py:1509: UndefinedMetricWarning: Precision is ill-defined and being set to 0.0 in labels with no predicted samples. Use `zero_division` parameter to control this behavior.
  _warn_prf(average, modifier, f"{metric.capitalize()} is", len(result))

2025-12-20 17:52:21,657:INFO:Calculating mean and std
2025-12-20 17:52:21,658:INFO:Creating metrics dataframe
2025-12-20 17:52:21,660:INFO:Uploading results into container
2025-12-20 17:52:21,661:INFO:Uploading model into container now
2025-12-20 17:52:21,661:INFO:_master_model_container: 2
2025-12-20 17:52:21,661:INFO:_display_container: 2
2025-12-20 17:52:21,661:INFO:KNeighborsClassifier(n_jobs=-1)
2025-12-20 17:52:21,661:INFO:create_model() successfully completed......................................
2025-12-20 17:52:21,857:INFO:SubProcess create_model() end ==================================
2025-12-20 17:52:21,857:INFO:Creating metrics dataframe
2025-12-20 17:52:21,861:INFO:Initializing Naive Bayes
2025-12-20 17:52:21,861:INFO:Total runtime is 0.1441520849863688 minutes
2025-12-20 17:52:21,862:INFO:SubProcess create_model() called ==================================
2025-12-20 17:52:21,862:INFO:Initializing create_model()
2025-12-20 17:52:21,862:INFO:create_model(self=<pycaret.classification.oop.ClassificationExperiment object at 0x0000017194F76B10>, estimator=nb, fold=StratifiedKFold(n_splits=10, random_state=None, shuffle=False), round=4, cross_validation=True, predict=True, fit_kwargs={}, groups=None, refit=False, probability_threshold=None, experiment_custom_tags=None, verbose=False, system=False, add_to_model_list=True, metrics=None, display=<pycaret.internal.display.display.CommonDisplay object at 0x0000017196001550>, model_only=True, return_train_score=False, error_score=0.0, kwargs={})
2025-12-20 17:52:21,862:INFO:Checking exceptions
2025-12-20 17:52:21,862:INFO:Importing libraries
2025-12-20 17:52:21,862:INFO:Copying training dataset
2025-12-20 17:52:21,872:INFO:Defining folds
2025-12-20 17:52:21,872:INFO:Declaring metric variables
2025-12-20 17:52:21,872:INFO:Importing untrained model
2025-12-20 17:52:21,873:INFO:Naive Bayes Imported successfully
2025-12-20 17:52:21,873:INFO:Starting cross validation
2025-12-20 17:52:21,874:INFO:Cross validating with StratifiedKFold(n_splits=10, random_state=None, shuffle=False), n_jobs=-1
2025-12-20 17:52:21,976:WARNING:E:\Sprint04\venv\Lib\site-packages\sklearn\metrics\_classification.py:1509: UndefinedMetricWarning: Precision is ill-defined and being set to 0.0 in labels with no predicted samples. Use `zero_division` parameter to control this behavior.
  _warn_prf(average, modifier, f"{metric.capitalize()} is", len(result))

2025-12-20 17:52:22,101:WARNING:E:\Sprint04\venv\Lib\site-packages\sklearn\metrics\_classification.py:1509: UndefinedMetricWarning: Precision is ill-defined and being set to 0.0 in labels with no predicted samples. Use `zero_division` parameter to control this behavior.
  _warn_prf(average, modifier, f"{metric.capitalize()} is", len(result))

2025-12-20 17:52:22,230:INFO:Calculating mean and std
2025-12-20 17:52:22,232:INFO:Creating metrics dataframe
2025-12-20 17:52:22,232:INFO:Uploading results into container
2025-12-20 17:52:22,232:INFO:Uploading model into container now
2025-12-20 17:52:22,232:INFO:_master_model_container: 3
2025-12-20 17:52:22,232:INFO:_display_container: 2
2025-12-20 17:52:22,232:INFO:GaussianNB()
2025-12-20 17:52:22,232:INFO:create_model() successfully completed......................................
2025-12-20 17:52:22,479:INFO:SubProcess create_model() end ==================================
2025-12-20 17:52:22,479:INFO:Creating metrics dataframe
2025-12-20 17:52:22,484:INFO:Initializing Decision Tree Classifier
2025-12-20 17:52:22,484:INFO:Total runtime is 0.1545277237892151 minutes
2025-12-20 17:52:22,485:INFO:SubProcess create_model() called ==================================
2025-12-20 17:52:22,485:INFO:Initializing create_model()
2025-12-20 17:52:22,485:INFO:create_model(self=<pycaret.classification.oop.ClassificationExperiment object at 0x0000017194F76B10>, estimator=dt, fold=StratifiedKFold(n_splits=10, random_state=None, shuffle=False), round=4, cross_validation=True, predict=True, fit_kwargs={}, groups=None, refit=False, probability_threshold=None, experiment_custom_tags=None, verbose=False, system=False, add_to_model_list=True, metrics=None, display=<pycaret.internal.display.display.CommonDisplay object at 0x0000017196001550>, model_only=True, return_train_score=False, error_score=0.0, kwargs={})
2025-12-20 17:52:22,485:INFO:Checking exceptions
2025-12-20 17:52:22,485:INFO:Importing libraries
2025-12-20 17:52:22,486:INFO:Copying training dataset
2025-12-20 17:52:22,496:INFO:Defining folds
2025-12-20 17:52:22,497:INFO:Declaring metric variables
2025-12-20 17:52:22,497:INFO:Importing untrained model
2025-12-20 17:52:22,498:INFO:Decision Tree Classifier Imported successfully
2025-12-20 17:52:22,498:INFO:Starting cross validation
2025-12-20 17:52:22,500:INFO:Cross validating with StratifiedKFold(n_splits=10, random_state=None, shuffle=False), n_jobs=-1
2025-12-20 17:52:22,824:INFO:Calculating mean and std
2025-12-20 17:52:22,825:INFO:Creating metrics dataframe
2025-12-20 17:52:22,827:INFO:Uploading results into container
2025-12-20 17:52:22,827:INFO:Uploading model into container now
2025-12-20 17:52:22,827:INFO:_master_model_container: 4
2025-12-20 17:52:22,828:INFO:_display_container: 2
2025-12-20 17:52:22,828:INFO:DecisionTreeClassifier(random_state=789)
2025-12-20 17:52:22,828:INFO:create_model() successfully completed......................................
2025-12-20 17:52:23,012:INFO:SubProcess create_model() end ==================================
2025-12-20 17:52:23,012:INFO:Creating metrics dataframe
2025-12-20 17:52:23,015:INFO:Initializing SVM - Linear Kernel
2025-12-20 17:52:23,016:INFO:Total runtime is 0.16339065233866373 minutes
2025-12-20 17:52:23,016:INFO:SubProcess create_model() called ==================================
2025-12-20 17:52:23,017:INFO:Initializing create_model()
2025-12-20 17:52:23,017:INFO:create_model(self=<pycaret.classification.oop.ClassificationExperiment object at 0x0000017194F76B10>, estimator=svm, fold=StratifiedKFold(n_splits=10, random_state=None, shuffle=False), round=4, cross_validation=True, predict=True, fit_kwargs={}, groups=None, refit=False, probability_threshold=None, experiment_custom_tags=None, verbose=False, system=False, add_to_model_list=True, metrics=None, display=<pycaret.internal.display.display.CommonDisplay object at 0x0000017196001550>, model_only=True, return_train_score=False, error_score=0.0, kwargs={})
2025-12-20 17:52:23,017:INFO:Checking exceptions
2025-12-20 17:52:23,017:INFO:Importing libraries
2025-12-20 17:52:23,017:INFO:Copying training dataset
2025-12-20 17:52:23,023:INFO:Defining folds
2025-12-20 17:52:23,024:INFO:Declaring metric variables
2025-12-20 17:52:23,024:INFO:Importing untrained model
2025-12-20 17:52:23,024:INFO:SVM - Linear Kernel Imported successfully
2025-12-20 17:52:23,025:INFO:Starting cross validation
2025-12-20 17:52:23,026:INFO:Cross validating with StratifiedKFold(n_splits=10, random_state=None, shuffle=False), n_jobs=-1
2025-12-20 17:52:23,269:WARNING:E:\Sprint04\venv\Lib\site-packages\pycaret\internal\metrics.py:204: FitFailedWarning: Metric 'make_scorer(roc_auc_score, response_method=('decision_function', 'predict_proba'), average=weighted, multi_class=ovr)' failed and error score 0.0 has been returned instead. If this is a custom metric, this usually means that the error is in the metric code. Full exception below:
Traceback (most recent call last):
  File "E:\Sprint04\venv\Lib\site-packages\pycaret\internal\metrics.py", line 196, in _score
    return super()._score(
           ^^^^^^^^^^^^^^^
  File "E:\Sprint04\venv\Lib\site-packages\sklearn\metrics\_scorer.py", line 350, in _score
    return self._sign * self._score_func(y_true, y_pred, **scoring_kwargs)
                        ^^^^^^^^^^^^^^^^^^^^^^^^^^^^^^^^^^^^^^^^^^^^^^^^^^
  File "E:\Sprint04\venv\Lib\site-packages\pycaret\internal\metrics.py", line 144, in __call__
    return self.score_func(y_true, y_pred, **kwargs)
           ^^^^^^^^^^^^^^^^^^^^^^^^^^^^^^^^^^^^^^^^^
  File "E:\Sprint04\venv\Lib\site-packages\sklearn\utils\_param_validation.py", line 213, in wrapper
    return func(*args, **kwargs)
           ^^^^^^^^^^^^^^^^^^^^^
  File "E:\Sprint04\venv\Lib\site-packages\sklearn\metrics\_ranking.py", line 634, in roc_auc_score
    return _multiclass_roc_auc_score(
           ^^^^^^^^^^^^^^^^^^^^^^^^^^
  File "E:\Sprint04\venv\Lib\site-packages\sklearn\metrics\_ranking.py", line 707, in _multiclass_roc_auc_score
    raise ValueError(
ValueError: Target scores need to be probabilities for multiclass roc_auc, i.e. they should sum up to 1.0 over classes

  warnings.warn(

2025-12-20 17:52:23,272:WARNING:E:\Sprint04\venv\Lib\site-packages\pycaret\internal\metrics.py:204: FitFailedWarning: Metric 'make_scorer(roc_auc_score, response_method=('decision_function', 'predict_proba'), average=weighted, multi_class=ovr)' failed and error score 0.0 has been returned instead. If this is a custom metric, this usually means that the error is in the metric code. Full exception below:
Traceback (most recent call last):
  File "E:\Sprint04\venv\Lib\site-packages\pycaret\internal\metrics.py", line 196, in _score
    return super()._score(
           ^^^^^^^^^^^^^^^
  File "E:\Sprint04\venv\Lib\site-packages\sklearn\metrics\_scorer.py", line 350, in _score
    return self._sign * self._score_func(y_true, y_pred, **scoring_kwargs)
                        ^^^^^^^^^^^^^^^^^^^^^^^^^^^^^^^^^^^^^^^^^^^^^^^^^^
  File "E:\Sprint04\venv\Lib\site-packages\pycaret\internal\metrics.py", line 144, in __call__
    return self.score_func(y_true, y_pred, **kwargs)
           ^^^^^^^^^^^^^^^^^^^^^^^^^^^^^^^^^^^^^^^^^
  File "E:\Sprint04\venv\Lib\site-packages\sklearn\utils\_param_validation.py", line 213, in wrapper
    return func(*args, **kwargs)
           ^^^^^^^^^^^^^^^^^^^^^
  File "E:\Sprint04\venv\Lib\site-packages\sklearn\metrics\_ranking.py", line 634, in roc_auc_score
    return _multiclass_roc_auc_score(
           ^^^^^^^^^^^^^^^^^^^^^^^^^^
  File "E:\Sprint04\venv\Lib\site-packages\sklearn\metrics\_ranking.py", line 707, in _multiclass_roc_auc_score
    raise ValueError(
ValueError: Target scores need to be probabilities for multiclass roc_auc, i.e. they should sum up to 1.0 over classes

  warnings.warn(

2025-12-20 17:52:23,272:WARNING:E:\Sprint04\venv\Lib\site-packages\pycaret\internal\metrics.py:204: FitFailedWarning: Metric 'make_scorer(roc_auc_score, response_method=('decision_function', 'predict_proba'), average=weighted, multi_class=ovr)' failed and error score 0.0 has been returned instead. If this is a custom metric, this usually means that the error is in the metric code. Full exception below:
Traceback (most recent call last):
  File "E:\Sprint04\venv\Lib\site-packages\pycaret\internal\metrics.py", line 196, in _score
    return super()._score(
           ^^^^^^^^^^^^^^^
  File "E:\Sprint04\venv\Lib\site-packages\sklearn\metrics\_scorer.py", line 350, in _score
    return self._sign * self._score_func(y_true, y_pred, **scoring_kwargs)
                        ^^^^^^^^^^^^^^^^^^^^^^^^^^^^^^^^^^^^^^^^^^^^^^^^^^
  File "E:\Sprint04\venv\Lib\site-packages\pycaret\internal\metrics.py", line 144, in __call__
    return self.score_func(y_true, y_pred, **kwargs)
           ^^^^^^^^^^^^^^^^^^^^^^^^^^^^^^^^^^^^^^^^^
  File "E:\Sprint04\venv\Lib\site-packages\sklearn\utils\_param_validation.py", line 213, in wrapper
    return func(*args, **kwargs)
           ^^^^^^^^^^^^^^^^^^^^^
  File "E:\Sprint04\venv\Lib\site-packages\sklearn\metrics\_ranking.py", line 634, in roc_auc_score
    return _multiclass_roc_auc_score(
           ^^^^^^^^^^^^^^^^^^^^^^^^^^
  File "E:\Sprint04\venv\Lib\site-packages\sklearn\metrics\_ranking.py", line 707, in _multiclass_roc_auc_score
    raise ValueError(
ValueError: Target scores need to be probabilities for multiclass roc_auc, i.e. they should sum up to 1.0 over classes

  warnings.warn(

2025-12-20 17:52:23,278:WARNING:E:\Sprint04\venv\Lib\site-packages\pycaret\internal\metrics.py:204: FitFailedWarning: Metric 'make_scorer(roc_auc_score, response_method=('decision_function', 'predict_proba'), average=weighted, multi_class=ovr)' failed and error score 0.0 has been returned instead. If this is a custom metric, this usually means that the error is in the metric code. Full exception below:
Traceback (most recent call last):
  File "E:\Sprint04\venv\Lib\site-packages\pycaret\internal\metrics.py", line 196, in _score
    return super()._score(
           ^^^^^^^^^^^^^^^
  File "E:\Sprint04\venv\Lib\site-packages\sklearn\metrics\_scorer.py", line 350, in _score
    return self._sign * self._score_func(y_true, y_pred, **scoring_kwargs)
                        ^^^^^^^^^^^^^^^^^^^^^^^^^^^^^^^^^^^^^^^^^^^^^^^^^^
  File "E:\Sprint04\venv\Lib\site-packages\pycaret\internal\metrics.py", line 144, in __call__
    return self.score_func(y_true, y_pred, **kwargs)
           ^^^^^^^^^^^^^^^^^^^^^^^^^^^^^^^^^^^^^^^^^
  File "E:\Sprint04\venv\Lib\site-packages\sklearn\utils\_param_validation.py", line 213, in wrapper
    return func(*args, **kwargs)
           ^^^^^^^^^^^^^^^^^^^^^
  File "E:\Sprint04\venv\Lib\site-packages\sklearn\metrics\_ranking.py", line 634, in roc_auc_score
    return _multiclass_roc_auc_score(
           ^^^^^^^^^^^^^^^^^^^^^^^^^^
  File "E:\Sprint04\venv\Lib\site-packages\sklearn\metrics\_ranking.py", line 707, in _multiclass_roc_auc_score
    raise ValueError(
ValueError: Target scores need to be probabilities for multiclass roc_auc, i.e. they should sum up to 1.0 over classes

  warnings.warn(

2025-12-20 17:52:23,306:WARNING:E:\Sprint04\venv\Lib\site-packages\sklearn\metrics\_classification.py:1509: UndefinedMetricWarning: Precision is ill-defined and being set to 0.0 in labels with no predicted samples. Use `zero_division` parameter to control this behavior.
  _warn_prf(average, modifier, f"{metric.capitalize()} is", len(result))

2025-12-20 17:52:23,390:WARNING:E:\Sprint04\venv\Lib\site-packages\pycaret\internal\metrics.py:204: FitFailedWarning: Metric 'make_scorer(roc_auc_score, response_method=('decision_function', 'predict_proba'), average=weighted, multi_class=ovr)' failed and error score 0.0 has been returned instead. If this is a custom metric, this usually means that the error is in the metric code. Full exception below:
Traceback (most recent call last):
  File "E:\Sprint04\venv\Lib\site-packages\pycaret\internal\metrics.py", line 196, in _score
    return super()._score(
           ^^^^^^^^^^^^^^^
  File "E:\Sprint04\venv\Lib\site-packages\sklearn\metrics\_scorer.py", line 350, in _score
    return self._sign * self._score_func(y_true, y_pred, **scoring_kwargs)
                        ^^^^^^^^^^^^^^^^^^^^^^^^^^^^^^^^^^^^^^^^^^^^^^^^^^
  File "E:\Sprint04\venv\Lib\site-packages\pycaret\internal\metrics.py", line 144, in __call__
    return self.score_func(y_true, y_pred, **kwargs)
           ^^^^^^^^^^^^^^^^^^^^^^^^^^^^^^^^^^^^^^^^^
  File "E:\Sprint04\venv\Lib\site-packages\sklearn\utils\_param_validation.py", line 213, in wrapper
    return func(*args, **kwargs)
           ^^^^^^^^^^^^^^^^^^^^^
  File "E:\Sprint04\venv\Lib\site-packages\sklearn\metrics\_ranking.py", line 634, in roc_auc_score
    return _multiclass_roc_auc_score(
           ^^^^^^^^^^^^^^^^^^^^^^^^^^
  File "E:\Sprint04\venv\Lib\site-packages\sklearn\metrics\_ranking.py", line 707, in _multiclass_roc_auc_score
    raise ValueError(
ValueError: Target scores need to be probabilities for multiclass roc_auc, i.e. they should sum up to 1.0 over classes

  warnings.warn(

2025-12-20 17:52:23,393:WARNING:E:\Sprint04\venv\Lib\site-packages\pycaret\internal\metrics.py:204: FitFailedWarning: Metric 'make_scorer(roc_auc_score, response_method=('decision_function', 'predict_proba'), average=weighted, multi_class=ovr)' failed and error score 0.0 has been returned instead. If this is a custom metric, this usually means that the error is in the metric code. Full exception below:
Traceback (most recent call last):
  File "E:\Sprint04\venv\Lib\site-packages\pycaret\internal\metrics.py", line 196, in _score
    return super()._score(
           ^^^^^^^^^^^^^^^
  File "E:\Sprint04\venv\Lib\site-packages\sklearn\metrics\_scorer.py", line 350, in _score
    return self._sign * self._score_func(y_true, y_pred, **scoring_kwargs)
                        ^^^^^^^^^^^^^^^^^^^^^^^^^^^^^^^^^^^^^^^^^^^^^^^^^^
  File "E:\Sprint04\venv\Lib\site-packages\pycaret\internal\metrics.py", line 144, in __call__
    return self.score_func(y_true, y_pred, **kwargs)
           ^^^^^^^^^^^^^^^^^^^^^^^^^^^^^^^^^^^^^^^^^
  File "E:\Sprint04\venv\Lib\site-packages\sklearn\utils\_param_validation.py", line 213, in wrapper
    return func(*args, **kwargs)
           ^^^^^^^^^^^^^^^^^^^^^
  File "E:\Sprint04\venv\Lib\site-packages\sklearn\metrics\_ranking.py", line 634, in roc_auc_score
    return _multiclass_roc_auc_score(
           ^^^^^^^^^^^^^^^^^^^^^^^^^^
  File "E:\Sprint04\venv\Lib\site-packages\sklearn\metrics\_ranking.py", line 707, in _multiclass_roc_auc_score
    raise ValueError(
ValueError: Target scores need to be probabilities for multiclass roc_auc, i.e. they should sum up to 1.0 over classes

  warnings.warn(

2025-12-20 17:52:23,393:WARNING:E:\Sprint04\venv\Lib\site-packages\pycaret\internal\metrics.py:204: FitFailedWarning: Metric 'make_scorer(roc_auc_score, response_method=('decision_function', 'predict_proba'), average=weighted, multi_class=ovr)' failed and error score 0.0 has been returned instead. If this is a custom metric, this usually means that the error is in the metric code. Full exception below:
Traceback (most recent call last):
  File "E:\Sprint04\venv\Lib\site-packages\pycaret\internal\metrics.py", line 196, in _score
    return super()._score(
           ^^^^^^^^^^^^^^^
  File "E:\Sprint04\venv\Lib\site-packages\sklearn\metrics\_scorer.py", line 350, in _score
    return self._sign * self._score_func(y_true, y_pred, **scoring_kwargs)
                        ^^^^^^^^^^^^^^^^^^^^^^^^^^^^^^^^^^^^^^^^^^^^^^^^^^
  File "E:\Sprint04\venv\Lib\site-packages\pycaret\internal\metrics.py", line 144, in __call__
    return self.score_func(y_true, y_pred, **kwargs)
           ^^^^^^^^^^^^^^^^^^^^^^^^^^^^^^^^^^^^^^^^^
  File "E:\Sprint04\venv\Lib\site-packages\sklearn\utils\_param_validation.py", line 213, in wrapper
    return func(*args, **kwargs)
           ^^^^^^^^^^^^^^^^^^^^^
  File "E:\Sprint04\venv\Lib\site-packages\sklearn\metrics\_ranking.py", line 634, in roc_auc_score
    return _multiclass_roc_auc_score(
           ^^^^^^^^^^^^^^^^^^^^^^^^^^
  File "E:\Sprint04\venv\Lib\site-packages\sklearn\metrics\_ranking.py", line 707, in _multiclass_roc_auc_score
    raise ValueError(
ValueError: Target scores need to be probabilities for multiclass roc_auc, i.e. they should sum up to 1.0 over classes

  warnings.warn(

2025-12-20 17:52:23,398:WARNING:E:\Sprint04\venv\Lib\site-packages\sklearn\metrics\_classification.py:1509: UndefinedMetricWarning: Precision is ill-defined and being set to 0.0 in labels with no predicted samples. Use `zero_division` parameter to control this behavior.
  _warn_prf(average, modifier, f"{metric.capitalize()} is", len(result))

2025-12-20 17:52:23,401:WARNING:E:\Sprint04\venv\Lib\site-packages\sklearn\metrics\_classification.py:1509: UndefinedMetricWarning: Precision is ill-defined and being set to 0.0 in labels with no predicted samples. Use `zero_division` parameter to control this behavior.
  _warn_prf(average, modifier, f"{metric.capitalize()} is", len(result))

2025-12-20 17:52:23,460:WARNING:E:\Sprint04\venv\Lib\site-packages\pycaret\internal\metrics.py:204: FitFailedWarning: Metric 'make_scorer(roc_auc_score, response_method=('decision_function', 'predict_proba'), average=weighted, multi_class=ovr)' failed and error score 0.0 has been returned instead. If this is a custom metric, this usually means that the error is in the metric code. Full exception below:
Traceback (most recent call last):
  File "E:\Sprint04\venv\Lib\site-packages\pycaret\internal\metrics.py", line 196, in _score
    return super()._score(
           ^^^^^^^^^^^^^^^
  File "E:\Sprint04\venv\Lib\site-packages\sklearn\metrics\_scorer.py", line 350, in _score
    return self._sign * self._score_func(y_true, y_pred, **scoring_kwargs)
                        ^^^^^^^^^^^^^^^^^^^^^^^^^^^^^^^^^^^^^^^^^^^^^^^^^^
  File "E:\Sprint04\venv\Lib\site-packages\pycaret\internal\metrics.py", line 144, in __call__
    return self.score_func(y_true, y_pred, **kwargs)
           ^^^^^^^^^^^^^^^^^^^^^^^^^^^^^^^^^^^^^^^^^
  File "E:\Sprint04\venv\Lib\site-packages\sklearn\utils\_param_validation.py", line 213, in wrapper
    return func(*args, **kwargs)
           ^^^^^^^^^^^^^^^^^^^^^
  File "E:\Sprint04\venv\Lib\site-packages\sklearn\metrics\_ranking.py", line 634, in roc_auc_score
    return _multiclass_roc_auc_score(
           ^^^^^^^^^^^^^^^^^^^^^^^^^^
  File "E:\Sprint04\venv\Lib\site-packages\sklearn\metrics\_ranking.py", line 707, in _multiclass_roc_auc_score
    raise ValueError(
ValueError: Target scores need to be probabilities for multiclass roc_auc, i.e. they should sum up to 1.0 over classes

  warnings.warn(

2025-12-20 17:52:23,505:WARNING:E:\Sprint04\venv\Lib\site-packages\pycaret\internal\metrics.py:204: FitFailedWarning: Metric 'make_scorer(roc_auc_score, response_method=('decision_function', 'predict_proba'), average=weighted, multi_class=ovr)' failed and error score 0.0 has been returned instead. If this is a custom metric, this usually means that the error is in the metric code. Full exception below:
Traceback (most recent call last):
  File "E:\Sprint04\venv\Lib\site-packages\pycaret\internal\metrics.py", line 196, in _score
    return super()._score(
           ^^^^^^^^^^^^^^^
  File "E:\Sprint04\venv\Lib\site-packages\sklearn\metrics\_scorer.py", line 350, in _score
    return self._sign * self._score_func(y_true, y_pred, **scoring_kwargs)
                        ^^^^^^^^^^^^^^^^^^^^^^^^^^^^^^^^^^^^^^^^^^^^^^^^^^
  File "E:\Sprint04\venv\Lib\site-packages\pycaret\internal\metrics.py", line 144, in __call__
    return self.score_func(y_true, y_pred, **kwargs)
           ^^^^^^^^^^^^^^^^^^^^^^^^^^^^^^^^^^^^^^^^^
  File "E:\Sprint04\venv\Lib\site-packages\sklearn\utils\_param_validation.py", line 213, in wrapper
    return func(*args, **kwargs)
           ^^^^^^^^^^^^^^^^^^^^^
  File "E:\Sprint04\venv\Lib\site-packages\sklearn\metrics\_ranking.py", line 634, in roc_auc_score
    return _multiclass_roc_auc_score(
           ^^^^^^^^^^^^^^^^^^^^^^^^^^
  File "E:\Sprint04\venv\Lib\site-packages\sklearn\metrics\_ranking.py", line 707, in _multiclass_roc_auc_score
    raise ValueError(
ValueError: Target scores need to be probabilities for multiclass roc_auc, i.e. they should sum up to 1.0 over classes

  warnings.warn(

2025-12-20 17:52:23,516:WARNING:E:\Sprint04\venv\Lib\site-packages\pycaret\internal\metrics.py:204: FitFailedWarning: Metric 'make_scorer(roc_auc_score, response_method=('decision_function', 'predict_proba'), average=weighted, multi_class=ovr)' failed and error score 0.0 has been returned instead. If this is a custom metric, this usually means that the error is in the metric code. Full exception below:
Traceback (most recent call last):
  File "E:\Sprint04\venv\Lib\site-packages\pycaret\internal\metrics.py", line 196, in _score
    return super()._score(
           ^^^^^^^^^^^^^^^
  File "E:\Sprint04\venv\Lib\site-packages\sklearn\metrics\_scorer.py", line 350, in _score
    return self._sign * self._score_func(y_true, y_pred, **scoring_kwargs)
                        ^^^^^^^^^^^^^^^^^^^^^^^^^^^^^^^^^^^^^^^^^^^^^^^^^^
  File "E:\Sprint04\venv\Lib\site-packages\pycaret\internal\metrics.py", line 144, in __call__
    return self.score_func(y_true, y_pred, **kwargs)
           ^^^^^^^^^^^^^^^^^^^^^^^^^^^^^^^^^^^^^^^^^
  File "E:\Sprint04\venv\Lib\site-packages\sklearn\utils\_param_validation.py", line 213, in wrapper
    return func(*args, **kwargs)
           ^^^^^^^^^^^^^^^^^^^^^
  File "E:\Sprint04\venv\Lib\site-packages\sklearn\metrics\_ranking.py", line 634, in roc_auc_score
    return _multiclass_roc_auc_score(
           ^^^^^^^^^^^^^^^^^^^^^^^^^^
  File "E:\Sprint04\venv\Lib\site-packages\sklearn\metrics\_ranking.py", line 707, in _multiclass_roc_auc_score
    raise ValueError(
ValueError: Target scores need to be probabilities for multiclass roc_auc, i.e. they should sum up to 1.0 over classes

  warnings.warn(

2025-12-20 17:52:23,539:INFO:Calculating mean and std
2025-12-20 17:52:23,541:INFO:Creating metrics dataframe
2025-12-20 17:52:23,544:INFO:Uploading results into container
2025-12-20 17:52:23,545:INFO:Uploading model into container now
2025-12-20 17:52:23,546:INFO:_master_model_container: 5
2025-12-20 17:52:23,546:INFO:_display_container: 2
2025-12-20 17:52:23,547:INFO:SGDClassifier(eta0=0.001, n_jobs=-1, random_state=789)
2025-12-20 17:52:23,547:INFO:create_model() successfully completed......................................
2025-12-20 17:52:23,808:INFO:SubProcess create_model() end ==================================
2025-12-20 17:52:23,808:INFO:Creating metrics dataframe
2025-12-20 17:52:23,811:INFO:Initializing Ridge Classifier
2025-12-20 17:52:23,812:INFO:Total runtime is 0.17666053374608356 minutes
2025-12-20 17:52:23,812:INFO:SubProcess create_model() called ==================================
2025-12-20 17:52:23,812:INFO:Initializing create_model()
2025-12-20 17:52:23,812:INFO:create_model(self=<pycaret.classification.oop.ClassificationExperiment object at 0x0000017194F76B10>, estimator=ridge, fold=StratifiedKFold(n_splits=10, random_state=None, shuffle=False), round=4, cross_validation=True, predict=True, fit_kwargs={}, groups=None, refit=False, probability_threshold=None, experiment_custom_tags=None, verbose=False, system=False, add_to_model_list=True, metrics=None, display=<pycaret.internal.display.display.CommonDisplay object at 0x0000017196001550>, model_only=True, return_train_score=False, error_score=0.0, kwargs={})
2025-12-20 17:52:23,812:INFO:Checking exceptions
2025-12-20 17:52:23,812:INFO:Importing libraries
2025-12-20 17:52:23,812:INFO:Copying training dataset
2025-12-20 17:52:23,825:INFO:Defining folds
2025-12-20 17:52:23,825:INFO:Declaring metric variables
2025-12-20 17:52:23,825:INFO:Importing untrained model
2025-12-20 17:52:23,825:INFO:Ridge Classifier Imported successfully
2025-12-20 17:52:23,826:INFO:Starting cross validation
2025-12-20 17:52:23,827:INFO:Cross validating with StratifiedKFold(n_splits=10, random_state=None, shuffle=False), n_jobs=-1
2025-12-20 17:52:23,957:WARNING:E:\Sprint04\venv\Lib\site-packages\pycaret\internal\metrics.py:204: FitFailedWarning: Metric 'make_scorer(roc_auc_score, response_method=('decision_function', 'predict_proba'), average=weighted, multi_class=ovr)' failed and error score 0.0 has been returned instead. If this is a custom metric, this usually means that the error is in the metric code. Full exception below:
Traceback (most recent call last):
  File "E:\Sprint04\venv\Lib\site-packages\pycaret\internal\metrics.py", line 196, in _score
    return super()._score(
           ^^^^^^^^^^^^^^^
  File "E:\Sprint04\venv\Lib\site-packages\sklearn\metrics\_scorer.py", line 350, in _score
    return self._sign * self._score_func(y_true, y_pred, **scoring_kwargs)
                        ^^^^^^^^^^^^^^^^^^^^^^^^^^^^^^^^^^^^^^^^^^^^^^^^^^
  File "E:\Sprint04\venv\Lib\site-packages\pycaret\internal\metrics.py", line 144, in __call__
    return self.score_func(y_true, y_pred, **kwargs)
           ^^^^^^^^^^^^^^^^^^^^^^^^^^^^^^^^^^^^^^^^^
  File "E:\Sprint04\venv\Lib\site-packages\sklearn\utils\_param_validation.py", line 213, in wrapper
    return func(*args, **kwargs)
           ^^^^^^^^^^^^^^^^^^^^^
  File "E:\Sprint04\venv\Lib\site-packages\sklearn\metrics\_ranking.py", line 634, in roc_auc_score
    return _multiclass_roc_auc_score(
           ^^^^^^^^^^^^^^^^^^^^^^^^^^
  File "E:\Sprint04\venv\Lib\site-packages\sklearn\metrics\_ranking.py", line 707, in _multiclass_roc_auc_score
    raise ValueError(
ValueError: Target scores need to be probabilities for multiclass roc_auc, i.e. they should sum up to 1.0 over classes

  warnings.warn(

2025-12-20 17:52:23,958:WARNING:E:\Sprint04\venv\Lib\site-packages\pycaret\internal\metrics.py:204: FitFailedWarning: Metric 'make_scorer(roc_auc_score, response_method=('decision_function', 'predict_proba'), average=weighted, multi_class=ovr)' failed and error score 0.0 has been returned instead. If this is a custom metric, this usually means that the error is in the metric code. Full exception below:
Traceback (most recent call last):
  File "E:\Sprint04\venv\Lib\site-packages\pycaret\internal\metrics.py", line 196, in _score
    return super()._score(
           ^^^^^^^^^^^^^^^
  File "E:\Sprint04\venv\Lib\site-packages\sklearn\metrics\_scorer.py", line 350, in _score
    return self._sign * self._score_func(y_true, y_pred, **scoring_kwargs)
                        ^^^^^^^^^^^^^^^^^^^^^^^^^^^^^^^^^^^^^^^^^^^^^^^^^^
  File "E:\Sprint04\venv\Lib\site-packages\pycaret\internal\metrics.py", line 144, in __call__
    return self.score_func(y_true, y_pred, **kwargs)
           ^^^^^^^^^^^^^^^^^^^^^^^^^^^^^^^^^^^^^^^^^
  File "E:\Sprint04\venv\Lib\site-packages\sklearn\utils\_param_validation.py", line 213, in wrapper
    return func(*args, **kwargs)
           ^^^^^^^^^^^^^^^^^^^^^
  File "E:\Sprint04\venv\Lib\site-packages\sklearn\metrics\_ranking.py", line 634, in roc_auc_score
    return _multiclass_roc_auc_score(
           ^^^^^^^^^^^^^^^^^^^^^^^^^^
  File "E:\Sprint04\venv\Lib\site-packages\sklearn\metrics\_ranking.py", line 707, in _multiclass_roc_auc_score
    raise ValueError(
ValueError: Target scores need to be probabilities for multiclass roc_auc, i.e. they should sum up to 1.0 over classes

  warnings.warn(

2025-12-20 17:52:23,963:WARNING:E:\Sprint04\venv\Lib\site-packages\pycaret\internal\metrics.py:204: FitFailedWarning: Metric 'make_scorer(roc_auc_score, response_method=('decision_function', 'predict_proba'), average=weighted, multi_class=ovr)' failed and error score 0.0 has been returned instead. If this is a custom metric, this usually means that the error is in the metric code. Full exception below:
Traceback (most recent call last):
  File "E:\Sprint04\venv\Lib\site-packages\pycaret\internal\metrics.py", line 196, in _score
    return super()._score(
           ^^^^^^^^^^^^^^^
  File "E:\Sprint04\venv\Lib\site-packages\sklearn\metrics\_scorer.py", line 350, in _score
    return self._sign * self._score_func(y_true, y_pred, **scoring_kwargs)
                        ^^^^^^^^^^^^^^^^^^^^^^^^^^^^^^^^^^^^^^^^^^^^^^^^^^
  File "E:\Sprint04\venv\Lib\site-packages\pycaret\internal\metrics.py", line 144, in __call__
    return self.score_func(y_true, y_pred, **kwargs)
           ^^^^^^^^^^^^^^^^^^^^^^^^^^^^^^^^^^^^^^^^^
  File "E:\Sprint04\venv\Lib\site-packages\sklearn\utils\_param_validation.py", line 213, in wrapper
    return func(*args, **kwargs)
           ^^^^^^^^^^^^^^^^^^^^^
  File "E:\Sprint04\venv\Lib\site-packages\sklearn\metrics\_ranking.py", line 634, in roc_auc_score
    return _multiclass_roc_auc_score(
           ^^^^^^^^^^^^^^^^^^^^^^^^^^
  File "E:\Sprint04\venv\Lib\site-packages\sklearn\metrics\_ranking.py", line 707, in _multiclass_roc_auc_score
    raise ValueError(
ValueError: Target scores need to be probabilities for multiclass roc_auc, i.e. they should sum up to 1.0 over classes

  warnings.warn(

2025-12-20 17:52:23,968:WARNING:E:\Sprint04\venv\Lib\site-packages\sklearn\metrics\_classification.py:1509: UndefinedMetricWarning: Precision is ill-defined and being set to 0.0 in labels with no predicted samples. Use `zero_division` parameter to control this behavior.
  _warn_prf(average, modifier, f"{metric.capitalize()} is", len(result))

2025-12-20 17:52:23,970:WARNING:E:\Sprint04\venv\Lib\site-packages\sklearn\metrics\_classification.py:1509: UndefinedMetricWarning: Precision is ill-defined and being set to 0.0 in labels with no predicted samples. Use `zero_division` parameter to control this behavior.
  _warn_prf(average, modifier, f"{metric.capitalize()} is", len(result))

2025-12-20 17:52:23,974:WARNING:E:\Sprint04\venv\Lib\site-packages\pycaret\internal\metrics.py:204: FitFailedWarning: Metric 'make_scorer(roc_auc_score, response_method=('decision_function', 'predict_proba'), average=weighted, multi_class=ovr)' failed and error score 0.0 has been returned instead. If this is a custom metric, this usually means that the error is in the metric code. Full exception below:
Traceback (most recent call last):
  File "E:\Sprint04\venv\Lib\site-packages\pycaret\internal\metrics.py", line 196, in _score
    return super()._score(
           ^^^^^^^^^^^^^^^
  File "E:\Sprint04\venv\Lib\site-packages\sklearn\metrics\_scorer.py", line 350, in _score
    return self._sign * self._score_func(y_true, y_pred, **scoring_kwargs)
                        ^^^^^^^^^^^^^^^^^^^^^^^^^^^^^^^^^^^^^^^^^^^^^^^^^^
  File "E:\Sprint04\venv\Lib\site-packages\pycaret\internal\metrics.py", line 144, in __call__
    return self.score_func(y_true, y_pred, **kwargs)
           ^^^^^^^^^^^^^^^^^^^^^^^^^^^^^^^^^^^^^^^^^
  File "E:\Sprint04\venv\Lib\site-packages\sklearn\utils\_param_validation.py", line 213, in wrapper
    return func(*args, **kwargs)
           ^^^^^^^^^^^^^^^^^^^^^
  File "E:\Sprint04\venv\Lib\site-packages\sklearn\metrics\_ranking.py", line 634, in roc_auc_score
    return _multiclass_roc_auc_score(
           ^^^^^^^^^^^^^^^^^^^^^^^^^^
  File "E:\Sprint04\venv\Lib\site-packages\sklearn\metrics\_ranking.py", line 707, in _multiclass_roc_auc_score
    raise ValueError(
ValueError: Target scores need to be probabilities for multiclass roc_auc, i.e. they should sum up to 1.0 over classes

  warnings.warn(

2025-12-20 17:52:24,041:WARNING:E:\Sprint04\venv\Lib\site-packages\pycaret\internal\metrics.py:204: FitFailedWarning: Metric 'make_scorer(roc_auc_score, response_method=('decision_function', 'predict_proba'), average=weighted, multi_class=ovr)' failed and error score 0.0 has been returned instead. If this is a custom metric, this usually means that the error is in the metric code. Full exception below:
Traceback (most recent call last):
  File "E:\Sprint04\venv\Lib\site-packages\pycaret\internal\metrics.py", line 196, in _score
    return super()._score(
           ^^^^^^^^^^^^^^^
  File "E:\Sprint04\venv\Lib\site-packages\sklearn\metrics\_scorer.py", line 350, in _score
    return self._sign * self._score_func(y_true, y_pred, **scoring_kwargs)
                        ^^^^^^^^^^^^^^^^^^^^^^^^^^^^^^^^^^^^^^^^^^^^^^^^^^
  File "E:\Sprint04\venv\Lib\site-packages\pycaret\internal\metrics.py", line 144, in __call__
    return self.score_func(y_true, y_pred, **kwargs)
           ^^^^^^^^^^^^^^^^^^^^^^^^^^^^^^^^^^^^^^^^^
  File "E:\Sprint04\venv\Lib\site-packages\sklearn\utils\_param_validation.py", line 213, in wrapper
    return func(*args, **kwargs)
           ^^^^^^^^^^^^^^^^^^^^^
  File "E:\Sprint04\venv\Lib\site-packages\sklearn\metrics\_ranking.py", line 634, in roc_auc_score
    return _multiclass_roc_auc_score(
           ^^^^^^^^^^^^^^^^^^^^^^^^^^
  File "E:\Sprint04\venv\Lib\site-packages\sklearn\metrics\_ranking.py", line 707, in _multiclass_roc_auc_score
    raise ValueError(
ValueError: Target scores need to be probabilities for multiclass roc_auc, i.e. they should sum up to 1.0 over classes

  warnings.warn(

2025-12-20 17:52:24,053:WARNING:E:\Sprint04\venv\Lib\site-packages\pycaret\internal\metrics.py:204: FitFailedWarning: Metric 'make_scorer(roc_auc_score, response_method=('decision_function', 'predict_proba'), average=weighted, multi_class=ovr)' failed and error score 0.0 has been returned instead. If this is a custom metric, this usually means that the error is in the metric code. Full exception below:
Traceback (most recent call last):
  File "E:\Sprint04\venv\Lib\site-packages\pycaret\internal\metrics.py", line 196, in _score
    return super()._score(
           ^^^^^^^^^^^^^^^
  File "E:\Sprint04\venv\Lib\site-packages\sklearn\metrics\_scorer.py", line 350, in _score
    return self._sign * self._score_func(y_true, y_pred, **scoring_kwargs)
                        ^^^^^^^^^^^^^^^^^^^^^^^^^^^^^^^^^^^^^^^^^^^^^^^^^^
  File "E:\Sprint04\venv\Lib\site-packages\pycaret\internal\metrics.py", line 144, in __call__
    return self.score_func(y_true, y_pred, **kwargs)
           ^^^^^^^^^^^^^^^^^^^^^^^^^^^^^^^^^^^^^^^^^
  File "E:\Sprint04\venv\Lib\site-packages\sklearn\utils\_param_validation.py", line 213, in wrapper
    return func(*args, **kwargs)
           ^^^^^^^^^^^^^^^^^^^^^
  File "E:\Sprint04\venv\Lib\site-packages\sklearn\metrics\_ranking.py", line 634, in roc_auc_score
    return _multiclass_roc_auc_score(
           ^^^^^^^^^^^^^^^^^^^^^^^^^^
  File "E:\Sprint04\venv\Lib\site-packages\sklearn\metrics\_ranking.py", line 707, in _multiclass_roc_auc_score
    raise ValueError(
ValueError: Target scores need to be probabilities for multiclass roc_auc, i.e. they should sum up to 1.0 over classes

  warnings.warn(

2025-12-20 17:52:24,056:WARNING:E:\Sprint04\venv\Lib\site-packages\pycaret\internal\metrics.py:204: FitFailedWarning: Metric 'make_scorer(roc_auc_score, response_method=('decision_function', 'predict_proba'), average=weighted, multi_class=ovr)' failed and error score 0.0 has been returned instead. If this is a custom metric, this usually means that the error is in the metric code. Full exception below:
Traceback (most recent call last):
  File "E:\Sprint04\venv\Lib\site-packages\pycaret\internal\metrics.py", line 196, in _score
    return super()._score(
           ^^^^^^^^^^^^^^^
  File "E:\Sprint04\venv\Lib\site-packages\sklearn\metrics\_scorer.py", line 350, in _score
    return self._sign * self._score_func(y_true, y_pred, **scoring_kwargs)
                        ^^^^^^^^^^^^^^^^^^^^^^^^^^^^^^^^^^^^^^^^^^^^^^^^^^
  File "E:\Sprint04\venv\Lib\site-packages\pycaret\internal\metrics.py", line 144, in __call__
    return self.score_func(y_true, y_pred, **kwargs)
           ^^^^^^^^^^^^^^^^^^^^^^^^^^^^^^^^^^^^^^^^^
  File "E:\Sprint04\venv\Lib\site-packages\sklearn\utils\_param_validation.py", line 213, in wrapper
    return func(*args, **kwargs)
           ^^^^^^^^^^^^^^^^^^^^^
  File "E:\Sprint04\venv\Lib\site-packages\sklearn\metrics\_ranking.py", line 634, in roc_auc_score
    return _multiclass_roc_auc_score(
           ^^^^^^^^^^^^^^^^^^^^^^^^^^
  File "E:\Sprint04\venv\Lib\site-packages\sklearn\metrics\_ranking.py", line 707, in _multiclass_roc_auc_score
    raise ValueError(
ValueError: Target scores need to be probabilities for multiclass roc_auc, i.e. they should sum up to 1.0 over classes

  warnings.warn(

2025-12-20 17:52:24,061:WARNING:E:\Sprint04\venv\Lib\site-packages\sklearn\metrics\_classification.py:1509: UndefinedMetricWarning: Precision is ill-defined and being set to 0.0 in labels with no predicted samples. Use `zero_division` parameter to control this behavior.
  _warn_prf(average, modifier, f"{metric.capitalize()} is", len(result))

2025-12-20 17:52:24,061:WARNING:E:\Sprint04\venv\Lib\site-packages\pycaret\internal\metrics.py:204: FitFailedWarning: Metric 'make_scorer(roc_auc_score, response_method=('decision_function', 'predict_proba'), average=weighted, multi_class=ovr)' failed and error score 0.0 has been returned instead. If this is a custom metric, this usually means that the error is in the metric code. Full exception below:
Traceback (most recent call last):
  File "E:\Sprint04\venv\Lib\site-packages\pycaret\internal\metrics.py", line 196, in _score
    return super()._score(
           ^^^^^^^^^^^^^^^
  File "E:\Sprint04\venv\Lib\site-packages\sklearn\metrics\_scorer.py", line 350, in _score
    return self._sign * self._score_func(y_true, y_pred, **scoring_kwargs)
                        ^^^^^^^^^^^^^^^^^^^^^^^^^^^^^^^^^^^^^^^^^^^^^^^^^^
  File "E:\Sprint04\venv\Lib\site-packages\pycaret\internal\metrics.py", line 144, in __call__
    return self.score_func(y_true, y_pred, **kwargs)
           ^^^^^^^^^^^^^^^^^^^^^^^^^^^^^^^^^^^^^^^^^
  File "E:\Sprint04\venv\Lib\site-packages\sklearn\utils\_param_validation.py", line 213, in wrapper
    return func(*args, **kwargs)
           ^^^^^^^^^^^^^^^^^^^^^
  File "E:\Sprint04\venv\Lib\site-packages\sklearn\metrics\_ranking.py", line 634, in roc_auc_score
    return _multiclass_roc_auc_score(
           ^^^^^^^^^^^^^^^^^^^^^^^^^^
  File "E:\Sprint04\venv\Lib\site-packages\sklearn\metrics\_ranking.py", line 707, in _multiclass_roc_auc_score
    raise ValueError(
ValueError: Target scores need to be probabilities for multiclass roc_auc, i.e. they should sum up to 1.0 over classes

  warnings.warn(

2025-12-20 17:52:24,117:WARNING:E:\Sprint04\venv\Lib\site-packages\pycaret\internal\metrics.py:204: FitFailedWarning: Metric 'make_scorer(roc_auc_score, response_method=('decision_function', 'predict_proba'), average=weighted, multi_class=ovr)' failed and error score 0.0 has been returned instead. If this is a custom metric, this usually means that the error is in the metric code. Full exception below:
Traceback (most recent call last):
  File "E:\Sprint04\venv\Lib\site-packages\pycaret\internal\metrics.py", line 196, in _score
    return super()._score(
           ^^^^^^^^^^^^^^^
  File "E:\Sprint04\venv\Lib\site-packages\sklearn\metrics\_scorer.py", line 350, in _score
    return self._sign * self._score_func(y_true, y_pred, **scoring_kwargs)
                        ^^^^^^^^^^^^^^^^^^^^^^^^^^^^^^^^^^^^^^^^^^^^^^^^^^
  File "E:\Sprint04\venv\Lib\site-packages\pycaret\internal\metrics.py", line 144, in __call__
    return self.score_func(y_true, y_pred, **kwargs)
           ^^^^^^^^^^^^^^^^^^^^^^^^^^^^^^^^^^^^^^^^^
  File "E:\Sprint04\venv\Lib\site-packages\sklearn\utils\_param_validation.py", line 213, in wrapper
    return func(*args, **kwargs)
           ^^^^^^^^^^^^^^^^^^^^^
  File "E:\Sprint04\venv\Lib\site-packages\sklearn\metrics\_ranking.py", line 634, in roc_auc_score
    return _multiclass_roc_auc_score(
           ^^^^^^^^^^^^^^^^^^^^^^^^^^
  File "E:\Sprint04\venv\Lib\site-packages\sklearn\metrics\_ranking.py", line 707, in _multiclass_roc_auc_score
    raise ValueError(
ValueError: Target scores need to be probabilities for multiclass roc_auc, i.e. they should sum up to 1.0 over classes

  warnings.warn(

2025-12-20 17:52:24,139:WARNING:E:\Sprint04\venv\Lib\site-packages\pycaret\internal\metrics.py:204: FitFailedWarning: Metric 'make_scorer(roc_auc_score, response_method=('decision_function', 'predict_proba'), average=weighted, multi_class=ovr)' failed and error score 0.0 has been returned instead. If this is a custom metric, this usually means that the error is in the metric code. Full exception below:
Traceback (most recent call last):
  File "E:\Sprint04\venv\Lib\site-packages\pycaret\internal\metrics.py", line 196, in _score
    return super()._score(
           ^^^^^^^^^^^^^^^
  File "E:\Sprint04\venv\Lib\site-packages\sklearn\metrics\_scorer.py", line 350, in _score
    return self._sign * self._score_func(y_true, y_pred, **scoring_kwargs)
                        ^^^^^^^^^^^^^^^^^^^^^^^^^^^^^^^^^^^^^^^^^^^^^^^^^^
  File "E:\Sprint04\venv\Lib\site-packages\pycaret\internal\metrics.py", line 144, in __call__
    return self.score_func(y_true, y_pred, **kwargs)
           ^^^^^^^^^^^^^^^^^^^^^^^^^^^^^^^^^^^^^^^^^
  File "E:\Sprint04\venv\Lib\site-packages\sklearn\utils\_param_validation.py", line 213, in wrapper
    return func(*args, **kwargs)
           ^^^^^^^^^^^^^^^^^^^^^
  File "E:\Sprint04\venv\Lib\site-packages\sklearn\metrics\_ranking.py", line 634, in roc_auc_score
    return _multiclass_roc_auc_score(
           ^^^^^^^^^^^^^^^^^^^^^^^^^^
  File "E:\Sprint04\venv\Lib\site-packages\sklearn\metrics\_ranking.py", line 707, in _multiclass_roc_auc_score
    raise ValueError(
ValueError: Target scores need to be probabilities for multiclass roc_auc, i.e. they should sum up to 1.0 over classes

  warnings.warn(

2025-12-20 17:52:24,146:WARNING:E:\Sprint04\venv\Lib\site-packages\sklearn\metrics\_classification.py:1509: UndefinedMetricWarning: Precision is ill-defined and being set to 0.0 in labels with no predicted samples. Use `zero_division` parameter to control this behavior.
  _warn_prf(average, modifier, f"{metric.capitalize()} is", len(result))

2025-12-20 17:52:24,157:INFO:Calculating mean and std
2025-12-20 17:52:24,159:INFO:Creating metrics dataframe
2025-12-20 17:52:24,162:INFO:Uploading results into container
2025-12-20 17:52:24,162:INFO:Uploading model into container now
2025-12-20 17:52:24,163:INFO:_master_model_container: 6
2025-12-20 17:52:24,163:INFO:_display_container: 2
2025-12-20 17:52:24,163:INFO:RidgeClassifier(random_state=789)
2025-12-20 17:52:24,164:INFO:create_model() successfully completed......................................
2025-12-20 17:52:24,356:INFO:SubProcess create_model() end ==================================
2025-12-20 17:52:24,356:INFO:Creating metrics dataframe
2025-12-20 17:52:24,360:INFO:Initializing Random Forest Classifier
2025-12-20 17:52:24,360:INFO:Total runtime is 0.1857940634091695 minutes
2025-12-20 17:52:24,360:INFO:SubProcess create_model() called ==================================
2025-12-20 17:52:24,360:INFO:Initializing create_model()
2025-12-20 17:52:24,361:INFO:create_model(self=<pycaret.classification.oop.ClassificationExperiment object at 0x0000017194F76B10>, estimator=rf, fold=StratifiedKFold(n_splits=10, random_state=None, shuffle=False), round=4, cross_validation=True, predict=True, fit_kwargs={}, groups=None, refit=False, probability_threshold=None, experiment_custom_tags=None, verbose=False, system=False, add_to_model_list=True, metrics=None, display=<pycaret.internal.display.display.CommonDisplay object at 0x0000017196001550>, model_only=True, return_train_score=False, error_score=0.0, kwargs={})
2025-12-20 17:52:24,361:INFO:Checking exceptions
2025-12-20 17:52:24,361:INFO:Importing libraries
2025-12-20 17:52:24,361:INFO:Copying training dataset
2025-12-20 17:52:24,369:INFO:Defining folds
2025-12-20 17:52:24,369:INFO:Declaring metric variables
2025-12-20 17:52:24,370:INFO:Importing untrained model
2025-12-20 17:52:24,370:INFO:Random Forest Classifier Imported successfully
2025-12-20 17:52:24,370:INFO:Starting cross validation
2025-12-20 17:52:24,372:INFO:Cross validating with StratifiedKFold(n_splits=10, random_state=None, shuffle=False), n_jobs=-1
2025-12-20 17:52:25,639:INFO:Calculating mean and std
2025-12-20 17:52:25,641:INFO:Creating metrics dataframe
2025-12-20 17:52:25,643:INFO:Uploading results into container
2025-12-20 17:52:25,643:INFO:Uploading model into container now
2025-12-20 17:52:25,643:INFO:_master_model_container: 7
2025-12-20 17:52:25,644:INFO:_display_container: 2
2025-12-20 17:52:25,644:INFO:RandomForestClassifier(n_jobs=-1, random_state=789)
2025-12-20 17:52:25,644:INFO:create_model() successfully completed......................................
2025-12-20 17:52:25,826:INFO:SubProcess create_model() end ==================================
2025-12-20 17:52:25,826:INFO:Creating metrics dataframe
2025-12-20 17:52:25,829:INFO:Initializing Quadratic Discriminant Analysis
2025-12-20 17:52:25,829:INFO:Total runtime is 0.2102852463722229 minutes
2025-12-20 17:52:25,829:INFO:SubProcess create_model() called ==================================
2025-12-20 17:52:25,830:INFO:Initializing create_model()
2025-12-20 17:52:25,830:INFO:create_model(self=<pycaret.classification.oop.ClassificationExperiment object at 0x0000017194F76B10>, estimator=qda, fold=StratifiedKFold(n_splits=10, random_state=None, shuffle=False), round=4, cross_validation=True, predict=True, fit_kwargs={}, groups=None, refit=False, probability_threshold=None, experiment_custom_tags=None, verbose=False, system=False, add_to_model_list=True, metrics=None, display=<pycaret.internal.display.display.CommonDisplay object at 0x0000017196001550>, model_only=True, return_train_score=False, error_score=0.0, kwargs={})
2025-12-20 17:52:25,830:INFO:Checking exceptions
2025-12-20 17:52:25,830:INFO:Importing libraries
2025-12-20 17:52:25,830:INFO:Copying training dataset
2025-12-20 17:52:25,837:INFO:Defining folds
2025-12-20 17:52:25,837:INFO:Declaring metric variables
2025-12-20 17:52:25,838:INFO:Importing untrained model
2025-12-20 17:52:25,838:INFO:Quadratic Discriminant Analysis Imported successfully
2025-12-20 17:52:25,839:INFO:Starting cross validation
2025-12-20 17:52:25,840:INFO:Cross validating with StratifiedKFold(n_splits=10, random_state=None, shuffle=False), n_jobs=-1
2025-12-20 17:52:25,927:WARNING:E:\Sprint04\venv\Lib\site-packages\sklearn\discriminant_analysis.py:935: UserWarning: Variables are collinear
  warnings.warn("Variables are collinear")

2025-12-20 17:52:25,927:WARNING:E:\Sprint04\venv\Lib\site-packages\sklearn\discriminant_analysis.py:935: UserWarning: Variables are collinear
  warnings.warn("Variables are collinear")

2025-12-20 17:52:25,927:WARNING:E:\Sprint04\venv\Lib\site-packages\sklearn\discriminant_analysis.py:935: UserWarning: Variables are collinear
  warnings.warn("Variables are collinear")

2025-12-20 17:52:25,927:WARNING:E:\Sprint04\venv\Lib\site-packages\sklearn\discriminant_analysis.py:935: UserWarning: Variables are collinear
  warnings.warn("Variables are collinear")

2025-12-20 17:52:25,951:WARNING:E:\Sprint04\venv\Lib\site-packages\pycaret\internal\metrics.py:204: FitFailedWarning: Metric 'make_scorer(roc_auc_score, response_method=('decision_function', 'predict_proba'), average=weighted, multi_class=ovr)' failed and error score 0.0 has been returned instead. If this is a custom metric, this usually means that the error is in the metric code. Full exception below:
Traceback (most recent call last):
  File "E:\Sprint04\venv\Lib\site-packages\pycaret\internal\metrics.py", line 196, in _score
    return super()._score(
           ^^^^^^^^^^^^^^^
  File "E:\Sprint04\venv\Lib\site-packages\sklearn\metrics\_scorer.py", line 350, in _score
    return self._sign * self._score_func(y_true, y_pred, **scoring_kwargs)
                        ^^^^^^^^^^^^^^^^^^^^^^^^^^^^^^^^^^^^^^^^^^^^^^^^^^
  File "E:\Sprint04\venv\Lib\site-packages\pycaret\internal\metrics.py", line 144, in __call__
    return self.score_func(y_true, y_pred, **kwargs)
           ^^^^^^^^^^^^^^^^^^^^^^^^^^^^^^^^^^^^^^^^^
  File "E:\Sprint04\venv\Lib\site-packages\sklearn\utils\_param_validation.py", line 213, in wrapper
    return func(*args, **kwargs)
           ^^^^^^^^^^^^^^^^^^^^^
  File "E:\Sprint04\venv\Lib\site-packages\sklearn\metrics\_ranking.py", line 634, in roc_auc_score
    return _multiclass_roc_auc_score(
           ^^^^^^^^^^^^^^^^^^^^^^^^^^
  File "E:\Sprint04\venv\Lib\site-packages\sklearn\metrics\_ranking.py", line 707, in _multiclass_roc_auc_score
    raise ValueError(
ValueError: Target scores need to be probabilities for multiclass roc_auc, i.e. they should sum up to 1.0 over classes

  warnings.warn(

2025-12-20 17:52:25,951:WARNING:E:\Sprint04\venv\Lib\site-packages\pycaret\internal\metrics.py:204: FitFailedWarning: Metric 'make_scorer(roc_auc_score, response_method=('decision_function', 'predict_proba'), average=weighted, multi_class=ovr)' failed and error score 0.0 has been returned instead. If this is a custom metric, this usually means that the error is in the metric code. Full exception below:
Traceback (most recent call last):
  File "E:\Sprint04\venv\Lib\site-packages\pycaret\internal\metrics.py", line 196, in _score
    return super()._score(
           ^^^^^^^^^^^^^^^
  File "E:\Sprint04\venv\Lib\site-packages\sklearn\metrics\_scorer.py", line 350, in _score
    return self._sign * self._score_func(y_true, y_pred, **scoring_kwargs)
                        ^^^^^^^^^^^^^^^^^^^^^^^^^^^^^^^^^^^^^^^^^^^^^^^^^^
  File "E:\Sprint04\venv\Lib\site-packages\pycaret\internal\metrics.py", line 144, in __call__
    return self.score_func(y_true, y_pred, **kwargs)
           ^^^^^^^^^^^^^^^^^^^^^^^^^^^^^^^^^^^^^^^^^
  File "E:\Sprint04\venv\Lib\site-packages\sklearn\utils\_param_validation.py", line 213, in wrapper
    return func(*args, **kwargs)
           ^^^^^^^^^^^^^^^^^^^^^
  File "E:\Sprint04\venv\Lib\site-packages\sklearn\metrics\_ranking.py", line 634, in roc_auc_score
    return _multiclass_roc_auc_score(
           ^^^^^^^^^^^^^^^^^^^^^^^^^^
  File "E:\Sprint04\venv\Lib\site-packages\sklearn\metrics\_ranking.py", line 707, in _multiclass_roc_auc_score
    raise ValueError(
ValueError: Target scores need to be probabilities for multiclass roc_auc, i.e. they should sum up to 1.0 over classes

  warnings.warn(

2025-12-20 17:52:25,951:WARNING:E:\Sprint04\venv\Lib\site-packages\pycaret\internal\metrics.py:204: FitFailedWarning: Metric 'make_scorer(roc_auc_score, response_method=('decision_function', 'predict_proba'), average=weighted, multi_class=ovr)' failed and error score 0.0 has been returned instead. If this is a custom metric, this usually means that the error is in the metric code. Full exception below:
Traceback (most recent call last):
  File "E:\Sprint04\venv\Lib\site-packages\pycaret\internal\metrics.py", line 196, in _score
    return super()._score(
           ^^^^^^^^^^^^^^^
  File "E:\Sprint04\venv\Lib\site-packages\sklearn\metrics\_scorer.py", line 350, in _score
    return self._sign * self._score_func(y_true, y_pred, **scoring_kwargs)
                        ^^^^^^^^^^^^^^^^^^^^^^^^^^^^^^^^^^^^^^^^^^^^^^^^^^
  File "E:\Sprint04\venv\Lib\site-packages\pycaret\internal\metrics.py", line 144, in __call__
    return self.score_func(y_true, y_pred, **kwargs)
           ^^^^^^^^^^^^^^^^^^^^^^^^^^^^^^^^^^^^^^^^^
  File "E:\Sprint04\venv\Lib\site-packages\sklearn\utils\_param_validation.py", line 213, in wrapper
    return func(*args, **kwargs)
           ^^^^^^^^^^^^^^^^^^^^^
  File "E:\Sprint04\venv\Lib\site-packages\sklearn\metrics\_ranking.py", line 634, in roc_auc_score
    return _multiclass_roc_auc_score(
           ^^^^^^^^^^^^^^^^^^^^^^^^^^
  File "E:\Sprint04\venv\Lib\site-packages\sklearn\metrics\_ranking.py", line 707, in _multiclass_roc_auc_score
    raise ValueError(
ValueError: Target scores need to be probabilities for multiclass roc_auc, i.e. they should sum up to 1.0 over classes

  warnings.warn(

2025-12-20 17:52:25,958:WARNING:E:\Sprint04\venv\Lib\site-packages\sklearn\metrics\_classification.py:1509: UndefinedMetricWarning: Precision is ill-defined and being set to 0.0 in labels with no predicted samples. Use `zero_division` parameter to control this behavior.
  _warn_prf(average, modifier, f"{metric.capitalize()} is", len(result))

2025-12-20 17:52:25,959:WARNING:E:\Sprint04\venv\Lib\site-packages\sklearn\metrics\_classification.py:1509: UndefinedMetricWarning: Precision is ill-defined and being set to 0.0 in labels with no predicted samples. Use `zero_division` parameter to control this behavior.
  _warn_prf(average, modifier, f"{metric.capitalize()} is", len(result))

2025-12-20 17:52:25,959:WARNING:E:\Sprint04\venv\Lib\site-packages\sklearn\metrics\_classification.py:1509: UndefinedMetricWarning: Precision is ill-defined and being set to 0.0 in labels with no predicted samples. Use `zero_division` parameter to control this behavior.
  _warn_prf(average, modifier, f"{metric.capitalize()} is", len(result))

2025-12-20 17:52:26,009:WARNING:E:\Sprint04\venv\Lib\site-packages\sklearn\discriminant_analysis.py:935: UserWarning: Variables are collinear
  warnings.warn("Variables are collinear")

2025-12-20 17:52:26,010:WARNING:E:\Sprint04\venv\Lib\site-packages\sklearn\discriminant_analysis.py:935: UserWarning: Variables are collinear
  warnings.warn("Variables are collinear")

2025-12-20 17:52:26,011:WARNING:E:\Sprint04\venv\Lib\site-packages\sklearn\discriminant_analysis.py:935: UserWarning: Variables are collinear
  warnings.warn("Variables are collinear")

2025-12-20 17:52:26,013:WARNING:E:\Sprint04\venv\Lib\site-packages\sklearn\discriminant_analysis.py:935: UserWarning: Variables are collinear
  warnings.warn("Variables are collinear")

2025-12-20 17:52:26,030:WARNING:E:\Sprint04\venv\Lib\site-packages\sklearn\discriminant_analysis.py:960: RuntimeWarning: divide by zero encountered in power
  X2 = np.dot(Xm, R * (S ** (-0.5)))

2025-12-20 17:52:26,031:WARNING:E:\Sprint04\venv\Lib\site-packages\sklearn\discriminant_analysis.py:960: RuntimeWarning: invalid value encountered in multiply
  X2 = np.dot(Xm, R * (S ** (-0.5)))

2025-12-20 17:52:26,031:WARNING:E:\Sprint04\venv\Lib\site-packages\sklearn\discriminant_analysis.py:963: RuntimeWarning: divide by zero encountered in log
  u = np.asarray([np.sum(np.log(s)) for s in self.scalings_])

2025-12-20 17:52:26,033:WARNING:E:\Sprint04\venv\Lib\site-packages\sklearn\discriminant_analysis.py:960: RuntimeWarning: divide by zero encountered in power
  X2 = np.dot(Xm, R * (S ** (-0.5)))

2025-12-20 17:52:26,034:WARNING:E:\Sprint04\venv\Lib\site-packages\sklearn\discriminant_analysis.py:960: RuntimeWarning: invalid value encountered in multiply
  X2 = np.dot(Xm, R * (S ** (-0.5)))

2025-12-20 17:52:26,034:WARNING:E:\Sprint04\venv\Lib\site-packages\sklearn\discriminant_analysis.py:963: RuntimeWarning: divide by zero encountered in log
  u = np.asarray([np.sum(np.log(s)) for s in self.scalings_])

2025-12-20 17:52:26,036:WARNING:E:\Sprint04\venv\Lib\site-packages\pycaret\internal\metrics.py:204: FitFailedWarning: Metric 'make_scorer(roc_auc_score, response_method=('decision_function', 'predict_proba'), average=weighted, multi_class=ovr)' failed and error score 0.0 has been returned instead. If this is a custom metric, this usually means that the error is in the metric code. Full exception below:
Traceback (most recent call last):
  File "E:\Sprint04\venv\Lib\site-packages\pycaret\internal\metrics.py", line 196, in _score
    return super()._score(
           ^^^^^^^^^^^^^^^
  File "E:\Sprint04\venv\Lib\site-packages\sklearn\metrics\_scorer.py", line 350, in _score
    return self._sign * self._score_func(y_true, y_pred, **scoring_kwargs)
                        ^^^^^^^^^^^^^^^^^^^^^^^^^^^^^^^^^^^^^^^^^^^^^^^^^^
  File "E:\Sprint04\venv\Lib\site-packages\pycaret\internal\metrics.py", line 144, in __call__
    return self.score_func(y_true, y_pred, **kwargs)
           ^^^^^^^^^^^^^^^^^^^^^^^^^^^^^^^^^^^^^^^^^
  File "E:\Sprint04\venv\Lib\site-packages\sklearn\utils\_param_validation.py", line 213, in wrapper
    return func(*args, **kwargs)
           ^^^^^^^^^^^^^^^^^^^^^
  File "E:\Sprint04\venv\Lib\site-packages\sklearn\metrics\_ranking.py", line 634, in roc_auc_score
    return _multiclass_roc_auc_score(
           ^^^^^^^^^^^^^^^^^^^^^^^^^^
  File "E:\Sprint04\venv\Lib\site-packages\sklearn\metrics\_ranking.py", line 707, in _multiclass_roc_auc_score
    raise ValueError(
ValueError: Target scores need to be probabilities for multiclass roc_auc, i.e. they should sum up to 1.0 over classes

  warnings.warn(

2025-12-20 17:52:26,039:WARNING:E:\Sprint04\venv\Lib\site-packages\pycaret\internal\metrics.py:204: FitFailedWarning: Metric 'make_scorer(roc_auc_score, response_method=('decision_function', 'predict_proba'), average=weighted, multi_class=ovr)' failed and error score 0.0 has been returned instead. If this is a custom metric, this usually means that the error is in the metric code. Full exception below:
Traceback (most recent call last):
  File "E:\Sprint04\venv\Lib\site-packages\pycaret\internal\metrics.py", line 196, in _score
    return super()._score(
           ^^^^^^^^^^^^^^^
  File "E:\Sprint04\venv\Lib\site-packages\sklearn\metrics\_scorer.py", line 350, in _score
    return self._sign * self._score_func(y_true, y_pred, **scoring_kwargs)
                        ^^^^^^^^^^^^^^^^^^^^^^^^^^^^^^^^^^^^^^^^^^^^^^^^^^
  File "E:\Sprint04\venv\Lib\site-packages\pycaret\internal\metrics.py", line 144, in __call__
    return self.score_func(y_true, y_pred, **kwargs)
           ^^^^^^^^^^^^^^^^^^^^^^^^^^^^^^^^^^^^^^^^^
  File "E:\Sprint04\venv\Lib\site-packages\sklearn\utils\_param_validation.py", line 213, in wrapper
    return func(*args, **kwargs)
           ^^^^^^^^^^^^^^^^^^^^^
  File "E:\Sprint04\venv\Lib\site-packages\sklearn\metrics\_ranking.py", line 634, in roc_auc_score
    return _multiclass_roc_auc_score(
           ^^^^^^^^^^^^^^^^^^^^^^^^^^
  File "E:\Sprint04\venv\Lib\site-packages\sklearn\metrics\_ranking.py", line 707, in _multiclass_roc_auc_score
    raise ValueError(
ValueError: Target scores need to be probabilities for multiclass roc_auc, i.e. they should sum up to 1.0 over classes

  warnings.warn(

2025-12-20 17:52:26,039:WARNING:E:\Sprint04\venv\Lib\site-packages\pycaret\internal\metrics.py:204: FitFailedWarning: Metric 'make_scorer(roc_auc_score, response_method=('decision_function', 'predict_proba'), average=weighted, multi_class=ovr)' failed and error score 0.0 has been returned instead. If this is a custom metric, this usually means that the error is in the metric code. Full exception below:
Traceback (most recent call last):
  File "E:\Sprint04\venv\Lib\site-packages\pycaret\internal\metrics.py", line 196, in _score
    return super()._score(
           ^^^^^^^^^^^^^^^
  File "E:\Sprint04\venv\Lib\site-packages\sklearn\metrics\_scorer.py", line 350, in _score
    return self._sign * self._score_func(y_true, y_pred, **scoring_kwargs)
                        ^^^^^^^^^^^^^^^^^^^^^^^^^^^^^^^^^^^^^^^^^^^^^^^^^^
  File "E:\Sprint04\venv\Lib\site-packages\pycaret\internal\metrics.py", line 144, in __call__
    return self.score_func(y_true, y_pred, **kwargs)
           ^^^^^^^^^^^^^^^^^^^^^^^^^^^^^^^^^^^^^^^^^
  File "E:\Sprint04\venv\Lib\site-packages\sklearn\utils\_param_validation.py", line 213, in wrapper
    return func(*args, **kwargs)
           ^^^^^^^^^^^^^^^^^^^^^
  File "E:\Sprint04\venv\Lib\site-packages\sklearn\metrics\_ranking.py", line 634, in roc_auc_score
    return _multiclass_roc_auc_score(
           ^^^^^^^^^^^^^^^^^^^^^^^^^^
  File "E:\Sprint04\venv\Lib\site-packages\sklearn\metrics\_ranking.py", line 707, in _multiclass_roc_auc_score
    raise ValueError(
ValueError: Target scores need to be probabilities for multiclass roc_auc, i.e. they should sum up to 1.0 over classes

  warnings.warn(

2025-12-20 17:52:26,044:WARNING:E:\Sprint04\venv\Lib\site-packages\sklearn\metrics\_classification.py:1509: UndefinedMetricWarning: Precision is ill-defined and being set to 0.0 in labels with no predicted samples. Use `zero_division` parameter to control this behavior.
  _warn_prf(average, modifier, f"{metric.capitalize()} is", len(result))

2025-12-20 17:52:26,045:WARNING:E:\Sprint04\venv\Lib\site-packages\sklearn\metrics\_classification.py:1509: UndefinedMetricWarning: Precision is ill-defined and being set to 0.0 in labels with no predicted samples. Use `zero_division` parameter to control this behavior.
  _warn_prf(average, modifier, f"{metric.capitalize()} is", len(result))

2025-12-20 17:52:26,058:WARNING:E:\Sprint04\venv\Lib\site-packages\pycaret\internal\metrics.py:204: FitFailedWarning: Metric 'make_scorer(roc_auc_score, response_method=('decision_function', 'predict_proba'), average=weighted, multi_class=ovr)' failed and error score 0.0 has been returned instead. If this is a custom metric, this usually means that the error is in the metric code. Full exception below:
Traceback (most recent call last):
  File "E:\Sprint04\venv\Lib\site-packages\pycaret\internal\metrics.py", line 196, in _score
    return super()._score(
           ^^^^^^^^^^^^^^^
  File "E:\Sprint04\venv\Lib\site-packages\sklearn\metrics\_scorer.py", line 350, in _score
    return self._sign * self._score_func(y_true, y_pred, **scoring_kwargs)
                        ^^^^^^^^^^^^^^^^^^^^^^^^^^^^^^^^^^^^^^^^^^^^^^^^^^
  File "E:\Sprint04\venv\Lib\site-packages\pycaret\internal\metrics.py", line 144, in __call__
    return self.score_func(y_true, y_pred, **kwargs)
           ^^^^^^^^^^^^^^^^^^^^^^^^^^^^^^^^^^^^^^^^^
  File "E:\Sprint04\venv\Lib\site-packages\sklearn\utils\_param_validation.py", line 213, in wrapper
    return func(*args, **kwargs)
           ^^^^^^^^^^^^^^^^^^^^^
  File "E:\Sprint04\venv\Lib\site-packages\sklearn\metrics\_ranking.py", line 619, in roc_auc_score
    y_score = check_array(y_score, ensure_2d=False)
              ^^^^^^^^^^^^^^^^^^^^^^^^^^^^^^^^^^^^^
  File "E:\Sprint04\venv\Lib\site-packages\sklearn\utils\validation.py", line 1049, in check_array
    _assert_all_finite(
  File "E:\Sprint04\venv\Lib\site-packages\sklearn\utils\validation.py", line 126, in _assert_all_finite
    _assert_all_finite_element_wise(
  File "E:\Sprint04\venv\Lib\site-packages\sklearn\utils\validation.py", line 175, in _assert_all_finite_element_wise
    raise ValueError(msg_err)
ValueError: Input contains NaN.

  warnings.warn(

2025-12-20 17:52:26,066:WARNING:E:\Sprint04\venv\Lib\site-packages\sklearn\metrics\_classification.py:1509: UndefinedMetricWarning: Precision is ill-defined and being set to 0.0 in labels with no predicted samples. Use `zero_division` parameter to control this behavior.
  _warn_prf(average, modifier, f"{metric.capitalize()} is", len(result))

2025-12-20 17:52:26,089:WARNING:E:\Sprint04\venv\Lib\site-packages\sklearn\discriminant_analysis.py:935: UserWarning: Variables are collinear
  warnings.warn("Variables are collinear")

2025-12-20 17:52:26,092:WARNING:E:\Sprint04\venv\Lib\site-packages\sklearn\discriminant_analysis.py:935: UserWarning: Variables are collinear
  warnings.warn("Variables are collinear")

2025-12-20 17:52:26,109:WARNING:E:\Sprint04\venv\Lib\site-packages\pycaret\internal\metrics.py:204: FitFailedWarning: Metric 'make_scorer(roc_auc_score, response_method=('decision_function', 'predict_proba'), average=weighted, multi_class=ovr)' failed and error score 0.0 has been returned instead. If this is a custom metric, this usually means that the error is in the metric code. Full exception below:
Traceback (most recent call last):
  File "E:\Sprint04\venv\Lib\site-packages\pycaret\internal\metrics.py", line 196, in _score
    return super()._score(
           ^^^^^^^^^^^^^^^
  File "E:\Sprint04\venv\Lib\site-packages\sklearn\metrics\_scorer.py", line 350, in _score
    return self._sign * self._score_func(y_true, y_pred, **scoring_kwargs)
                        ^^^^^^^^^^^^^^^^^^^^^^^^^^^^^^^^^^^^^^^^^^^^^^^^^^
  File "E:\Sprint04\venv\Lib\site-packages\pycaret\internal\metrics.py", line 144, in __call__
    return self.score_func(y_true, y_pred, **kwargs)
           ^^^^^^^^^^^^^^^^^^^^^^^^^^^^^^^^^^^^^^^^^
  File "E:\Sprint04\venv\Lib\site-packages\sklearn\utils\_param_validation.py", line 213, in wrapper
    return func(*args, **kwargs)
           ^^^^^^^^^^^^^^^^^^^^^
  File "E:\Sprint04\venv\Lib\site-packages\sklearn\metrics\_ranking.py", line 634, in roc_auc_score
    return _multiclass_roc_auc_score(
           ^^^^^^^^^^^^^^^^^^^^^^^^^^
  File "E:\Sprint04\venv\Lib\site-packages\sklearn\metrics\_ranking.py", line 707, in _multiclass_roc_auc_score
    raise ValueError(
ValueError: Target scores need to be probabilities for multiclass roc_auc, i.e. they should sum up to 1.0 over classes

  warnings.warn(

2025-12-20 17:52:26,114:WARNING:E:\Sprint04\venv\Lib\site-packages\pycaret\internal\metrics.py:204: FitFailedWarning: Metric 'make_scorer(roc_auc_score, response_method=('decision_function', 'predict_proba'), average=weighted, multi_class=ovr)' failed and error score 0.0 has been returned instead. If this is a custom metric, this usually means that the error is in the metric code. Full exception below:
Traceback (most recent call last):
  File "E:\Sprint04\venv\Lib\site-packages\pycaret\internal\metrics.py", line 196, in _score
    return super()._score(
           ^^^^^^^^^^^^^^^
  File "E:\Sprint04\venv\Lib\site-packages\sklearn\metrics\_scorer.py", line 350, in _score
    return self._sign * self._score_func(y_true, y_pred, **scoring_kwargs)
                        ^^^^^^^^^^^^^^^^^^^^^^^^^^^^^^^^^^^^^^^^^^^^^^^^^^
  File "E:\Sprint04\venv\Lib\site-packages\pycaret\internal\metrics.py", line 144, in __call__
    return self.score_func(y_true, y_pred, **kwargs)
           ^^^^^^^^^^^^^^^^^^^^^^^^^^^^^^^^^^^^^^^^^
  File "E:\Sprint04\venv\Lib\site-packages\sklearn\utils\_param_validation.py", line 213, in wrapper
    return func(*args, **kwargs)
           ^^^^^^^^^^^^^^^^^^^^^
  File "E:\Sprint04\venv\Lib\site-packages\sklearn\metrics\_ranking.py", line 634, in roc_auc_score
    return _multiclass_roc_auc_score(
           ^^^^^^^^^^^^^^^^^^^^^^^^^^
  File "E:\Sprint04\venv\Lib\site-packages\sklearn\metrics\_ranking.py", line 707, in _multiclass_roc_auc_score
    raise ValueError(
ValueError: Target scores need to be probabilities for multiclass roc_auc, i.e. they should sum up to 1.0 over classes

  warnings.warn(

2025-12-20 17:52:26,119:WARNING:E:\Sprint04\venv\Lib\site-packages\sklearn\metrics\_classification.py:1509: UndefinedMetricWarning: Precision is ill-defined and being set to 0.0 in labels with no predicted samples. Use `zero_division` parameter to control this behavior.
  _warn_prf(average, modifier, f"{metric.capitalize()} is", len(result))

2025-12-20 17:52:26,133:INFO:Calculating mean and std
2025-12-20 17:52:26,134:INFO:Creating metrics dataframe
2025-12-20 17:52:26,137:INFO:Uploading results into container
2025-12-20 17:52:26,138:INFO:Uploading model into container now
2025-12-20 17:52:26,138:INFO:_master_model_container: 8
2025-12-20 17:52:26,138:INFO:_display_container: 2
2025-12-20 17:52:26,138:INFO:QuadraticDiscriminantAnalysis()
2025-12-20 17:52:26,138:INFO:create_model() successfully completed......................................
2025-12-20 17:52:26,327:INFO:SubProcess create_model() end ==================================
2025-12-20 17:52:26,327:INFO:Creating metrics dataframe
2025-12-20 17:52:26,329:INFO:Initializing Ada Boost Classifier
2025-12-20 17:52:26,330:INFO:Total runtime is 0.2186255137125651 minutes
2025-12-20 17:52:26,330:INFO:SubProcess create_model() called ==================================
2025-12-20 17:52:26,330:INFO:Initializing create_model()
2025-12-20 17:52:26,330:INFO:create_model(self=<pycaret.classification.oop.ClassificationExperiment object at 0x0000017194F76B10>, estimator=ada, fold=StratifiedKFold(n_splits=10, random_state=None, shuffle=False), round=4, cross_validation=True, predict=True, fit_kwargs={}, groups=None, refit=False, probability_threshold=None, experiment_custom_tags=None, verbose=False, system=False, add_to_model_list=True, metrics=None, display=<pycaret.internal.display.display.CommonDisplay object at 0x0000017196001550>, model_only=True, return_train_score=False, error_score=0.0, kwargs={})
2025-12-20 17:52:26,330:INFO:Checking exceptions
2025-12-20 17:52:26,330:INFO:Importing libraries
2025-12-20 17:52:26,330:INFO:Copying training dataset
2025-12-20 17:52:26,336:INFO:Defining folds
2025-12-20 17:52:26,336:INFO:Declaring metric variables
2025-12-20 17:52:26,337:INFO:Importing untrained model
2025-12-20 17:52:26,337:INFO:Ada Boost Classifier Imported successfully
2025-12-20 17:52:26,337:INFO:Starting cross validation
2025-12-20 17:52:26,338:INFO:Cross validating with StratifiedKFold(n_splits=10, random_state=None, shuffle=False), n_jobs=-1
2025-12-20 17:52:26,399:WARNING:E:\Sprint04\venv\Lib\site-packages\sklearn\ensemble\_weight_boosting.py:519: FutureWarning: The SAMME.R algorithm (the default) is deprecated and will be removed in 1.6. Use the SAMME algorithm to circumvent this warning.
  warnings.warn(

2025-12-20 17:52:26,399:WARNING:E:\Sprint04\venv\Lib\site-packages\sklearn\ensemble\_weight_boosting.py:519: FutureWarning: The SAMME.R algorithm (the default) is deprecated and will be removed in 1.6. Use the SAMME algorithm to circumvent this warning.
  warnings.warn(

2025-12-20 17:52:26,401:WARNING:E:\Sprint04\venv\Lib\site-packages\sklearn\ensemble\_weight_boosting.py:519: FutureWarning: The SAMME.R algorithm (the default) is deprecated and will be removed in 1.6. Use the SAMME algorithm to circumvent this warning.
  warnings.warn(

2025-12-20 17:52:26,580:WARNING:E:\Sprint04\venv\Lib\site-packages\pycaret\internal\metrics.py:204: FitFailedWarning: Metric 'make_scorer(roc_auc_score, response_method=('decision_function', 'predict_proba'), average=weighted, multi_class=ovr)' failed and error score 0.0 has been returned instead. If this is a custom metric, this usually means that the error is in the metric code. Full exception below:
Traceback (most recent call last):
  File "E:\Sprint04\venv\Lib\site-packages\pycaret\internal\metrics.py", line 196, in _score
    return super()._score(
           ^^^^^^^^^^^^^^^
  File "E:\Sprint04\venv\Lib\site-packages\sklearn\metrics\_scorer.py", line 350, in _score
    return self._sign * self._score_func(y_true, y_pred, **scoring_kwargs)
                        ^^^^^^^^^^^^^^^^^^^^^^^^^^^^^^^^^^^^^^^^^^^^^^^^^^
  File "E:\Sprint04\venv\Lib\site-packages\pycaret\internal\metrics.py", line 144, in __call__
    return self.score_func(y_true, y_pred, **kwargs)
           ^^^^^^^^^^^^^^^^^^^^^^^^^^^^^^^^^^^^^^^^^
  File "E:\Sprint04\venv\Lib\site-packages\sklearn\utils\_param_validation.py", line 213, in wrapper
    return func(*args, **kwargs)
           ^^^^^^^^^^^^^^^^^^^^^
  File "E:\Sprint04\venv\Lib\site-packages\sklearn\metrics\_ranking.py", line 634, in roc_auc_score
    return _multiclass_roc_auc_score(
           ^^^^^^^^^^^^^^^^^^^^^^^^^^
  File "E:\Sprint04\venv\Lib\site-packages\sklearn\metrics\_ranking.py", line 707, in _multiclass_roc_auc_score
    raise ValueError(
ValueError: Target scores need to be probabilities for multiclass roc_auc, i.e. they should sum up to 1.0 over classes

  warnings.warn(

2025-12-20 17:52:26,581:WARNING:E:\Sprint04\venv\Lib\site-packages\pycaret\internal\metrics.py:204: FitFailedWarning: Metric 'make_scorer(roc_auc_score, response_method=('decision_function', 'predict_proba'), average=weighted, multi_class=ovr)' failed and error score 0.0 has been returned instead. If this is a custom metric, this usually means that the error is in the metric code. Full exception below:
Traceback (most recent call last):
  File "E:\Sprint04\venv\Lib\site-packages\pycaret\internal\metrics.py", line 196, in _score
    return super()._score(
           ^^^^^^^^^^^^^^^
  File "E:\Sprint04\venv\Lib\site-packages\sklearn\metrics\_scorer.py", line 350, in _score
    return self._sign * self._score_func(y_true, y_pred, **scoring_kwargs)
                        ^^^^^^^^^^^^^^^^^^^^^^^^^^^^^^^^^^^^^^^^^^^^^^^^^^
  File "E:\Sprint04\venv\Lib\site-packages\pycaret\internal\metrics.py", line 144, in __call__
    return self.score_func(y_true, y_pred, **kwargs)
           ^^^^^^^^^^^^^^^^^^^^^^^^^^^^^^^^^^^^^^^^^
  File "E:\Sprint04\venv\Lib\site-packages\sklearn\utils\_param_validation.py", line 213, in wrapper
    return func(*args, **kwargs)
           ^^^^^^^^^^^^^^^^^^^^^
  File "E:\Sprint04\venv\Lib\site-packages\sklearn\metrics\_ranking.py", line 634, in roc_auc_score
    return _multiclass_roc_auc_score(
           ^^^^^^^^^^^^^^^^^^^^^^^^^^
  File "E:\Sprint04\venv\Lib\site-packages\sklearn\metrics\_ranking.py", line 707, in _multiclass_roc_auc_score
    raise ValueError(
ValueError: Target scores need to be probabilities for multiclass roc_auc, i.e. they should sum up to 1.0 over classes

  warnings.warn(

2025-12-20 17:52:26,588:WARNING:E:\Sprint04\venv\Lib\site-packages\pycaret\internal\metrics.py:204: FitFailedWarning: Metric 'make_scorer(roc_auc_score, response_method=('decision_function', 'predict_proba'), average=weighted, multi_class=ovr)' failed and error score 0.0 has been returned instead. If this is a custom metric, this usually means that the error is in the metric code. Full exception below:
Traceback (most recent call last):
  File "E:\Sprint04\venv\Lib\site-packages\pycaret\internal\metrics.py", line 196, in _score
    return super()._score(
           ^^^^^^^^^^^^^^^
  File "E:\Sprint04\venv\Lib\site-packages\sklearn\metrics\_scorer.py", line 350, in _score
    return self._sign * self._score_func(y_true, y_pred, **scoring_kwargs)
                        ^^^^^^^^^^^^^^^^^^^^^^^^^^^^^^^^^^^^^^^^^^^^^^^^^^
  File "E:\Sprint04\venv\Lib\site-packages\pycaret\internal\metrics.py", line 144, in __call__
    return self.score_func(y_true, y_pred, **kwargs)
           ^^^^^^^^^^^^^^^^^^^^^^^^^^^^^^^^^^^^^^^^^
  File "E:\Sprint04\venv\Lib\site-packages\sklearn\utils\_param_validation.py", line 213, in wrapper
    return func(*args, **kwargs)
           ^^^^^^^^^^^^^^^^^^^^^
  File "E:\Sprint04\venv\Lib\site-packages\sklearn\metrics\_ranking.py", line 634, in roc_auc_score
    return _multiclass_roc_auc_score(
           ^^^^^^^^^^^^^^^^^^^^^^^^^^
  File "E:\Sprint04\venv\Lib\site-packages\sklearn\metrics\_ranking.py", line 707, in _multiclass_roc_auc_score
    raise ValueError(
ValueError: Target scores need to be probabilities for multiclass roc_auc, i.e. they should sum up to 1.0 over classes

  warnings.warn(

2025-12-20 17:52:26,591:WARNING:E:\Sprint04\venv\Lib\site-packages\pycaret\internal\metrics.py:204: FitFailedWarning: Metric 'make_scorer(roc_auc_score, response_method=('decision_function', 'predict_proba'), average=weighted, multi_class=ovr)' failed and error score 0.0 has been returned instead. If this is a custom metric, this usually means that the error is in the metric code. Full exception below:
Traceback (most recent call last):
  File "E:\Sprint04\venv\Lib\site-packages\pycaret\internal\metrics.py", line 196, in _score
    return super()._score(
           ^^^^^^^^^^^^^^^
  File "E:\Sprint04\venv\Lib\site-packages\sklearn\metrics\_scorer.py", line 350, in _score
    return self._sign * self._score_func(y_true, y_pred, **scoring_kwargs)
                        ^^^^^^^^^^^^^^^^^^^^^^^^^^^^^^^^^^^^^^^^^^^^^^^^^^
  File "E:\Sprint04\venv\Lib\site-packages\pycaret\internal\metrics.py", line 144, in __call__
    return self.score_func(y_true, y_pred, **kwargs)
           ^^^^^^^^^^^^^^^^^^^^^^^^^^^^^^^^^^^^^^^^^
  File "E:\Sprint04\venv\Lib\site-packages\sklearn\utils\_param_validation.py", line 213, in wrapper
    return func(*args, **kwargs)
           ^^^^^^^^^^^^^^^^^^^^^
  File "E:\Sprint04\venv\Lib\site-packages\sklearn\metrics\_ranking.py", line 634, in roc_auc_score
    return _multiclass_roc_auc_score(
           ^^^^^^^^^^^^^^^^^^^^^^^^^^
  File "E:\Sprint04\venv\Lib\site-packages\sklearn\metrics\_ranking.py", line 707, in _multiclass_roc_auc_score
    raise ValueError(
ValueError: Target scores need to be probabilities for multiclass roc_auc, i.e. they should sum up to 1.0 over classes

  warnings.warn(

2025-12-20 17:52:26,641:WARNING:E:\Sprint04\venv\Lib\site-packages\sklearn\ensemble\_weight_boosting.py:519: FutureWarning: The SAMME.R algorithm (the default) is deprecated and will be removed in 1.6. Use the SAMME algorithm to circumvent this warning.
  warnings.warn(

2025-12-20 17:52:26,642:WARNING:E:\Sprint04\venv\Lib\site-packages\sklearn\ensemble\_weight_boosting.py:519: FutureWarning: The SAMME.R algorithm (the default) is deprecated and will be removed in 1.6. Use the SAMME algorithm to circumvent this warning.
  warnings.warn(

2025-12-20 17:52:26,645:WARNING:E:\Sprint04\venv\Lib\site-packages\sklearn\ensemble\_weight_boosting.py:519: FutureWarning: The SAMME.R algorithm (the default) is deprecated and will be removed in 1.6. Use the SAMME algorithm to circumvent this warning.
  warnings.warn(

2025-12-20 17:52:26,647:WARNING:E:\Sprint04\venv\Lib\site-packages\sklearn\ensemble\_weight_boosting.py:519: FutureWarning: The SAMME.R algorithm (the default) is deprecated and will be removed in 1.6. Use the SAMME algorithm to circumvent this warning.
  warnings.warn(

2025-12-20 17:52:26,821:WARNING:E:\Sprint04\venv\Lib\site-packages\pycaret\internal\metrics.py:204: FitFailedWarning: Metric 'make_scorer(roc_auc_score, response_method=('decision_function', 'predict_proba'), average=weighted, multi_class=ovr)' failed and error score 0.0 has been returned instead. If this is a custom metric, this usually means that the error is in the metric code. Full exception below:
Traceback (most recent call last):
  File "E:\Sprint04\venv\Lib\site-packages\pycaret\internal\metrics.py", line 196, in _score
    return super()._score(
           ^^^^^^^^^^^^^^^
  File "E:\Sprint04\venv\Lib\site-packages\sklearn\metrics\_scorer.py", line 350, in _score
    return self._sign * self._score_func(y_true, y_pred, **scoring_kwargs)
                        ^^^^^^^^^^^^^^^^^^^^^^^^^^^^^^^^^^^^^^^^^^^^^^^^^^
  File "E:\Sprint04\venv\Lib\site-packages\pycaret\internal\metrics.py", line 144, in __call__
    return self.score_func(y_true, y_pred, **kwargs)
           ^^^^^^^^^^^^^^^^^^^^^^^^^^^^^^^^^^^^^^^^^
  File "E:\Sprint04\venv\Lib\site-packages\sklearn\utils\_param_validation.py", line 213, in wrapper
    return func(*args, **kwargs)
           ^^^^^^^^^^^^^^^^^^^^^
  File "E:\Sprint04\venv\Lib\site-packages\sklearn\metrics\_ranking.py", line 634, in roc_auc_score
    return _multiclass_roc_auc_score(
           ^^^^^^^^^^^^^^^^^^^^^^^^^^
  File "E:\Sprint04\venv\Lib\site-packages\sklearn\metrics\_ranking.py", line 707, in _multiclass_roc_auc_score
    raise ValueError(
ValueError: Target scores need to be probabilities for multiclass roc_auc, i.e. they should sum up to 1.0 over classes

  warnings.warn(

2025-12-20 17:52:26,824:WARNING:E:\Sprint04\venv\Lib\site-packages\pycaret\internal\metrics.py:204: FitFailedWarning: Metric 'make_scorer(roc_auc_score, response_method=('decision_function', 'predict_proba'), average=weighted, multi_class=ovr)' failed and error score 0.0 has been returned instead. If this is a custom metric, this usually means that the error is in the metric code. Full exception below:
Traceback (most recent call last):
  File "E:\Sprint04\venv\Lib\site-packages\pycaret\internal\metrics.py", line 196, in _score
    return super()._score(
           ^^^^^^^^^^^^^^^
  File "E:\Sprint04\venv\Lib\site-packages\sklearn\metrics\_scorer.py", line 350, in _score
    return self._sign * self._score_func(y_true, y_pred, **scoring_kwargs)
                        ^^^^^^^^^^^^^^^^^^^^^^^^^^^^^^^^^^^^^^^^^^^^^^^^^^
  File "E:\Sprint04\venv\Lib\site-packages\pycaret\internal\metrics.py", line 144, in __call__
    return self.score_func(y_true, y_pred, **kwargs)
           ^^^^^^^^^^^^^^^^^^^^^^^^^^^^^^^^^^^^^^^^^
  File "E:\Sprint04\venv\Lib\site-packages\sklearn\utils\_param_validation.py", line 213, in wrapper
    return func(*args, **kwargs)
           ^^^^^^^^^^^^^^^^^^^^^
  File "E:\Sprint04\venv\Lib\site-packages\sklearn\metrics\_ranking.py", line 634, in roc_auc_score
    return _multiclass_roc_auc_score(
           ^^^^^^^^^^^^^^^^^^^^^^^^^^
  File "E:\Sprint04\venv\Lib\site-packages\sklearn\metrics\_ranking.py", line 707, in _multiclass_roc_auc_score
    raise ValueError(
ValueError: Target scores need to be probabilities for multiclass roc_auc, i.e. they should sum up to 1.0 over classes

  warnings.warn(

2025-12-20 17:52:26,827:WARNING:E:\Sprint04\venv\Lib\site-packages\pycaret\internal\metrics.py:204: FitFailedWarning: Metric 'make_scorer(roc_auc_score, response_method=('decision_function', 'predict_proba'), average=weighted, multi_class=ovr)' failed and error score 0.0 has been returned instead. If this is a custom metric, this usually means that the error is in the metric code. Full exception below:
Traceback (most recent call last):
  File "E:\Sprint04\venv\Lib\site-packages\pycaret\internal\metrics.py", line 196, in _score
    return super()._score(
           ^^^^^^^^^^^^^^^
  File "E:\Sprint04\venv\Lib\site-packages\sklearn\metrics\_scorer.py", line 350, in _score
    return self._sign * self._score_func(y_true, y_pred, **scoring_kwargs)
                        ^^^^^^^^^^^^^^^^^^^^^^^^^^^^^^^^^^^^^^^^^^^^^^^^^^
  File "E:\Sprint04\venv\Lib\site-packages\pycaret\internal\metrics.py", line 144, in __call__
    return self.score_func(y_true, y_pred, **kwargs)
           ^^^^^^^^^^^^^^^^^^^^^^^^^^^^^^^^^^^^^^^^^
  File "E:\Sprint04\venv\Lib\site-packages\sklearn\utils\_param_validation.py", line 213, in wrapper
    return func(*args, **kwargs)
           ^^^^^^^^^^^^^^^^^^^^^
  File "E:\Sprint04\venv\Lib\site-packages\sklearn\metrics\_ranking.py", line 634, in roc_auc_score
    return _multiclass_roc_auc_score(
           ^^^^^^^^^^^^^^^^^^^^^^^^^^
  File "E:\Sprint04\venv\Lib\site-packages\sklearn\metrics\_ranking.py", line 707, in _multiclass_roc_auc_score
    raise ValueError(
ValueError: Target scores need to be probabilities for multiclass roc_auc, i.e. they should sum up to 1.0 over classes

  warnings.warn(

2025-12-20 17:52:26,872:WARNING:E:\Sprint04\venv\Lib\site-packages\sklearn\ensemble\_weight_boosting.py:519: FutureWarning: The SAMME.R algorithm (the default) is deprecated and will be removed in 1.6. Use the SAMME algorithm to circumvent this warning.
  warnings.warn(

2025-12-20 17:52:26,874:WARNING:E:\Sprint04\venv\Lib\site-packages\sklearn\ensemble\_weight_boosting.py:519: FutureWarning: The SAMME.R algorithm (the default) is deprecated and will be removed in 1.6. Use the SAMME algorithm to circumvent this warning.
  warnings.warn(

2025-12-20 17:52:26,989:WARNING:E:\Sprint04\venv\Lib\site-packages\pycaret\internal\metrics.py:204: FitFailedWarning: Metric 'make_scorer(roc_auc_score, response_method=('decision_function', 'predict_proba'), average=weighted, multi_class=ovr)' failed and error score 0.0 has been returned instead. If this is a custom metric, this usually means that the error is in the metric code. Full exception below:
Traceback (most recent call last):
  File "E:\Sprint04\venv\Lib\site-packages\pycaret\internal\metrics.py", line 196, in _score
    return super()._score(
           ^^^^^^^^^^^^^^^
  File "E:\Sprint04\venv\Lib\site-packages\sklearn\metrics\_scorer.py", line 350, in _score
    return self._sign * self._score_func(y_true, y_pred, **scoring_kwargs)
                        ^^^^^^^^^^^^^^^^^^^^^^^^^^^^^^^^^^^^^^^^^^^^^^^^^^
  File "E:\Sprint04\venv\Lib\site-packages\pycaret\internal\metrics.py", line 144, in __call__
    return self.score_func(y_true, y_pred, **kwargs)
           ^^^^^^^^^^^^^^^^^^^^^^^^^^^^^^^^^^^^^^^^^
  File "E:\Sprint04\venv\Lib\site-packages\sklearn\utils\_param_validation.py", line 213, in wrapper
    return func(*args, **kwargs)
           ^^^^^^^^^^^^^^^^^^^^^
  File "E:\Sprint04\venv\Lib\site-packages\sklearn\metrics\_ranking.py", line 634, in roc_auc_score
    return _multiclass_roc_auc_score(
           ^^^^^^^^^^^^^^^^^^^^^^^^^^
  File "E:\Sprint04\venv\Lib\site-packages\sklearn\metrics\_ranking.py", line 707, in _multiclass_roc_auc_score
    raise ValueError(
ValueError: Target scores need to be probabilities for multiclass roc_auc, i.e. they should sum up to 1.0 over classes

  warnings.warn(

2025-12-20 17:52:26,991:WARNING:E:\Sprint04\venv\Lib\site-packages\pycaret\internal\metrics.py:204: FitFailedWarning: Metric 'make_scorer(roc_auc_score, response_method=('decision_function', 'predict_proba'), average=weighted, multi_class=ovr)' failed and error score 0.0 has been returned instead. If this is a custom metric, this usually means that the error is in the metric code. Full exception below:
Traceback (most recent call last):
  File "E:\Sprint04\venv\Lib\site-packages\pycaret\internal\metrics.py", line 196, in _score
    return super()._score(
           ^^^^^^^^^^^^^^^
  File "E:\Sprint04\venv\Lib\site-packages\sklearn\metrics\_scorer.py", line 350, in _score
    return self._sign * self._score_func(y_true, y_pred, **scoring_kwargs)
                        ^^^^^^^^^^^^^^^^^^^^^^^^^^^^^^^^^^^^^^^^^^^^^^^^^^
  File "E:\Sprint04\venv\Lib\site-packages\pycaret\internal\metrics.py", line 144, in __call__
    return self.score_func(y_true, y_pred, **kwargs)
           ^^^^^^^^^^^^^^^^^^^^^^^^^^^^^^^^^^^^^^^^^
  File "E:\Sprint04\venv\Lib\site-packages\sklearn\utils\_param_validation.py", line 213, in wrapper
    return func(*args, **kwargs)
           ^^^^^^^^^^^^^^^^^^^^^
  File "E:\Sprint04\venv\Lib\site-packages\sklearn\metrics\_ranking.py", line 634, in roc_auc_score
    return _multiclass_roc_auc_score(
           ^^^^^^^^^^^^^^^^^^^^^^^^^^
  File "E:\Sprint04\venv\Lib\site-packages\sklearn\metrics\_ranking.py", line 707, in _multiclass_roc_auc_score
    raise ValueError(
ValueError: Target scores need to be probabilities for multiclass roc_auc, i.e. they should sum up to 1.0 over classes

  warnings.warn(

2025-12-20 17:52:27,012:INFO:Calculating mean and std
2025-12-20 17:52:27,013:INFO:Creating metrics dataframe
2025-12-20 17:52:27,015:INFO:Uploading results into container
2025-12-20 17:52:27,015:INFO:Uploading model into container now
2025-12-20 17:52:27,016:INFO:_master_model_container: 9
2025-12-20 17:52:27,016:INFO:_display_container: 2
2025-12-20 17:52:27,016:INFO:AdaBoostClassifier(random_state=789)
2025-12-20 17:52:27,016:INFO:create_model() successfully completed......................................
2025-12-20 17:52:27,178:INFO:SubProcess create_model() end ==================================
2025-12-20 17:52:27,179:INFO:Creating metrics dataframe
2025-12-20 17:52:27,181:INFO:Initializing Gradient Boosting Classifier
2025-12-20 17:52:27,181:INFO:Total runtime is 0.23281415303548178 minutes
2025-12-20 17:52:27,182:INFO:SubProcess create_model() called ==================================
2025-12-20 17:52:27,182:INFO:Initializing create_model()
2025-12-20 17:52:27,182:INFO:create_model(self=<pycaret.classification.oop.ClassificationExperiment object at 0x0000017194F76B10>, estimator=gbc, fold=StratifiedKFold(n_splits=10, random_state=None, shuffle=False), round=4, cross_validation=True, predict=True, fit_kwargs={}, groups=None, refit=False, probability_threshold=None, experiment_custom_tags=None, verbose=False, system=False, add_to_model_list=True, metrics=None, display=<pycaret.internal.display.display.CommonDisplay object at 0x0000017196001550>, model_only=True, return_train_score=False, error_score=0.0, kwargs={})
2025-12-20 17:52:27,182:INFO:Checking exceptions
2025-12-20 17:52:27,182:INFO:Importing libraries
2025-12-20 17:52:27,182:INFO:Copying training dataset
2025-12-20 17:52:27,190:INFO:Defining folds
2025-12-20 17:52:27,190:INFO:Declaring metric variables
2025-12-20 17:52:27,190:INFO:Importing untrained model
2025-12-20 17:52:27,191:INFO:Gradient Boosting Classifier Imported successfully
2025-12-20 17:52:27,191:INFO:Starting cross validation
2025-12-20 17:52:27,192:INFO:Cross validating with StratifiedKFold(n_splits=10, random_state=None, shuffle=False), n_jobs=-1
2025-12-20 17:52:27,629:WARNING:E:\Sprint04\venv\Lib\site-packages\pycaret\internal\metrics.py:204: FitFailedWarning: Metric 'make_scorer(roc_auc_score, response_method=('decision_function', 'predict_proba'), average=weighted, multi_class=ovr)' failed and error score 0.0 has been returned instead. If this is a custom metric, this usually means that the error is in the metric code. Full exception below:
Traceback (most recent call last):
  File "E:\Sprint04\venv\Lib\site-packages\pycaret\internal\metrics.py", line 196, in _score
    return super()._score(
           ^^^^^^^^^^^^^^^
  File "E:\Sprint04\venv\Lib\site-packages\sklearn\metrics\_scorer.py", line 350, in _score
    return self._sign * self._score_func(y_true, y_pred, **scoring_kwargs)
                        ^^^^^^^^^^^^^^^^^^^^^^^^^^^^^^^^^^^^^^^^^^^^^^^^^^
  File "E:\Sprint04\venv\Lib\site-packages\pycaret\internal\metrics.py", line 144, in __call__
    return self.score_func(y_true, y_pred, **kwargs)
           ^^^^^^^^^^^^^^^^^^^^^^^^^^^^^^^^^^^^^^^^^
  File "E:\Sprint04\venv\Lib\site-packages\sklearn\utils\_param_validation.py", line 213, in wrapper
    return func(*args, **kwargs)
           ^^^^^^^^^^^^^^^^^^^^^
  File "E:\Sprint04\venv\Lib\site-packages\sklearn\metrics\_ranking.py", line 634, in roc_auc_score
    return _multiclass_roc_auc_score(
           ^^^^^^^^^^^^^^^^^^^^^^^^^^
  File "E:\Sprint04\venv\Lib\site-packages\sklearn\metrics\_ranking.py", line 707, in _multiclass_roc_auc_score
    raise ValueError(
ValueError: Target scores need to be probabilities for multiclass roc_auc, i.e. they should sum up to 1.0 over classes

  warnings.warn(

2025-12-20 17:52:27,632:WARNING:E:\Sprint04\venv\Lib\site-packages\pycaret\internal\metrics.py:204: FitFailedWarning: Metric 'make_scorer(roc_auc_score, response_method=('decision_function', 'predict_proba'), average=weighted, multi_class=ovr)' failed and error score 0.0 has been returned instead. If this is a custom metric, this usually means that the error is in the metric code. Full exception below:
Traceback (most recent call last):
  File "E:\Sprint04\venv\Lib\site-packages\pycaret\internal\metrics.py", line 196, in _score
    return super()._score(
           ^^^^^^^^^^^^^^^
  File "E:\Sprint04\venv\Lib\site-packages\sklearn\metrics\_scorer.py", line 350, in _score
    return self._sign * self._score_func(y_true, y_pred, **scoring_kwargs)
                        ^^^^^^^^^^^^^^^^^^^^^^^^^^^^^^^^^^^^^^^^^^^^^^^^^^
  File "E:\Sprint04\venv\Lib\site-packages\pycaret\internal\metrics.py", line 144, in __call__
    return self.score_func(y_true, y_pred, **kwargs)
           ^^^^^^^^^^^^^^^^^^^^^^^^^^^^^^^^^^^^^^^^^
  File "E:\Sprint04\venv\Lib\site-packages\sklearn\utils\_param_validation.py", line 213, in wrapper
    return func(*args, **kwargs)
           ^^^^^^^^^^^^^^^^^^^^^
  File "E:\Sprint04\venv\Lib\site-packages\sklearn\metrics\_ranking.py", line 634, in roc_auc_score
    return _multiclass_roc_auc_score(
           ^^^^^^^^^^^^^^^^^^^^^^^^^^
  File "E:\Sprint04\venv\Lib\site-packages\sklearn\metrics\_ranking.py", line 707, in _multiclass_roc_auc_score
    raise ValueError(
ValueError: Target scores need to be probabilities for multiclass roc_auc, i.e. they should sum up to 1.0 over classes

  warnings.warn(

2025-12-20 17:52:27,635:WARNING:E:\Sprint04\venv\Lib\site-packages\pycaret\internal\metrics.py:204: FitFailedWarning: Metric 'make_scorer(roc_auc_score, response_method=('decision_function', 'predict_proba'), average=weighted, multi_class=ovr)' failed and error score 0.0 has been returned instead. If this is a custom metric, this usually means that the error is in the metric code. Full exception below:
Traceback (most recent call last):
  File "E:\Sprint04\venv\Lib\site-packages\pycaret\internal\metrics.py", line 196, in _score
    return super()._score(
           ^^^^^^^^^^^^^^^
  File "E:\Sprint04\venv\Lib\site-packages\sklearn\metrics\_scorer.py", line 350, in _score
    return self._sign * self._score_func(y_true, y_pred, **scoring_kwargs)
                        ^^^^^^^^^^^^^^^^^^^^^^^^^^^^^^^^^^^^^^^^^^^^^^^^^^
  File "E:\Sprint04\venv\Lib\site-packages\pycaret\internal\metrics.py", line 144, in __call__
    return self.score_func(y_true, y_pred, **kwargs)
           ^^^^^^^^^^^^^^^^^^^^^^^^^^^^^^^^^^^^^^^^^
  File "E:\Sprint04\venv\Lib\site-packages\sklearn\utils\_param_validation.py", line 213, in wrapper
    return func(*args, **kwargs)
           ^^^^^^^^^^^^^^^^^^^^^
  File "E:\Sprint04\venv\Lib\site-packages\sklearn\metrics\_ranking.py", line 634, in roc_auc_score
    return _multiclass_roc_auc_score(
           ^^^^^^^^^^^^^^^^^^^^^^^^^^
  File "E:\Sprint04\venv\Lib\site-packages\sklearn\metrics\_ranking.py", line 707, in _multiclass_roc_auc_score
    raise ValueError(
ValueError: Target scores need to be probabilities for multiclass roc_auc, i.e. they should sum up to 1.0 over classes

  warnings.warn(

2025-12-20 17:52:27,663:WARNING:E:\Sprint04\venv\Lib\site-packages\pycaret\internal\metrics.py:204: FitFailedWarning: Metric 'make_scorer(roc_auc_score, response_method=('decision_function', 'predict_proba'), average=weighted, multi_class=ovr)' failed and error score 0.0 has been returned instead. If this is a custom metric, this usually means that the error is in the metric code. Full exception below:
Traceback (most recent call last):
  File "E:\Sprint04\venv\Lib\site-packages\pycaret\internal\metrics.py", line 196, in _score
    return super()._score(
           ^^^^^^^^^^^^^^^
  File "E:\Sprint04\venv\Lib\site-packages\sklearn\metrics\_scorer.py", line 350, in _score
    return self._sign * self._score_func(y_true, y_pred, **scoring_kwargs)
                        ^^^^^^^^^^^^^^^^^^^^^^^^^^^^^^^^^^^^^^^^^^^^^^^^^^
  File "E:\Sprint04\venv\Lib\site-packages\pycaret\internal\metrics.py", line 144, in __call__
    return self.score_func(y_true, y_pred, **kwargs)
           ^^^^^^^^^^^^^^^^^^^^^^^^^^^^^^^^^^^^^^^^^
  File "E:\Sprint04\venv\Lib\site-packages\sklearn\utils\_param_validation.py", line 213, in wrapper
    return func(*args, **kwargs)
           ^^^^^^^^^^^^^^^^^^^^^
  File "E:\Sprint04\venv\Lib\site-packages\sklearn\metrics\_ranking.py", line 634, in roc_auc_score
    return _multiclass_roc_auc_score(
           ^^^^^^^^^^^^^^^^^^^^^^^^^^
  File "E:\Sprint04\venv\Lib\site-packages\sklearn\metrics\_ranking.py", line 707, in _multiclass_roc_auc_score
    raise ValueError(
ValueError: Target scores need to be probabilities for multiclass roc_auc, i.e. they should sum up to 1.0 over classes

  warnings.warn(

2025-12-20 17:52:28,063:WARNING:E:\Sprint04\venv\Lib\site-packages\pycaret\internal\metrics.py:204: FitFailedWarning: Metric 'make_scorer(roc_auc_score, response_method=('decision_function', 'predict_proba'), average=weighted, multi_class=ovr)' failed and error score 0.0 has been returned instead. If this is a custom metric, this usually means that the error is in the metric code. Full exception below:
Traceback (most recent call last):
  File "E:\Sprint04\venv\Lib\site-packages\pycaret\internal\metrics.py", line 196, in _score
    return super()._score(
           ^^^^^^^^^^^^^^^
  File "E:\Sprint04\venv\Lib\site-packages\sklearn\metrics\_scorer.py", line 350, in _score
    return self._sign * self._score_func(y_true, y_pred, **scoring_kwargs)
                        ^^^^^^^^^^^^^^^^^^^^^^^^^^^^^^^^^^^^^^^^^^^^^^^^^^
  File "E:\Sprint04\venv\Lib\site-packages\pycaret\internal\metrics.py", line 144, in __call__
    return self.score_func(y_true, y_pred, **kwargs)
           ^^^^^^^^^^^^^^^^^^^^^^^^^^^^^^^^^^^^^^^^^
  File "E:\Sprint04\venv\Lib\site-packages\sklearn\utils\_param_validation.py", line 213, in wrapper
    return func(*args, **kwargs)
           ^^^^^^^^^^^^^^^^^^^^^
  File "E:\Sprint04\venv\Lib\site-packages\sklearn\metrics\_ranking.py", line 634, in roc_auc_score
    return _multiclass_roc_auc_score(
           ^^^^^^^^^^^^^^^^^^^^^^^^^^
  File "E:\Sprint04\venv\Lib\site-packages\sklearn\metrics\_ranking.py", line 707, in _multiclass_roc_auc_score
    raise ValueError(
ValueError: Target scores need to be probabilities for multiclass roc_auc, i.e. they should sum up to 1.0 over classes

  warnings.warn(

2025-12-20 17:52:28,075:WARNING:E:\Sprint04\venv\Lib\site-packages\pycaret\internal\metrics.py:204: FitFailedWarning: Metric 'make_scorer(roc_auc_score, response_method=('decision_function', 'predict_proba'), average=weighted, multi_class=ovr)' failed and error score 0.0 has been returned instead. If this is a custom metric, this usually means that the error is in the metric code. Full exception below:
Traceback (most recent call last):
  File "E:\Sprint04\venv\Lib\site-packages\pycaret\internal\metrics.py", line 196, in _score
    return super()._score(
           ^^^^^^^^^^^^^^^
  File "E:\Sprint04\venv\Lib\site-packages\sklearn\metrics\_scorer.py", line 350, in _score
    return self._sign * self._score_func(y_true, y_pred, **scoring_kwargs)
                        ^^^^^^^^^^^^^^^^^^^^^^^^^^^^^^^^^^^^^^^^^^^^^^^^^^
  File "E:\Sprint04\venv\Lib\site-packages\pycaret\internal\metrics.py", line 144, in __call__
    return self.score_func(y_true, y_pred, **kwargs)
           ^^^^^^^^^^^^^^^^^^^^^^^^^^^^^^^^^^^^^^^^^
  File "E:\Sprint04\venv\Lib\site-packages\sklearn\utils\_param_validation.py", line 213, in wrapper
    return func(*args, **kwargs)
           ^^^^^^^^^^^^^^^^^^^^^
  File "E:\Sprint04\venv\Lib\site-packages\sklearn\metrics\_ranking.py", line 634, in roc_auc_score
    return _multiclass_roc_auc_score(
           ^^^^^^^^^^^^^^^^^^^^^^^^^^
  File "E:\Sprint04\venv\Lib\site-packages\sklearn\metrics\_ranking.py", line 707, in _multiclass_roc_auc_score
    raise ValueError(
ValueError: Target scores need to be probabilities for multiclass roc_auc, i.e. they should sum up to 1.0 over classes

  warnings.warn(

2025-12-20 17:52:28,092:WARNING:E:\Sprint04\venv\Lib\site-packages\pycaret\internal\metrics.py:204: FitFailedWarning: Metric 'make_scorer(roc_auc_score, response_method=('decision_function', 'predict_proba'), average=weighted, multi_class=ovr)' failed and error score 0.0 has been returned instead. If this is a custom metric, this usually means that the error is in the metric code. Full exception below:
Traceback (most recent call last):
  File "E:\Sprint04\venv\Lib\site-packages\pycaret\internal\metrics.py", line 196, in _score
    return super()._score(
           ^^^^^^^^^^^^^^^
  File "E:\Sprint04\venv\Lib\site-packages\sklearn\metrics\_scorer.py", line 350, in _score
    return self._sign * self._score_func(y_true, y_pred, **scoring_kwargs)
                        ^^^^^^^^^^^^^^^^^^^^^^^^^^^^^^^^^^^^^^^^^^^^^^^^^^
  File "E:\Sprint04\venv\Lib\site-packages\pycaret\internal\metrics.py", line 144, in __call__
    return self.score_func(y_true, y_pred, **kwargs)
           ^^^^^^^^^^^^^^^^^^^^^^^^^^^^^^^^^^^^^^^^^
  File "E:\Sprint04\venv\Lib\site-packages\sklearn\utils\_param_validation.py", line 213, in wrapper
    return func(*args, **kwargs)
           ^^^^^^^^^^^^^^^^^^^^^
  File "E:\Sprint04\venv\Lib\site-packages\sklearn\metrics\_ranking.py", line 634, in roc_auc_score
    return _multiclass_roc_auc_score(
           ^^^^^^^^^^^^^^^^^^^^^^^^^^
  File "E:\Sprint04\venv\Lib\site-packages\sklearn\metrics\_ranking.py", line 707, in _multiclass_roc_auc_score
    raise ValueError(
ValueError: Target scores need to be probabilities for multiclass roc_auc, i.e. they should sum up to 1.0 over classes

  warnings.warn(

2025-12-20 17:52:28,097:WARNING:E:\Sprint04\venv\Lib\site-packages\pycaret\internal\metrics.py:204: FitFailedWarning: Metric 'make_scorer(roc_auc_score, response_method=('decision_function', 'predict_proba'), average=weighted, multi_class=ovr)' failed and error score 0.0 has been returned instead. If this is a custom metric, this usually means that the error is in the metric code. Full exception below:
Traceback (most recent call last):
  File "E:\Sprint04\venv\Lib\site-packages\pycaret\internal\metrics.py", line 196, in _score
    return super()._score(
           ^^^^^^^^^^^^^^^
  File "E:\Sprint04\venv\Lib\site-packages\sklearn\metrics\_scorer.py", line 350, in _score
    return self._sign * self._score_func(y_true, y_pred, **scoring_kwargs)
                        ^^^^^^^^^^^^^^^^^^^^^^^^^^^^^^^^^^^^^^^^^^^^^^^^^^
  File "E:\Sprint04\venv\Lib\site-packages\pycaret\internal\metrics.py", line 144, in __call__
    return self.score_func(y_true, y_pred, **kwargs)
           ^^^^^^^^^^^^^^^^^^^^^^^^^^^^^^^^^^^^^^^^^
  File "E:\Sprint04\venv\Lib\site-packages\sklearn\utils\_param_validation.py", line 213, in wrapper
    return func(*args, **kwargs)
           ^^^^^^^^^^^^^^^^^^^^^
  File "E:\Sprint04\venv\Lib\site-packages\sklearn\metrics\_ranking.py", line 634, in roc_auc_score
    return _multiclass_roc_auc_score(
           ^^^^^^^^^^^^^^^^^^^^^^^^^^
  File "E:\Sprint04\venv\Lib\site-packages\sklearn\metrics\_ranking.py", line 707, in _multiclass_roc_auc_score
    raise ValueError(
ValueError: Target scores need to be probabilities for multiclass roc_auc, i.e. they should sum up to 1.0 over classes

  warnings.warn(

2025-12-20 17:52:28,416:WARNING:E:\Sprint04\venv\Lib\site-packages\pycaret\internal\metrics.py:204: FitFailedWarning: Metric 'make_scorer(roc_auc_score, response_method=('decision_function', 'predict_proba'), average=weighted, multi_class=ovr)' failed and error score 0.0 has been returned instead. If this is a custom metric, this usually means that the error is in the metric code. Full exception below:
Traceback (most recent call last):
  File "E:\Sprint04\venv\Lib\site-packages\pycaret\internal\metrics.py", line 196, in _score
    return super()._score(
           ^^^^^^^^^^^^^^^
  File "E:\Sprint04\venv\Lib\site-packages\sklearn\metrics\_scorer.py", line 350, in _score
    return self._sign * self._score_func(y_true, y_pred, **scoring_kwargs)
                        ^^^^^^^^^^^^^^^^^^^^^^^^^^^^^^^^^^^^^^^^^^^^^^^^^^
  File "E:\Sprint04\venv\Lib\site-packages\pycaret\internal\metrics.py", line 144, in __call__
    return self.score_func(y_true, y_pred, **kwargs)
           ^^^^^^^^^^^^^^^^^^^^^^^^^^^^^^^^^^^^^^^^^
  File "E:\Sprint04\venv\Lib\site-packages\sklearn\utils\_param_validation.py", line 213, in wrapper
    return func(*args, **kwargs)
           ^^^^^^^^^^^^^^^^^^^^^
  File "E:\Sprint04\venv\Lib\site-packages\sklearn\metrics\_ranking.py", line 634, in roc_auc_score
    return _multiclass_roc_auc_score(
           ^^^^^^^^^^^^^^^^^^^^^^^^^^
  File "E:\Sprint04\venv\Lib\site-packages\sklearn\metrics\_ranking.py", line 707, in _multiclass_roc_auc_score
    raise ValueError(
ValueError: Target scores need to be probabilities for multiclass roc_auc, i.e. they should sum up to 1.0 over classes

  warnings.warn(

2025-12-20 17:52:28,423:WARNING:E:\Sprint04\venv\Lib\site-packages\pycaret\internal\metrics.py:204: FitFailedWarning: Metric 'make_scorer(roc_auc_score, response_method=('decision_function', 'predict_proba'), average=weighted, multi_class=ovr)' failed and error score 0.0 has been returned instead. If this is a custom metric, this usually means that the error is in the metric code. Full exception below:
Traceback (most recent call last):
  File "E:\Sprint04\venv\Lib\site-packages\pycaret\internal\metrics.py", line 196, in _score
    return super()._score(
           ^^^^^^^^^^^^^^^
  File "E:\Sprint04\venv\Lib\site-packages\sklearn\metrics\_scorer.py", line 350, in _score
    return self._sign * self._score_func(y_true, y_pred, **scoring_kwargs)
                        ^^^^^^^^^^^^^^^^^^^^^^^^^^^^^^^^^^^^^^^^^^^^^^^^^^
  File "E:\Sprint04\venv\Lib\site-packages\pycaret\internal\metrics.py", line 144, in __call__
    return self.score_func(y_true, y_pred, **kwargs)
           ^^^^^^^^^^^^^^^^^^^^^^^^^^^^^^^^^^^^^^^^^
  File "E:\Sprint04\venv\Lib\site-packages\sklearn\utils\_param_validation.py", line 213, in wrapper
    return func(*args, **kwargs)
           ^^^^^^^^^^^^^^^^^^^^^
  File "E:\Sprint04\venv\Lib\site-packages\sklearn\metrics\_ranking.py", line 634, in roc_auc_score
    return _multiclass_roc_auc_score(
           ^^^^^^^^^^^^^^^^^^^^^^^^^^
  File "E:\Sprint04\venv\Lib\site-packages\sklearn\metrics\_ranking.py", line 707, in _multiclass_roc_auc_score
    raise ValueError(
ValueError: Target scores need to be probabilities for multiclass roc_auc, i.e. they should sum up to 1.0 over classes

  warnings.warn(

2025-12-20 17:52:28,439:INFO:Calculating mean and std
2025-12-20 17:52:28,441:INFO:Creating metrics dataframe
2025-12-20 17:52:28,443:INFO:Uploading results into container
2025-12-20 17:52:28,443:INFO:Uploading model into container now
2025-12-20 17:52:28,443:INFO:_master_model_container: 10
2025-12-20 17:52:28,443:INFO:_display_container: 2
2025-12-20 17:52:28,444:INFO:GradientBoostingClassifier(random_state=789)
2025-12-20 17:52:28,444:INFO:create_model() successfully completed......................................
2025-12-20 17:52:28,621:INFO:SubProcess create_model() end ==================================
2025-12-20 17:52:28,621:INFO:Creating metrics dataframe
2025-12-20 17:52:28,626:INFO:Initializing Linear Discriminant Analysis
2025-12-20 17:52:28,626:INFO:Total runtime is 0.2568951487541199 minutes
2025-12-20 17:52:28,626:INFO:SubProcess create_model() called ==================================
2025-12-20 17:52:28,626:INFO:Initializing create_model()
2025-12-20 17:52:28,626:INFO:create_model(self=<pycaret.classification.oop.ClassificationExperiment object at 0x0000017194F76B10>, estimator=lda, fold=StratifiedKFold(n_splits=10, random_state=None, shuffle=False), round=4, cross_validation=True, predict=True, fit_kwargs={}, groups=None, refit=False, probability_threshold=None, experiment_custom_tags=None, verbose=False, system=False, add_to_model_list=True, metrics=None, display=<pycaret.internal.display.display.CommonDisplay object at 0x0000017196001550>, model_only=True, return_train_score=False, error_score=0.0, kwargs={})
2025-12-20 17:52:28,626:INFO:Checking exceptions
2025-12-20 17:52:28,626:INFO:Importing libraries
2025-12-20 17:52:28,626:INFO:Copying training dataset
2025-12-20 17:52:28,632:INFO:Defining folds
2025-12-20 17:52:28,632:INFO:Declaring metric variables
2025-12-20 17:52:28,632:INFO:Importing untrained model
2025-12-20 17:52:28,632:INFO:Linear Discriminant Analysis Imported successfully
2025-12-20 17:52:28,633:INFO:Starting cross validation
2025-12-20 17:52:28,634:INFO:Cross validating with StratifiedKFold(n_splits=10, random_state=None, shuffle=False), n_jobs=-1
2025-12-20 17:52:28,769:WARNING:E:\Sprint04\venv\Lib\site-packages\pycaret\internal\metrics.py:204: FitFailedWarning: Metric 'make_scorer(roc_auc_score, response_method=('decision_function', 'predict_proba'), average=weighted, multi_class=ovr)' failed and error score 0.0 has been returned instead. If this is a custom metric, this usually means that the error is in the metric code. Full exception below:
Traceback (most recent call last):
  File "E:\Sprint04\venv\Lib\site-packages\pycaret\internal\metrics.py", line 196, in _score
    return super()._score(
           ^^^^^^^^^^^^^^^
  File "E:\Sprint04\venv\Lib\site-packages\sklearn\metrics\_scorer.py", line 350, in _score
    return self._sign * self._score_func(y_true, y_pred, **scoring_kwargs)
                        ^^^^^^^^^^^^^^^^^^^^^^^^^^^^^^^^^^^^^^^^^^^^^^^^^^
  File "E:\Sprint04\venv\Lib\site-packages\pycaret\internal\metrics.py", line 144, in __call__
    return self.score_func(y_true, y_pred, **kwargs)
           ^^^^^^^^^^^^^^^^^^^^^^^^^^^^^^^^^^^^^^^^^
  File "E:\Sprint04\venv\Lib\site-packages\sklearn\utils\_param_validation.py", line 213, in wrapper
    return func(*args, **kwargs)
           ^^^^^^^^^^^^^^^^^^^^^
  File "E:\Sprint04\venv\Lib\site-packages\sklearn\metrics\_ranking.py", line 634, in roc_auc_score
    return _multiclass_roc_auc_score(
           ^^^^^^^^^^^^^^^^^^^^^^^^^^
  File "E:\Sprint04\venv\Lib\site-packages\sklearn\metrics\_ranking.py", line 707, in _multiclass_roc_auc_score
    raise ValueError(
ValueError: Target scores need to be probabilities for multiclass roc_auc, i.e. they should sum up to 1.0 over classes

  warnings.warn(

2025-12-20 17:52:28,771:WARNING:E:\Sprint04\venv\Lib\site-packages\pycaret\internal\metrics.py:204: FitFailedWarning: Metric 'make_scorer(roc_auc_score, response_method=('decision_function', 'predict_proba'), average=weighted, multi_class=ovr)' failed and error score 0.0 has been returned instead. If this is a custom metric, this usually means that the error is in the metric code. Full exception below:
Traceback (most recent call last):
  File "E:\Sprint04\venv\Lib\site-packages\pycaret\internal\metrics.py", line 196, in _score
    return super()._score(
           ^^^^^^^^^^^^^^^
  File "E:\Sprint04\venv\Lib\site-packages\sklearn\metrics\_scorer.py", line 350, in _score
    return self._sign * self._score_func(y_true, y_pred, **scoring_kwargs)
                        ^^^^^^^^^^^^^^^^^^^^^^^^^^^^^^^^^^^^^^^^^^^^^^^^^^
  File "E:\Sprint04\venv\Lib\site-packages\pycaret\internal\metrics.py", line 144, in __call__
    return self.score_func(y_true, y_pred, **kwargs)
           ^^^^^^^^^^^^^^^^^^^^^^^^^^^^^^^^^^^^^^^^^
  File "E:\Sprint04\venv\Lib\site-packages\sklearn\utils\_param_validation.py", line 213, in wrapper
    return func(*args, **kwargs)
           ^^^^^^^^^^^^^^^^^^^^^
  File "E:\Sprint04\venv\Lib\site-packages\sklearn\metrics\_ranking.py", line 634, in roc_auc_score
    return _multiclass_roc_auc_score(
           ^^^^^^^^^^^^^^^^^^^^^^^^^^
  File "E:\Sprint04\venv\Lib\site-packages\sklearn\metrics\_ranking.py", line 707, in _multiclass_roc_auc_score
    raise ValueError(
ValueError: Target scores need to be probabilities for multiclass roc_auc, i.e. they should sum up to 1.0 over classes

  warnings.warn(

2025-12-20 17:52:28,772:WARNING:E:\Sprint04\venv\Lib\site-packages\pycaret\internal\metrics.py:204: FitFailedWarning: Metric 'make_scorer(roc_auc_score, response_method=('decision_function', 'predict_proba'), average=weighted, multi_class=ovr)' failed and error score 0.0 has been returned instead. If this is a custom metric, this usually means that the error is in the metric code. Full exception below:
Traceback (most recent call last):
  File "E:\Sprint04\venv\Lib\site-packages\pycaret\internal\metrics.py", line 196, in _score
    return super()._score(
           ^^^^^^^^^^^^^^^
  File "E:\Sprint04\venv\Lib\site-packages\sklearn\metrics\_scorer.py", line 350, in _score
    return self._sign * self._score_func(y_true, y_pred, **scoring_kwargs)
                        ^^^^^^^^^^^^^^^^^^^^^^^^^^^^^^^^^^^^^^^^^^^^^^^^^^
  File "E:\Sprint04\venv\Lib\site-packages\pycaret\internal\metrics.py", line 144, in __call__
    return self.score_func(y_true, y_pred, **kwargs)
           ^^^^^^^^^^^^^^^^^^^^^^^^^^^^^^^^^^^^^^^^^
  File "E:\Sprint04\venv\Lib\site-packages\sklearn\utils\_param_validation.py", line 213, in wrapper
    return func(*args, **kwargs)
           ^^^^^^^^^^^^^^^^^^^^^
  File "E:\Sprint04\venv\Lib\site-packages\sklearn\metrics\_ranking.py", line 634, in roc_auc_score
    return _multiclass_roc_auc_score(
           ^^^^^^^^^^^^^^^^^^^^^^^^^^
  File "E:\Sprint04\venv\Lib\site-packages\sklearn\metrics\_ranking.py", line 707, in _multiclass_roc_auc_score
    raise ValueError(
ValueError: Target scores need to be probabilities for multiclass roc_auc, i.e. they should sum up to 1.0 over classes

  warnings.warn(

2025-12-20 17:52:28,852:WARNING:E:\Sprint04\venv\Lib\site-packages\pycaret\internal\metrics.py:204: FitFailedWarning: Metric 'make_scorer(roc_auc_score, response_method=('decision_function', 'predict_proba'), average=weighted, multi_class=ovr)' failed and error score 0.0 has been returned instead. If this is a custom metric, this usually means that the error is in the metric code. Full exception below:
Traceback (most recent call last):
  File "E:\Sprint04\venv\Lib\site-packages\pycaret\internal\metrics.py", line 196, in _score
    return super()._score(
           ^^^^^^^^^^^^^^^
  File "E:\Sprint04\venv\Lib\site-packages\sklearn\metrics\_scorer.py", line 350, in _score
    return self._sign * self._score_func(y_true, y_pred, **scoring_kwargs)
                        ^^^^^^^^^^^^^^^^^^^^^^^^^^^^^^^^^^^^^^^^^^^^^^^^^^
  File "E:\Sprint04\venv\Lib\site-packages\pycaret\internal\metrics.py", line 144, in __call__
    return self.score_func(y_true, y_pred, **kwargs)
           ^^^^^^^^^^^^^^^^^^^^^^^^^^^^^^^^^^^^^^^^^
  File "E:\Sprint04\venv\Lib\site-packages\sklearn\utils\_param_validation.py", line 213, in wrapper
    return func(*args, **kwargs)
           ^^^^^^^^^^^^^^^^^^^^^
  File "E:\Sprint04\venv\Lib\site-packages\sklearn\metrics\_ranking.py", line 634, in roc_auc_score
    return _multiclass_roc_auc_score(
           ^^^^^^^^^^^^^^^^^^^^^^^^^^
  File "E:\Sprint04\venv\Lib\site-packages\sklearn\metrics\_ranking.py", line 707, in _multiclass_roc_auc_score
    raise ValueError(
ValueError: Target scores need to be probabilities for multiclass roc_auc, i.e. they should sum up to 1.0 over classes

  warnings.warn(

2025-12-20 17:52:28,859:WARNING:E:\Sprint04\venv\Lib\site-packages\pycaret\internal\metrics.py:204: FitFailedWarning: Metric 'make_scorer(roc_auc_score, response_method=('decision_function', 'predict_proba'), average=weighted, multi_class=ovr)' failed and error score 0.0 has been returned instead. If this is a custom metric, this usually means that the error is in the metric code. Full exception below:
Traceback (most recent call last):
  File "E:\Sprint04\venv\Lib\site-packages\pycaret\internal\metrics.py", line 196, in _score
    return super()._score(
           ^^^^^^^^^^^^^^^
  File "E:\Sprint04\venv\Lib\site-packages\sklearn\metrics\_scorer.py", line 350, in _score
    return self._sign * self._score_func(y_true, y_pred, **scoring_kwargs)
                        ^^^^^^^^^^^^^^^^^^^^^^^^^^^^^^^^^^^^^^^^^^^^^^^^^^
  File "E:\Sprint04\venv\Lib\site-packages\pycaret\internal\metrics.py", line 144, in __call__
    return self.score_func(y_true, y_pred, **kwargs)
           ^^^^^^^^^^^^^^^^^^^^^^^^^^^^^^^^^^^^^^^^^
  File "E:\Sprint04\venv\Lib\site-packages\sklearn\utils\_param_validation.py", line 213, in wrapper
    return func(*args, **kwargs)
           ^^^^^^^^^^^^^^^^^^^^^
  File "E:\Sprint04\venv\Lib\site-packages\sklearn\metrics\_ranking.py", line 634, in roc_auc_score
    return _multiclass_roc_auc_score(
           ^^^^^^^^^^^^^^^^^^^^^^^^^^
  File "E:\Sprint04\venv\Lib\site-packages\sklearn\metrics\_ranking.py", line 707, in _multiclass_roc_auc_score
    raise ValueError(
ValueError: Target scores need to be probabilities for multiclass roc_auc, i.e. they should sum up to 1.0 over classes

  warnings.warn(

2025-12-20 17:52:28,862:WARNING:E:\Sprint04\venv\Lib\site-packages\pycaret\internal\metrics.py:204: FitFailedWarning: Metric 'make_scorer(roc_auc_score, response_method=('decision_function', 'predict_proba'), average=weighted, multi_class=ovr)' failed and error score 0.0 has been returned instead. If this is a custom metric, this usually means that the error is in the metric code. Full exception below:
Traceback (most recent call last):
  File "E:\Sprint04\venv\Lib\site-packages\pycaret\internal\metrics.py", line 196, in _score
    return super()._score(
           ^^^^^^^^^^^^^^^
  File "E:\Sprint04\venv\Lib\site-packages\sklearn\metrics\_scorer.py", line 350, in _score
    return self._sign * self._score_func(y_true, y_pred, **scoring_kwargs)
                        ^^^^^^^^^^^^^^^^^^^^^^^^^^^^^^^^^^^^^^^^^^^^^^^^^^
  File "E:\Sprint04\venv\Lib\site-packages\pycaret\internal\metrics.py", line 144, in __call__
    return self.score_func(y_true, y_pred, **kwargs)
           ^^^^^^^^^^^^^^^^^^^^^^^^^^^^^^^^^^^^^^^^^
  File "E:\Sprint04\venv\Lib\site-packages\sklearn\utils\_param_validation.py", line 213, in wrapper
    return func(*args, **kwargs)
           ^^^^^^^^^^^^^^^^^^^^^
  File "E:\Sprint04\venv\Lib\site-packages\sklearn\metrics\_ranking.py", line 634, in roc_auc_score
    return _multiclass_roc_auc_score(
           ^^^^^^^^^^^^^^^^^^^^^^^^^^
  File "E:\Sprint04\venv\Lib\site-packages\sklearn\metrics\_ranking.py", line 707, in _multiclass_roc_auc_score
    raise ValueError(
ValueError: Target scores need to be probabilities for multiclass roc_auc, i.e. they should sum up to 1.0 over classes

  warnings.warn(

2025-12-20 17:52:28,882:WARNING:E:\Sprint04\venv\Lib\site-packages\pycaret\internal\metrics.py:204: FitFailedWarning: Metric 'make_scorer(roc_auc_score, response_method=('decision_function', 'predict_proba'), average=weighted, multi_class=ovr)' failed and error score 0.0 has been returned instead. If this is a custom metric, this usually means that the error is in the metric code. Full exception below:
Traceback (most recent call last):
  File "E:\Sprint04\venv\Lib\site-packages\pycaret\internal\metrics.py", line 196, in _score
    return super()._score(
           ^^^^^^^^^^^^^^^
  File "E:\Sprint04\venv\Lib\site-packages\sklearn\metrics\_scorer.py", line 350, in _score
    return self._sign * self._score_func(y_true, y_pred, **scoring_kwargs)
                        ^^^^^^^^^^^^^^^^^^^^^^^^^^^^^^^^^^^^^^^^^^^^^^^^^^
  File "E:\Sprint04\venv\Lib\site-packages\pycaret\internal\metrics.py", line 144, in __call__
    return self.score_func(y_true, y_pred, **kwargs)
           ^^^^^^^^^^^^^^^^^^^^^^^^^^^^^^^^^^^^^^^^^
  File "E:\Sprint04\venv\Lib\site-packages\sklearn\utils\_param_validation.py", line 213, in wrapper
    return func(*args, **kwargs)
           ^^^^^^^^^^^^^^^^^^^^^
  File "E:\Sprint04\venv\Lib\site-packages\sklearn\metrics\_ranking.py", line 634, in roc_auc_score
    return _multiclass_roc_auc_score(
           ^^^^^^^^^^^^^^^^^^^^^^^^^^
  File "E:\Sprint04\venv\Lib\site-packages\sklearn\metrics\_ranking.py", line 707, in _multiclass_roc_auc_score
    raise ValueError(
ValueError: Target scores need to be probabilities for multiclass roc_auc, i.e. they should sum up to 1.0 over classes

  warnings.warn(

2025-12-20 17:52:28,924:WARNING:E:\Sprint04\venv\Lib\site-packages\pycaret\internal\metrics.py:204: FitFailedWarning: Metric 'make_scorer(roc_auc_score, response_method=('decision_function', 'predict_proba'), average=weighted, multi_class=ovr)' failed and error score 0.0 has been returned instead. If this is a custom metric, this usually means that the error is in the metric code. Full exception below:
Traceback (most recent call last):
  File "E:\Sprint04\venv\Lib\site-packages\pycaret\internal\metrics.py", line 196, in _score
    return super()._score(
           ^^^^^^^^^^^^^^^
  File "E:\Sprint04\venv\Lib\site-packages\sklearn\metrics\_scorer.py", line 350, in _score
    return self._sign * self._score_func(y_true, y_pred, **scoring_kwargs)
                        ^^^^^^^^^^^^^^^^^^^^^^^^^^^^^^^^^^^^^^^^^^^^^^^^^^
  File "E:\Sprint04\venv\Lib\site-packages\pycaret\internal\metrics.py", line 144, in __call__
    return self.score_func(y_true, y_pred, **kwargs)
           ^^^^^^^^^^^^^^^^^^^^^^^^^^^^^^^^^^^^^^^^^
  File "E:\Sprint04\venv\Lib\site-packages\sklearn\utils\_param_validation.py", line 213, in wrapper
    return func(*args, **kwargs)
           ^^^^^^^^^^^^^^^^^^^^^
  File "E:\Sprint04\venv\Lib\site-packages\sklearn\metrics\_ranking.py", line 634, in roc_auc_score
    return _multiclass_roc_auc_score(
           ^^^^^^^^^^^^^^^^^^^^^^^^^^
  File "E:\Sprint04\venv\Lib\site-packages\sklearn\metrics\_ranking.py", line 707, in _multiclass_roc_auc_score
    raise ValueError(
ValueError: Target scores need to be probabilities for multiclass roc_auc, i.e. they should sum up to 1.0 over classes

  warnings.warn(

2025-12-20 17:52:28,924:WARNING:E:\Sprint04\venv\Lib\site-packages\pycaret\internal\metrics.py:204: FitFailedWarning: Metric 'make_scorer(roc_auc_score, response_method=('decision_function', 'predict_proba'), average=weighted, multi_class=ovr)' failed and error score 0.0 has been returned instead. If this is a custom metric, this usually means that the error is in the metric code. Full exception below:
Traceback (most recent call last):
  File "E:\Sprint04\venv\Lib\site-packages\pycaret\internal\metrics.py", line 196, in _score
    return super()._score(
           ^^^^^^^^^^^^^^^
  File "E:\Sprint04\venv\Lib\site-packages\sklearn\metrics\_scorer.py", line 350, in _score
    return self._sign * self._score_func(y_true, y_pred, **scoring_kwargs)
                        ^^^^^^^^^^^^^^^^^^^^^^^^^^^^^^^^^^^^^^^^^^^^^^^^^^
  File "E:\Sprint04\venv\Lib\site-packages\pycaret\internal\metrics.py", line 144, in __call__
    return self.score_func(y_true, y_pred, **kwargs)
           ^^^^^^^^^^^^^^^^^^^^^^^^^^^^^^^^^^^^^^^^^
  File "E:\Sprint04\venv\Lib\site-packages\sklearn\utils\_param_validation.py", line 213, in wrapper
    return func(*args, **kwargs)
           ^^^^^^^^^^^^^^^^^^^^^
  File "E:\Sprint04\venv\Lib\site-packages\sklearn\metrics\_ranking.py", line 634, in roc_auc_score
    return _multiclass_roc_auc_score(
           ^^^^^^^^^^^^^^^^^^^^^^^^^^
  File "E:\Sprint04\venv\Lib\site-packages\sklearn\metrics\_ranking.py", line 707, in _multiclass_roc_auc_score
    raise ValueError(
ValueError: Target scores need to be probabilities for multiclass roc_auc, i.e. they should sum up to 1.0 over classes

  warnings.warn(

2025-12-20 17:52:28,938:INFO:Calculating mean and std
2025-12-20 17:52:28,939:INFO:Creating metrics dataframe
2025-12-20 17:52:28,941:INFO:Uploading results into container
2025-12-20 17:52:28,942:INFO:Uploading model into container now
2025-12-20 17:52:28,942:INFO:_master_model_container: 11
2025-12-20 17:52:28,942:INFO:_display_container: 2
2025-12-20 17:52:28,942:INFO:LinearDiscriminantAnalysis()
2025-12-20 17:52:28,943:INFO:create_model() successfully completed......................................
2025-12-20 17:52:29,101:INFO:SubProcess create_model() end ==================================
2025-12-20 17:52:29,101:INFO:Creating metrics dataframe
2025-12-20 17:52:29,104:INFO:Initializing Extra Trees Classifier
2025-12-20 17:52:29,104:INFO:Total runtime is 0.26486433347066246 minutes
2025-12-20 17:52:29,104:INFO:SubProcess create_model() called ==================================
2025-12-20 17:52:29,104:INFO:Initializing create_model()
2025-12-20 17:52:29,104:INFO:create_model(self=<pycaret.classification.oop.ClassificationExperiment object at 0x0000017194F76B10>, estimator=et, fold=StratifiedKFold(n_splits=10, random_state=None, shuffle=False), round=4, cross_validation=True, predict=True, fit_kwargs={}, groups=None, refit=False, probability_threshold=None, experiment_custom_tags=None, verbose=False, system=False, add_to_model_list=True, metrics=None, display=<pycaret.internal.display.display.CommonDisplay object at 0x0000017196001550>, model_only=True, return_train_score=False, error_score=0.0, kwargs={})
2025-12-20 17:52:29,104:INFO:Checking exceptions
2025-12-20 17:52:29,104:INFO:Importing libraries
2025-12-20 17:52:29,104:INFO:Copying training dataset
2025-12-20 17:52:29,111:INFO:Defining folds
2025-12-20 17:52:29,111:INFO:Declaring metric variables
2025-12-20 17:52:29,111:INFO:Importing untrained model
2025-12-20 17:52:29,112:INFO:Extra Trees Classifier Imported successfully
2025-12-20 17:52:29,112:INFO:Starting cross validation
2025-12-20 17:52:29,113:INFO:Cross validating with StratifiedKFold(n_splits=10, random_state=None, shuffle=False), n_jobs=-1
2025-12-20 17:52:29,473:WARNING:E:\Sprint04\venv\Lib\site-packages\sklearn\metrics\_classification.py:1509: UndefinedMetricWarning: Precision is ill-defined and being set to 0.0 in labels with no predicted samples. Use `zero_division` parameter to control this behavior.
  _warn_prf(average, modifier, f"{metric.capitalize()} is", len(result))

2025-12-20 17:52:29,787:WARNING:E:\Sprint04\venv\Lib\site-packages\sklearn\metrics\_classification.py:1509: UndefinedMetricWarning: Precision is ill-defined and being set to 0.0 in labels with no predicted samples. Use `zero_division` parameter to control this behavior.
  _warn_prf(average, modifier, f"{metric.capitalize()} is", len(result))

2025-12-20 17:52:30,066:INFO:Calculating mean and std
2025-12-20 17:52:30,066:INFO:Creating metrics dataframe
2025-12-20 17:52:30,066:INFO:Uploading results into container
2025-12-20 17:52:30,066:INFO:Uploading model into container now
2025-12-20 17:52:30,066:INFO:_master_model_container: 12
2025-12-20 17:52:30,066:INFO:_display_container: 2
2025-12-20 17:52:30,066:INFO:ExtraTreesClassifier(n_jobs=-1, random_state=789)
2025-12-20 17:52:30,066:INFO:create_model() successfully completed......................................
2025-12-20 17:52:30,225:INFO:SubProcess create_model() end ==================================
2025-12-20 17:52:30,225:INFO:Creating metrics dataframe
2025-12-20 17:52:30,225:INFO:Initializing Light Gradient Boosting Machine
2025-12-20 17:52:30,225:INFO:Total runtime is 0.28355242808659875 minutes
2025-12-20 17:52:30,225:INFO:SubProcess create_model() called ==================================
2025-12-20 17:52:30,225:INFO:Initializing create_model()
2025-12-20 17:52:30,225:INFO:create_model(self=<pycaret.classification.oop.ClassificationExperiment object at 0x0000017194F76B10>, estimator=lightgbm, fold=StratifiedKFold(n_splits=10, random_state=None, shuffle=False), round=4, cross_validation=True, predict=True, fit_kwargs={}, groups=None, refit=False, probability_threshold=None, experiment_custom_tags=None, verbose=False, system=False, add_to_model_list=True, metrics=None, display=<pycaret.internal.display.display.CommonDisplay object at 0x0000017196001550>, model_only=True, return_train_score=False, error_score=0.0, kwargs={})
2025-12-20 17:52:30,225:INFO:Checking exceptions
2025-12-20 17:52:30,225:INFO:Importing libraries
2025-12-20 17:52:30,225:INFO:Copying training dataset
2025-12-20 17:52:30,225:INFO:Defining folds
2025-12-20 17:52:30,225:INFO:Declaring metric variables
2025-12-20 17:52:30,225:INFO:Importing untrained model
2025-12-20 17:52:30,225:INFO:Light Gradient Boosting Machine Imported successfully
2025-12-20 17:52:30,225:INFO:Starting cross validation
2025-12-20 17:52:30,242:INFO:Cross validating with StratifiedKFold(n_splits=10, random_state=None, shuffle=False), n_jobs=-1
2025-12-20 17:52:31,410:WARNING:E:\Sprint04\venv\Lib\site-packages\sklearn\metrics\_classification.py:1509: UndefinedMetricWarning: Precision is ill-defined and being set to 0.0 in labels with no predicted samples. Use `zero_division` parameter to control this behavior.
  _warn_prf(average, modifier, f"{metric.capitalize()} is", len(result))

2025-12-20 17:52:31,633:INFO:Calculating mean and std
2025-12-20 17:52:31,634:INFO:Creating metrics dataframe
2025-12-20 17:52:31,637:INFO:Uploading results into container
2025-12-20 17:52:31,638:INFO:Uploading model into container now
2025-12-20 17:52:31,638:INFO:_master_model_container: 13
2025-12-20 17:52:31,638:INFO:_display_container: 2
2025-12-20 17:52:31,639:INFO:LGBMClassifier(n_jobs=-1, random_state=789)
2025-12-20 17:52:31,639:INFO:create_model() successfully completed......................................
2025-12-20 17:52:31,819:INFO:SubProcess create_model() end ==================================
2025-12-20 17:52:31,819:INFO:Creating metrics dataframe
2025-12-20 17:52:31,822:INFO:Initializing Dummy Classifier
2025-12-20 17:52:31,822:INFO:Total runtime is 0.3101612528165182 minutes
2025-12-20 17:52:31,822:INFO:SubProcess create_model() called ==================================
2025-12-20 17:52:31,822:INFO:Initializing create_model()
2025-12-20 17:52:31,822:INFO:create_model(self=<pycaret.classification.oop.ClassificationExperiment object at 0x0000017194F76B10>, estimator=dummy, fold=StratifiedKFold(n_splits=10, random_state=None, shuffle=False), round=4, cross_validation=True, predict=True, fit_kwargs={}, groups=None, refit=False, probability_threshold=None, experiment_custom_tags=None, verbose=False, system=False, add_to_model_list=True, metrics=None, display=<pycaret.internal.display.display.CommonDisplay object at 0x0000017196001550>, model_only=True, return_train_score=False, error_score=0.0, kwargs={})
2025-12-20 17:52:31,823:INFO:Checking exceptions
2025-12-20 17:52:31,823:INFO:Importing libraries
2025-12-20 17:52:31,823:INFO:Copying training dataset
2025-12-20 17:52:31,830:INFO:Defining folds
2025-12-20 17:52:31,830:INFO:Declaring metric variables
2025-12-20 17:52:31,830:INFO:Importing untrained model
2025-12-20 17:52:31,830:INFO:Dummy Classifier Imported successfully
2025-12-20 17:52:31,831:INFO:Starting cross validation
2025-12-20 17:52:31,832:INFO:Cross validating with StratifiedKFold(n_splits=10, random_state=None, shuffle=False), n_jobs=-1
2025-12-20 17:52:31,914:WARNING:E:\Sprint04\venv\Lib\site-packages\sklearn\metrics\_classification.py:1509: UndefinedMetricWarning: Precision is ill-defined and being set to 0.0 in labels with no predicted samples. Use `zero_division` parameter to control this behavior.
  _warn_prf(average, modifier, f"{metric.capitalize()} is", len(result))

2025-12-20 17:52:31,916:WARNING:E:\Sprint04\venv\Lib\site-packages\sklearn\metrics\_classification.py:1509: UndefinedMetricWarning: Precision is ill-defined and being set to 0.0 in labels with no predicted samples. Use `zero_division` parameter to control this behavior.
  _warn_prf(average, modifier, f"{metric.capitalize()} is", len(result))

2025-12-20 17:52:31,920:WARNING:E:\Sprint04\venv\Lib\site-packages\sklearn\metrics\_classification.py:1509: UndefinedMetricWarning: Precision is ill-defined and being set to 0.0 in labels with no predicted samples. Use `zero_division` parameter to control this behavior.
  _warn_prf(average, modifier, f"{metric.capitalize()} is", len(result))

2025-12-20 17:52:31,927:WARNING:E:\Sprint04\venv\Lib\site-packages\sklearn\metrics\_classification.py:1509: UndefinedMetricWarning: Precision is ill-defined and being set to 0.0 in labels with no predicted samples. Use `zero_division` parameter to control this behavior.
  _warn_prf(average, modifier, f"{metric.capitalize()} is", len(result))

2025-12-20 17:52:31,991:WARNING:E:\Sprint04\venv\Lib\site-packages\sklearn\metrics\_classification.py:1509: UndefinedMetricWarning: Precision is ill-defined and being set to 0.0 in labels with no predicted samples. Use `zero_division` parameter to control this behavior.
  _warn_prf(average, modifier, f"{metric.capitalize()} is", len(result))

2025-12-20 17:52:31,997:WARNING:E:\Sprint04\venv\Lib\site-packages\sklearn\metrics\_classification.py:1509: UndefinedMetricWarning: Precision is ill-defined and being set to 0.0 in labels with no predicted samples. Use `zero_division` parameter to control this behavior.
  _warn_prf(average, modifier, f"{metric.capitalize()} is", len(result))

2025-12-20 17:52:32,002:WARNING:E:\Sprint04\venv\Lib\site-packages\sklearn\metrics\_classification.py:1509: UndefinedMetricWarning: Precision is ill-defined and being set to 0.0 in labels with no predicted samples. Use `zero_division` parameter to control this behavior.
  _warn_prf(average, modifier, f"{metric.capitalize()} is", len(result))

2025-12-20 17:52:32,005:WARNING:E:\Sprint04\venv\Lib\site-packages\sklearn\metrics\_classification.py:1509: UndefinedMetricWarning: Precision is ill-defined and being set to 0.0 in labels with no predicted samples. Use `zero_division` parameter to control this behavior.
  _warn_prf(average, modifier, f"{metric.capitalize()} is", len(result))

2025-12-20 17:52:32,053:WARNING:E:\Sprint04\venv\Lib\site-packages\sklearn\metrics\_classification.py:1509: UndefinedMetricWarning: Precision is ill-defined and being set to 0.0 in labels with no predicted samples. Use `zero_division` parameter to control this behavior.
  _warn_prf(average, modifier, f"{metric.capitalize()} is", len(result))

2025-12-20 17:52:32,056:WARNING:E:\Sprint04\venv\Lib\site-packages\sklearn\metrics\_classification.py:1509: UndefinedMetricWarning: Precision is ill-defined and being set to 0.0 in labels with no predicted samples. Use `zero_division` parameter to control this behavior.
  _warn_prf(average, modifier, f"{metric.capitalize()} is", len(result))

2025-12-20 17:52:32,066:INFO:Calculating mean and std
2025-12-20 17:52:32,067:INFO:Creating metrics dataframe
2025-12-20 17:52:32,069:INFO:Uploading results into container
2025-12-20 17:52:32,069:INFO:Uploading model into container now
2025-12-20 17:52:32,070:INFO:_master_model_container: 14
2025-12-20 17:52:32,070:INFO:_display_container: 2
2025-12-20 17:52:32,070:INFO:DummyClassifier(random_state=789)
2025-12-20 17:52:32,070:INFO:create_model() successfully completed......................................
2025-12-20 17:52:32,231:INFO:SubProcess create_model() end ==================================
2025-12-20 17:52:32,231:INFO:Creating metrics dataframe
2025-12-20 17:52:32,235:WARNING:E:\Sprint04\venv\Lib\site-packages\pycaret\internal\pycaret_experiment\supervised_experiment.py:339: FutureWarning:

Styler.applymap has been deprecated. Use Styler.map instead.


2025-12-20 17:52:32,236:INFO:Initializing create_model()
2025-12-20 17:52:32,237:INFO:create_model(self=<pycaret.classification.oop.ClassificationExperiment object at 0x0000017194F76B10>, estimator=RandomForestClassifier(n_jobs=-1, random_state=789), fold=StratifiedKFold(n_splits=10, random_state=None, shuffle=False), round=4, cross_validation=False, predict=False, fit_kwargs={}, groups=None, refit=True, probability_threshold=None, experiment_custom_tags=None, verbose=False, system=False, add_to_model_list=True, metrics=None, display=None, model_only=True, return_train_score=False, error_score=0.0, kwargs={})
2025-12-20 17:52:32,237:INFO:Checking exceptions
2025-12-20 17:52:32,237:INFO:Importing libraries
2025-12-20 17:52:32,237:INFO:Copying training dataset
2025-12-20 17:52:32,245:INFO:Defining folds
2025-12-20 17:52:32,245:INFO:Declaring metric variables
2025-12-20 17:52:32,245:INFO:Importing untrained model
2025-12-20 17:52:32,245:INFO:Declaring custom model
2025-12-20 17:52:32,246:INFO:Random Forest Classifier Imported successfully
2025-12-20 17:52:32,247:INFO:Cross validation set to False
2025-12-20 17:52:32,247:INFO:Fitting Model
2025-12-20 17:52:32,424:INFO:RandomForestClassifier(n_jobs=-1, random_state=789)
2025-12-20 17:52:32,424:INFO:create_model() successfully completed......................................
2025-12-20 17:52:32,599:INFO:_master_model_container: 14
2025-12-20 17:52:32,599:INFO:_display_container: 2
2025-12-20 17:52:32,599:INFO:RandomForestClassifier(n_jobs=-1, random_state=789)
2025-12-20 17:52:32,599:INFO:compare_models() successfully completed......................................
2025-12-20 17:52:40,985:WARNING:E:\Sprint04\src\pages\random_forest_manual.py:122: FutureWarning:



Passing `palette` without assigning `hue` is deprecated and will be removed in v0.14.0. Assign the `x` variable to `hue` and set `legend=False` for the same effect.



2025-12-20 17:52:40,985:WARNING:E:\Sprint04\src\pages\random_forest_manual.py:122: UserWarning:

The palette list has more values (6) than needed (3), which may not be intended.


2025-12-20 17:52:49,076:WARNING:E:\Sprint04\src\pages\random_forest_manual.py:122: FutureWarning:



Passing `palette` without assigning `hue` is deprecated and will be removed in v0.14.0. Assign the `x` variable to `hue` and set `legend=False` for the same effect.



2025-12-20 17:52:49,077:WARNING:E:\Sprint04\src\pages\random_forest_manual.py:122: UserWarning:

The palette list has more values (6) than needed (3), which may not be intended.


2025-12-22 12:11:57,046:WARNING:
'cuml' is a soft dependency and not included in the pycaret installation. Please run: `pip install cuml` to install.
2025-12-22 12:11:57,046:WARNING:
'cuml' is a soft dependency and not included in the pycaret installation. Please run: `pip install cuml` to install.
2025-12-22 12:11:57,046:WARNING:
'cuml' is a soft dependency and not included in the pycaret installation. Please run: `pip install cuml` to install.
2025-12-22 12:11:57,046:WARNING:
'cuml' is a soft dependency and not included in the pycaret installation. Please run: `pip install cuml` to install.
2025-12-22 12:46:36,472:WARNING:
'cuml' is a soft dependency and not included in the pycaret installation. Please run: `pip install cuml` to install.
2025-12-22 12:46:36,473:WARNING:
'cuml' is a soft dependency and not included in the pycaret installation. Please run: `pip install cuml` to install.
2025-12-22 12:46:36,473:WARNING:
'cuml' is a soft dependency and not included in the pycaret installation. Please run: `pip install cuml` to install.
2025-12-22 12:46:36,473:WARNING:
'cuml' is a soft dependency and not included in the pycaret installation. Please run: `pip install cuml` to install.
2025-12-22 12:46:56,037:INFO:PyCaret ClassificationExperiment
2025-12-22 12:46:56,037:INFO:Logging name: clf-default-name
2025-12-22 12:46:56,037:INFO:ML Usecase: MLUsecase.CLASSIFICATION
2025-12-22 12:46:56,037:INFO:version 3.3.2
2025-12-22 12:46:56,038:INFO:Initializing setup()
2025-12-22 12:46:56,038:INFO:self.USI: 2d01
2025-12-22 12:46:56,038:INFO:self._variable_keys: {'fix_imbalance', 'X', 'log_plots_param', 'fold_groups_param', 'n_jobs_param', '_available_plots', 'seed', 'is_multiclass', 'y_test', 'fold_generator', 'memory', 'y_train', 'y', '_ml_usecase', 'logging_param', 'html_param', 'gpu_param', 'fold_shuffle_param', 'idx', 'gpu_n_jobs_param', 'exp_id', 'pipeline', 'X_train', 'X_test', 'target_param', 'data', 'exp_name_log', 'USI'}
2025-12-22 12:46:56,057:INFO:Checking environment
2025-12-22 12:46:56,057:INFO:python_version: 3.11.6
2025-12-22 12:46:56,057:INFO:python_build: ('tags/v3.11.6:8b6ee5b', 'Oct  2 2023 14:57:12')
2025-12-22 12:46:56,058:INFO:machine: AMD64
2025-12-22 12:46:56,093:INFO:platform: Windows-10-10.0.19045-SP0
2025-12-22 12:46:56,097:INFO:Memory: svmem(total=12780036096, available=2658140160, percent=79.2, used=10121895936, free=2658140160)
2025-12-22 12:46:56,098:INFO:Physical Core: 2
2025-12-22 12:46:56,098:INFO:Logical Core: 4
2025-12-22 12:46:56,098:INFO:Checking libraries
2025-12-22 12:46:56,098:INFO:System:
2025-12-22 12:46:56,098:INFO:    python: 3.11.6 (tags/v3.11.6:8b6ee5b, Oct  2 2023, 14:57:12) [MSC v.1935 64 bit (AMD64)]
2025-12-22 12:46:56,098:INFO:executable: E:\Sprint04\venv\Scripts\python.exe
2025-12-22 12:46:56,098:INFO:   machine: Windows-10-10.0.19045-SP0
2025-12-22 12:46:56,098:INFO:PyCaret required dependencies:
2025-12-22 12:46:56,098:WARNING:E:\Sprint04\venv\Lib\site-packages\_distutils_hack\__init__.py:33: UserWarning:

Setuptools is replacing distutils.


2025-12-22 12:46:56,360:INFO:                 pip: 25.3
2025-12-22 12:46:56,361:INFO:          setuptools: 65.5.0
2025-12-22 12:46:56,361:INFO:             pycaret: 3.3.2
2025-12-22 12:46:56,361:INFO:             IPython: 9.8.0
2025-12-22 12:46:56,361:INFO:          ipywidgets: 8.1.8
2025-12-22 12:46:56,361:INFO:                tqdm: 4.67.1
2025-12-22 12:46:56,361:INFO:               numpy: 1.26.4
2025-12-22 12:46:56,361:INFO:              pandas: 2.1.4
2025-12-22 12:46:56,361:INFO:              jinja2: 3.1.6
2025-12-22 12:46:56,361:INFO:               scipy: 1.11.4
2025-12-22 12:46:56,361:INFO:              joblib: 1.3.2
2025-12-22 12:46:56,362:INFO:             sklearn: 1.4.2
2025-12-22 12:46:56,362:INFO:                pyod: 2.0.6
2025-12-22 12:46:56,362:INFO:            imblearn: 0.14.0
2025-12-22 12:46:56,362:INFO:   category_encoders: 2.7.0
2025-12-22 12:46:56,362:INFO:            lightgbm: 4.6.0
2025-12-22 12:46:56,362:INFO:               numba: 0.62.1
2025-12-22 12:46:56,362:INFO:            requests: 2.32.5
2025-12-22 12:46:56,362:INFO:          matplotlib: 3.7.5
2025-12-22 12:46:56,362:INFO:          scikitplot: 0.3.7
2025-12-22 12:46:56,362:INFO:         yellowbrick: 1.5
2025-12-22 12:46:56,362:INFO:              plotly: 6.5.0
2025-12-22 12:46:56,362:INFO:    plotly-resampler: Not installed
2025-12-22 12:46:56,362:INFO:             kaleido: 1.2.0
2025-12-22 12:46:56,362:INFO:           schemdraw: 0.15
2025-12-22 12:46:56,363:INFO:         statsmodels: 0.14.6
2025-12-22 12:46:56,363:INFO:              sktime: 0.26.0
2025-12-22 12:46:56,363:INFO:               tbats: 1.1.3
2025-12-22 12:46:56,363:INFO:            pmdarima: 2.0.4
2025-12-22 12:46:56,363:INFO:              psutil: 7.1.3
2025-12-22 12:46:56,363:INFO:          markupsafe: 3.0.3
2025-12-22 12:46:56,363:INFO:             pickle5: Not installed
2025-12-22 12:46:56,363:INFO:         cloudpickle: 3.1.2
2025-12-22 12:46:56,363:INFO:         deprecation: 2.1.0
2025-12-22 12:46:56,363:INFO:              xxhash: 3.6.0
2025-12-22 12:46:56,363:INFO:           wurlitzer: Not installed
2025-12-22 12:46:56,363:INFO:PyCaret optional dependencies:
2025-12-22 12:46:56,380:INFO:                shap: Not installed
2025-12-22 12:46:56,381:INFO:           interpret: Not installed
2025-12-22 12:46:56,381:INFO:                umap: Not installed
2025-12-22 12:46:56,381:INFO:     ydata_profiling: 4.18.0
2025-12-22 12:46:56,381:INFO:  explainerdashboard: Not installed
2025-12-22 12:46:56,381:INFO:             autoviz: Not installed
2025-12-22 12:46:56,381:INFO:           fairlearn: Not installed
2025-12-22 12:46:56,381:INFO:          deepchecks: Not installed
2025-12-22 12:46:56,381:INFO:             xgboost: Not installed
2025-12-22 12:46:56,381:INFO:            catboost: Not installed
2025-12-22 12:46:56,381:INFO:              kmodes: Not installed
2025-12-22 12:46:56,381:INFO:             mlxtend: Not installed
2025-12-22 12:46:56,381:INFO:       statsforecast: Not installed
2025-12-22 12:46:56,389:INFO:        tune_sklearn: Not installed
2025-12-22 12:46:56,389:INFO:                 ray: Not installed
2025-12-22 12:46:56,389:INFO:            hyperopt: Not installed
2025-12-22 12:46:56,389:INFO:              optuna: Not installed
2025-12-22 12:46:56,389:INFO:               skopt: Not installed
2025-12-22 12:46:56,390:INFO:              mlflow: Not installed
2025-12-22 12:46:56,390:INFO:              gradio: Not installed
2025-12-22 12:46:56,390:INFO:             fastapi: Not installed
2025-12-22 12:46:56,390:INFO:             uvicorn: Not installed
2025-12-22 12:46:56,390:INFO:              m2cgen: Not installed
2025-12-22 12:46:56,390:INFO:           evidently: Not installed
2025-12-22 12:46:56,390:INFO:               fugue: Not installed
2025-12-22 12:46:56,390:INFO:           streamlit: 1.52.1
2025-12-22 12:46:56,390:INFO:             prophet: Not installed
2025-12-22 12:46:56,390:INFO:None
2025-12-22 12:46:56,390:INFO:Set up data.
2025-12-22 12:46:56,395:INFO:Set up folding strategy.
2025-12-22 12:46:56,396:INFO:Set up train/test split.
2025-12-22 12:46:56,428:INFO:Set up index.
2025-12-22 12:46:56,428:INFO:Assigning column types.
2025-12-22 12:46:56,433:INFO:Engine successfully changes for model 'lr' to 'sklearn'.
2025-12-22 12:46:56,489:INFO:Engine for model 'knn' has not been set explicitly, hence returning None.
2025-12-22 12:46:56,494:INFO:Engine for model 'rbfsvm' has not been set explicitly, hence returning None.
2025-12-22 12:46:56,551:WARNING:
'xgboost' is a soft dependency and not included in the pycaret installation. Please run: `pip install xgboost` to install.
Alternately, you can install this by running `pip install pycaret[models]`
2025-12-22 12:46:56,552:WARNING:
'catboost' is a soft dependency and not included in the pycaret installation. Please run: `pip install catboost` to install.
Alternately, you can install this by running `pip install pycaret[models]`
2025-12-22 12:46:56,607:INFO:Engine for model 'knn' has not been set explicitly, hence returning None.
2025-12-22 12:46:56,608:INFO:Engine for model 'rbfsvm' has not been set explicitly, hence returning None.
2025-12-22 12:46:56,644:WARNING:
'xgboost' is a soft dependency and not included in the pycaret installation. Please run: `pip install xgboost` to install.
Alternately, you can install this by running `pip install pycaret[models]`
2025-12-22 12:46:56,645:WARNING:
'catboost' is a soft dependency and not included in the pycaret installation. Please run: `pip install catboost` to install.
Alternately, you can install this by running `pip install pycaret[models]`
2025-12-22 12:46:56,645:INFO:Engine successfully changes for model 'knn' to 'sklearn'.
2025-12-22 12:46:56,725:INFO:Engine for model 'rbfsvm' has not been set explicitly, hence returning None.
2025-12-22 12:46:56,760:WARNING:
'xgboost' is a soft dependency and not included in the pycaret installation. Please run: `pip install xgboost` to install.
Alternately, you can install this by running `pip install pycaret[models]`
2025-12-22 12:46:56,760:WARNING:
'catboost' is a soft dependency and not included in the pycaret installation. Please run: `pip install catboost` to install.
Alternately, you can install this by running `pip install pycaret[models]`
2025-12-22 12:46:56,819:INFO:Engine for model 'rbfsvm' has not been set explicitly, hence returning None.
2025-12-22 12:46:56,860:WARNING:
'xgboost' is a soft dependency and not included in the pycaret installation. Please run: `pip install xgboost` to install.
Alternately, you can install this by running `pip install pycaret[models]`
2025-12-22 12:46:56,861:WARNING:
'catboost' is a soft dependency and not included in the pycaret installation. Please run: `pip install catboost` to install.
Alternately, you can install this by running `pip install pycaret[models]`
2025-12-22 12:46:56,861:INFO:Engine successfully changes for model 'rbfsvm' to 'sklearn'.
2025-12-22 12:46:56,957:WARNING:
'xgboost' is a soft dependency and not included in the pycaret installation. Please run: `pip install xgboost` to install.
Alternately, you can install this by running `pip install pycaret[models]`
2025-12-22 12:46:56,957:WARNING:
'catboost' is a soft dependency and not included in the pycaret installation. Please run: `pip install catboost` to install.
Alternately, you can install this by running `pip install pycaret[models]`
2025-12-22 12:46:57,051:WARNING:
'xgboost' is a soft dependency and not included in the pycaret installation. Please run: `pip install xgboost` to install.
Alternately, you can install this by running `pip install pycaret[models]`
2025-12-22 12:46:57,051:WARNING:
'catboost' is a soft dependency and not included in the pycaret installation. Please run: `pip install catboost` to install.
Alternately, you can install this by running `pip install pycaret[models]`
2025-12-22 12:46:57,074:INFO:Preparing preprocessing pipeline...
2025-12-22 12:46:57,086:INFO:Set up simple imputation.
2025-12-22 12:46:57,086:INFO:Set up removing multicollinearity.
2025-12-22 12:46:57,086:INFO:Set up feature normalization.
2025-12-22 12:46:57,087:INFO:Set up column name cleaning.
2025-12-22 12:46:57,163:INFO:Finished creating preprocessing pipeline.
2025-12-22 12:46:57,182:INFO:Pipeline: Pipeline(memory=FastMemory(location=C:\Users\Yesica\AppData\Local\Temp\joblib),
         steps=[('numerical_imputer',
                 TransformerWrapper(exclude=None,
                                    include=['id_producto', 'total_unidades',
                                             'total_ventas',
                                             'cant_transacciones',
                                             'precio_promedio',
                                             'ventas_por_transaccion',
                                             'unidades_por_transaccion'],
                                    transformer=SimpleImputer(add_indicator=False,
                                                              copy=True,
                                                              fill_val...
                 TransformerWrapper(exclude=[], include=None,
                                    transformer=RemoveMulticollinearity(threshold=0.9))),
                ('normalize',
                 TransformerWrapper(exclude=None, include=None,
                                    transformer=StandardScaler(copy=True,
                                                               with_mean=True,
                                                               with_std=True))),
                ('clean_column_names',
                 TransformerWrapper(exclude=None, include=None,
                                    transformer=CleanColumnNames(match='[\\]\\[\\,\\{\\}\\"\\:]+')))],
         verbose=False)
2025-12-22 12:46:57,182:INFO:Creating final display dataframe.
2025-12-22 12:46:57,369:INFO:Setup _display_container:                     Description             Value
0                    Session id               789
1                        Target     nivel_demanda
2                   Target type        Multiclass
3           Original data shape          (95, 18)
4        Transformed data shape          (95, 17)
5   Transformed train set shape          (66, 17)
6    Transformed test set shape          (29, 17)
7              Numeric features                 7
8                    Preprocess              True
9               Imputation type            simple
10           Numeric imputation              mean
11       Categorical imputation              mode
12     Remove multicollinearity              True
13  Multicollinearity threshold               0.9
14                    Normalize              True
15             Normalize method            zscore
16               Fold Generator   StratifiedKFold
17                  Fold Number                10
18                     CPU Jobs                -1
19                      Use GPU             False
20               Log Experiment             False
21              Experiment Name  clf-default-name
22                          USI              2d01
2025-12-22 12:46:57,483:WARNING:
'xgboost' is a soft dependency and not included in the pycaret installation. Please run: `pip install xgboost` to install.
Alternately, you can install this by running `pip install pycaret[models]`
2025-12-22 12:46:57,484:WARNING:
'catboost' is a soft dependency and not included in the pycaret installation. Please run: `pip install catboost` to install.
Alternately, you can install this by running `pip install pycaret[models]`
2025-12-22 12:46:57,567:WARNING:
'xgboost' is a soft dependency and not included in the pycaret installation. Please run: `pip install xgboost` to install.
Alternately, you can install this by running `pip install pycaret[models]`
2025-12-22 12:46:57,567:WARNING:
'catboost' is a soft dependency and not included in the pycaret installation. Please run: `pip install catboost` to install.
Alternately, you can install this by running `pip install pycaret[models]`
2025-12-22 12:46:57,568:INFO:setup() successfully completed in 2.01s...............
2025-12-22 12:46:57,573:INFO:Initializing get_config()
2025-12-22 12:46:57,573:INFO:get_config(self=<pycaret.classification.oop.ClassificationExperiment object at 0x00000197F4ECC950>, variable=train)
2025-12-22 12:46:57,574:INFO:Variable: 'train' used to return the transformed values in PyCaret 2.x. From PyCaret 3.x, this will return the raw values. If you need the transformed values, call get_config with 'train_transformed' instead.
2025-12-22 12:46:57,574:WARNING:E:\Sprint04\venv\Lib\site-packages\pycaret\internal\pycaret_experiment\pycaret_experiment.py:321: UserWarning:

Variable: 'train' used to return the transformed values in PyCaret 2.x. From PyCaret 3.x, this will return the raw values. If you need the transformed values, call get_config with 'train_transformed' instead.


2025-12-22 12:46:57,611:INFO:Variable:  returned as     id_producto  total_unidades  total_ventas  cant_transacciones  precio_promedio  ventas_por_transaccion  ...  categoria_Infusiones  categoria_Limpieza del hogar  categoria_Lácteos y refrigerados  categoria_Panificados  categoria_Snacks y golosinas  nivel_demanda
76           80               8         15848                   3           1981.0             5282.666504  ...                 False                         False                             False                  False                         False              0
59           61               3         14946                   2           4982.0             7473.000000  ...                 False                         False                             False                  False                         False              0
31           32              18         40212                   5           2234.0             8042.399902  ...                 False                         False                             False                  False                          True              2
40           41              19         16340                   6            860.0             2723.333252  ...                 False                         False                             False                  False                         False              2
45           46               5         15180                   1           3036.0            15180.000000  ...                 False                         False                             False                  False                         False              0
..          ...             ...           ...                 ...              ...                     ...  ...                   ...                           ...                               ...                    ...                           ...            ...
89           93               9         19278                   3           2142.0             6426.000000  ...                 False                         False                             False                  False                         False              1
42           43              27         23949                   7            887.0             3421.285645  ...                 False                         False                             False                  False                         False              2
81           85               5          9280                   3           1856.0             3093.333252  ...                 False                         False                             False                  False                         False              0
2             3               4         19856                   1           4964.0            19856.000000  ...                 False                         False                             False                  False                         False              0
19           20               9         14139                   3           1571.0             4713.000000  ...                 False                         False                             False                   True                         False              1

[66 rows x 18 columns]
2025-12-22 12:46:57,611:INFO:get_config() successfully completed......................................
2025-12-22 12:46:57,611:INFO:Initializing get_config()
2025-12-22 12:46:57,611:INFO:get_config(self=<pycaret.classification.oop.ClassificationExperiment object at 0x00000197F4ECC950>, variable=test)
2025-12-22 12:46:57,612:INFO:Variable: 'test' used to return the transformed values in PyCaret 2.x. From PyCaret 3.x, this will return the raw values. If you need the transformed values, call get_config with 'test_transformed' instead.
2025-12-22 12:46:57,612:WARNING:E:\Sprint04\venv\Lib\site-packages\pycaret\internal\pycaret_experiment\pycaret_experiment.py:321: UserWarning:

Variable: 'test' used to return the transformed values in PyCaret 2.x. From PyCaret 3.x, this will return the raw values. If you need the transformed values, call get_config with 'test_transformed' instead.


2025-12-22 12:46:57,650:INFO:Variable:  returned as     id_producto  total_unidades  total_ventas  cant_transacciones  precio_promedio  ventas_por_transaccion  ...  categoria_Infusiones  categoria_Limpieza del hogar  categoria_Lácteos y refrigerados  categoria_Panificados  categoria_Snacks y golosinas  nivel_demanda
44           45               9          6705                   2            745.0             3352.500000  ...                 False                         False                             False                  False                         False              1
3             4              16         32528                   5           2033.0             6505.600098  ...                 False                         False                             False                  False                         False              2
41           42               4          4780                   1           1195.0             4780.000000  ...                 False                         False                             False                  False                         False              0
9            10               8         39064                   5           4883.0             7812.799805  ...                  True                         False                             False                  False                         False              0
73           77               4         19112                   1           4778.0            19112.000000  ...                 False                         False                             False                  False                         False              0
67           70               9         36549                   5           4061.0             7309.799805  ...                 False                         False                             False                  False                         False              1
6             7              14         45766                   4           3269.0            11441.500000  ...                 False                         False                             False                  False                         False              2
86           90              12         34824                   4           2902.0             8706.000000  ...                 False                         False                             False                  False                         False              1
72           76              20         85720                   5           4286.0            17144.000000  ...                 False                         False                             False                  False                         False              2
50           51               5          8725                   3           1745.0             2908.333252  ...                 False                         False                             False                  False                         False              0
16           17               9         43506                   3           4834.0            14502.000000  ...                 False                         False                              True                  False                         False              1
65           67               4         18876                   1           4719.0            18876.000000  ...                 False                         False                             False                  False                         False              0
68           71               4          2032                   1            508.0             2032.000000  ...                 False                         False                             False                  False                         False              0
55           56               5         12660                   2           2532.0             6330.000000  ...                 False                          True                             False                  False                         False              0
74           78              10         42890                   3           4289.0            14296.666992  ...                 False                         False                             False                  False                         False              1
13           14               5          8615                   2           1723.0             4307.500000  ...                 False                         False                              True                  False                         False              0
69           72              21         81396                   7           3876.0            11628.000000  ...                 False                         False                             False                  False                         False              2
33           34              15          7545                   4            503.0             1886.250000  ...                 False                         False                             False                  False                          True              2
52           53              21         34944                   7           1664.0             4992.000000  ...                 False                          True                             False                  False                         False              2
48           49               6         15072                   2           2512.0             7536.000000  ...                 False                         False                             False                  False                         False              0
1             2               9         44757                   3           4973.0            14919.000000  ...                 False                         False                             False                  False                         False              1
49           50              11          7997                   4            727.0             1999.250000  ...                 False                         False                             False                  False                         False              1
61           63               6         26022                   2           4337.0            13011.000000  ...                 False                         False                             False                  False                         False              0
91           95              14         22134                   4           1581.0             5533.500000  ...                 False                         False                             False                  False                         False              2
30           31               8         27272                   4           3409.0             6818.000000  ...                 False                         False                             False                  False                         False              0
17           18              26         89544                   9           3444.0             9949.333008  ...                 False                         False                              True                  False                         False              2
23           24              11         14355                   5           1305.0             2871.000000  ...                 False                         False                             False                  False                          True              1
63           65              13         31499                   5           2423.0             6299.799805  ...                 False                         False                             False                  False                         False              2
85           89               4          4012                   1           1003.0             4012.000000  ...                 False                         False                             False                  False                         False              0

[29 rows x 18 columns]
2025-12-22 12:46:57,650:INFO:get_config() successfully completed......................................
2025-12-22 12:46:57,653:INFO:Initializing get_config()
2025-12-22 12:46:57,653:INFO:get_config(self=<pycaret.classification.oop.ClassificationExperiment object at 0x00000197F4ECC950>, variable=fold_generator)
2025-12-22 12:46:57,654:INFO:Variable: fo returned as StratifiedKFold(n_splits=10, random_state=None, shuffle=False)
2025-12-22 12:46:57,654:INFO:get_config() successfully completed......................................
2025-12-22 12:47:03,326:INFO:PyCaret ClassificationExperiment
2025-12-22 12:47:03,326:INFO:Logging name: clf-default-name
2025-12-22 12:47:03,326:INFO:ML Usecase: MLUsecase.CLASSIFICATION
2025-12-22 12:47:03,326:INFO:version 3.3.2
2025-12-22 12:47:03,326:INFO:Initializing setup()
2025-12-22 12:47:03,326:INFO:self.USI: 6eb9
2025-12-22 12:47:03,326:INFO:self._variable_keys: {'fix_imbalance', 'X', 'log_plots_param', 'fold_groups_param', 'n_jobs_param', '_available_plots', 'seed', 'is_multiclass', 'y_test', 'fold_generator', 'memory', 'y_train', 'y', '_ml_usecase', 'logging_param', 'html_param', 'gpu_param', 'fold_shuffle_param', 'idx', 'gpu_n_jobs_param', 'exp_id', 'pipeline', 'X_train', 'X_test', 'target_param', 'data', 'exp_name_log', 'USI'}
2025-12-22 12:47:03,326:INFO:Checking environment
2025-12-22 12:47:03,326:INFO:python_version: 3.11.6
2025-12-22 12:47:03,326:INFO:python_build: ('tags/v3.11.6:8b6ee5b', 'Oct  2 2023 14:57:12')
2025-12-22 12:47:03,326:INFO:machine: AMD64
2025-12-22 12:47:03,326:INFO:platform: Windows-10-10.0.19045-SP0
2025-12-22 12:47:03,329:INFO:Memory: svmem(total=12780036096, available=2651107328, percent=79.3, used=10128928768, free=2651107328)
2025-12-22 12:47:03,329:INFO:Physical Core: 2
2025-12-22 12:47:03,329:INFO:Logical Core: 4
2025-12-22 12:47:03,329:INFO:Checking libraries
2025-12-22 12:47:03,329:INFO:System:
2025-12-22 12:47:03,329:INFO:    python: 3.11.6 (tags/v3.11.6:8b6ee5b, Oct  2 2023, 14:57:12) [MSC v.1935 64 bit (AMD64)]
2025-12-22 12:47:03,329:INFO:executable: E:\Sprint04\venv\Scripts\python.exe
2025-12-22 12:47:03,329:INFO:   machine: Windows-10-10.0.19045-SP0
2025-12-22 12:47:03,330:INFO:PyCaret required dependencies:
2025-12-22 12:47:03,330:INFO:                 pip: 25.3
2025-12-22 12:47:03,330:INFO:          setuptools: 65.5.0
2025-12-22 12:47:03,330:INFO:             pycaret: 3.3.2
2025-12-22 12:47:03,330:INFO:             IPython: 9.8.0
2025-12-22 12:47:03,330:INFO:          ipywidgets: 8.1.8
2025-12-22 12:47:03,330:INFO:                tqdm: 4.67.1
2025-12-22 12:47:03,330:INFO:               numpy: 1.26.4
2025-12-22 12:47:03,330:INFO:              pandas: 2.1.4
2025-12-22 12:47:03,330:INFO:              jinja2: 3.1.6
2025-12-22 12:47:03,330:INFO:               scipy: 1.11.4
2025-12-22 12:47:03,330:INFO:              joblib: 1.3.2
2025-12-22 12:47:03,330:INFO:             sklearn: 1.4.2
2025-12-22 12:47:03,330:INFO:                pyod: 2.0.6
2025-12-22 12:47:03,330:INFO:            imblearn: 0.14.0
2025-12-22 12:47:03,330:INFO:   category_encoders: 2.7.0
2025-12-22 12:47:03,330:INFO:            lightgbm: 4.6.0
2025-12-22 12:47:03,330:INFO:               numba: 0.62.1
2025-12-22 12:47:03,330:INFO:            requests: 2.32.5
2025-12-22 12:47:03,330:INFO:          matplotlib: 3.7.5
2025-12-22 12:47:03,331:INFO:          scikitplot: 0.3.7
2025-12-22 12:47:03,331:INFO:         yellowbrick: 1.5
2025-12-22 12:47:03,331:INFO:              plotly: 6.5.0
2025-12-22 12:47:03,331:INFO:    plotly-resampler: Not installed
2025-12-22 12:47:03,331:INFO:             kaleido: 1.2.0
2025-12-22 12:47:03,331:INFO:           schemdraw: 0.15
2025-12-22 12:47:03,331:INFO:         statsmodels: 0.14.6
2025-12-22 12:47:03,331:INFO:              sktime: 0.26.0
2025-12-22 12:47:03,331:INFO:               tbats: 1.1.3
2025-12-22 12:47:03,331:INFO:            pmdarima: 2.0.4
2025-12-22 12:47:03,331:INFO:              psutil: 7.1.3
2025-12-22 12:47:03,331:INFO:          markupsafe: 3.0.3
2025-12-22 12:47:03,331:INFO:             pickle5: Not installed
2025-12-22 12:47:03,331:INFO:         cloudpickle: 3.1.2
2025-12-22 12:47:03,331:INFO:         deprecation: 2.1.0
2025-12-22 12:47:03,331:INFO:              xxhash: 3.6.0
2025-12-22 12:47:03,331:INFO:           wurlitzer: Not installed
2025-12-22 12:47:03,331:INFO:PyCaret optional dependencies:
2025-12-22 12:47:03,331:INFO:                shap: Not installed
2025-12-22 12:47:03,331:INFO:           interpret: Not installed
2025-12-22 12:47:03,331:INFO:                umap: Not installed
2025-12-22 12:47:03,331:INFO:     ydata_profiling: 4.18.0
2025-12-22 12:47:03,332:INFO:  explainerdashboard: Not installed
2025-12-22 12:47:03,332:INFO:             autoviz: Not installed
2025-12-22 12:47:03,332:INFO:           fairlearn: Not installed
2025-12-22 12:47:03,332:INFO:          deepchecks: Not installed
2025-12-22 12:47:03,332:INFO:             xgboost: Not installed
2025-12-22 12:47:03,332:INFO:            catboost: Not installed
2025-12-22 12:47:03,332:INFO:              kmodes: Not installed
2025-12-22 12:47:03,332:INFO:             mlxtend: Not installed
2025-12-22 12:47:03,332:INFO:       statsforecast: Not installed
2025-12-22 12:47:03,332:INFO:        tune_sklearn: Not installed
2025-12-22 12:47:03,332:INFO:                 ray: Not installed
2025-12-22 12:47:03,332:INFO:            hyperopt: Not installed
2025-12-22 12:47:03,332:INFO:              optuna: Not installed
2025-12-22 12:47:03,332:INFO:               skopt: Not installed
2025-12-22 12:47:03,332:INFO:              mlflow: Not installed
2025-12-22 12:47:03,332:INFO:              gradio: Not installed
2025-12-22 12:47:03,332:INFO:             fastapi: Not installed
2025-12-22 12:47:03,332:INFO:             uvicorn: Not installed
2025-12-22 12:47:03,332:INFO:              m2cgen: Not installed
2025-12-22 12:47:03,332:INFO:           evidently: Not installed
2025-12-22 12:47:03,332:INFO:               fugue: Not installed
2025-12-22 12:47:03,332:INFO:           streamlit: 1.52.1
2025-12-22 12:47:03,332:INFO:             prophet: Not installed
2025-12-22 12:47:03,333:INFO:None
2025-12-22 12:47:03,333:INFO:Set up data.
2025-12-22 12:47:03,337:INFO:Set up folding strategy.
2025-12-22 12:47:03,337:INFO:Set up train/test split.
2025-12-22 12:47:03,342:INFO:Set up index.
2025-12-22 12:47:03,342:INFO:Assigning column types.
2025-12-22 12:47:03,347:INFO:Engine successfully changes for model 'lr' to 'sklearn'.
2025-12-22 12:47:03,401:INFO:Engine for model 'knn' has not been set explicitly, hence returning None.
2025-12-22 12:47:03,402:INFO:Engine for model 'rbfsvm' has not been set explicitly, hence returning None.
2025-12-22 12:47:03,437:WARNING:
'xgboost' is a soft dependency and not included in the pycaret installation. Please run: `pip install xgboost` to install.
Alternately, you can install this by running `pip install pycaret[models]`
2025-12-22 12:47:03,437:WARNING:
'catboost' is a soft dependency and not included in the pycaret installation. Please run: `pip install catboost` to install.
Alternately, you can install this by running `pip install pycaret[models]`
2025-12-22 12:47:03,510:INFO:Engine for model 'knn' has not been set explicitly, hence returning None.
2025-12-22 12:47:03,512:INFO:Engine for model 'rbfsvm' has not been set explicitly, hence returning None.
2025-12-22 12:47:03,546:WARNING:
'xgboost' is a soft dependency and not included in the pycaret installation. Please run: `pip install xgboost` to install.
Alternately, you can install this by running `pip install pycaret[models]`
2025-12-22 12:47:03,547:WARNING:
'catboost' is a soft dependency and not included in the pycaret installation. Please run: `pip install catboost` to install.
Alternately, you can install this by running `pip install pycaret[models]`
2025-12-22 12:47:03,548:INFO:Engine successfully changes for model 'knn' to 'sklearn'.
2025-12-22 12:47:03,603:INFO:Engine for model 'rbfsvm' has not been set explicitly, hence returning None.
2025-12-22 12:47:03,634:WARNING:
'xgboost' is a soft dependency and not included in the pycaret installation. Please run: `pip install xgboost` to install.
Alternately, you can install this by running `pip install pycaret[models]`
2025-12-22 12:47:03,635:WARNING:
'catboost' is a soft dependency and not included in the pycaret installation. Please run: `pip install catboost` to install.
Alternately, you can install this by running `pip install pycaret[models]`
2025-12-22 12:47:03,690:INFO:Engine for model 'rbfsvm' has not been set explicitly, hence returning None.
2025-12-22 12:47:03,733:WARNING:
'xgboost' is a soft dependency and not included in the pycaret installation. Please run: `pip install xgboost` to install.
Alternately, you can install this by running `pip install pycaret[models]`
2025-12-22 12:47:03,734:WARNING:
'catboost' is a soft dependency and not included in the pycaret installation. Please run: `pip install catboost` to install.
Alternately, you can install this by running `pip install pycaret[models]`
2025-12-22 12:47:03,734:INFO:Engine successfully changes for model 'rbfsvm' to 'sklearn'.
2025-12-22 12:47:03,819:WARNING:
'xgboost' is a soft dependency and not included in the pycaret installation. Please run: `pip install xgboost` to install.
Alternately, you can install this by running `pip install pycaret[models]`
2025-12-22 12:47:03,820:WARNING:
'catboost' is a soft dependency and not included in the pycaret installation. Please run: `pip install catboost` to install.
Alternately, you can install this by running `pip install pycaret[models]`
2025-12-22 12:47:03,909:WARNING:
'xgboost' is a soft dependency and not included in the pycaret installation. Please run: `pip install xgboost` to install.
Alternately, you can install this by running `pip install pycaret[models]`
2025-12-22 12:47:03,909:WARNING:
'catboost' is a soft dependency and not included in the pycaret installation. Please run: `pip install catboost` to install.
Alternately, you can install this by running `pip install pycaret[models]`
2025-12-22 12:47:03,912:INFO:Preparing preprocessing pipeline...
2025-12-22 12:47:03,914:INFO:Set up simple imputation.
2025-12-22 12:47:03,914:INFO:Set up removing multicollinearity.
2025-12-22 12:47:03,914:INFO:Set up feature normalization.
2025-12-22 12:47:03,916:INFO:Set up column name cleaning.
2025-12-22 12:47:03,993:INFO:Finished creating preprocessing pipeline.
2025-12-22 12:47:04,001:INFO:Pipeline: Pipeline(memory=FastMemory(location=C:\Users\Yesica\AppData\Local\Temp\joblib),
         steps=[('numerical_imputer',
                 TransformerWrapper(exclude=None,
                                    include=['id_producto', 'total_unidades',
                                             'total_ventas',
                                             'cant_transacciones',
                                             'precio_promedio',
                                             'ventas_por_transaccion',
                                             'unidades_por_transaccion'],
                                    transformer=SimpleImputer(add_indicator=False,
                                                              copy=True,
                                                              fill_val...
                 TransformerWrapper(exclude=[], include=None,
                                    transformer=RemoveMulticollinearity(threshold=0.9))),
                ('normalize',
                 TransformerWrapper(exclude=None, include=None,
                                    transformer=StandardScaler(copy=True,
                                                               with_mean=True,
                                                               with_std=True))),
                ('clean_column_names',
                 TransformerWrapper(exclude=None, include=None,
                                    transformer=CleanColumnNames(match='[\\]\\[\\,\\{\\}\\"\\:]+')))],
         verbose=False)
2025-12-22 12:47:04,002:INFO:Creating final display dataframe.
2025-12-22 12:47:04,214:INFO:Setup _display_container:                     Description             Value
0                    Session id               789
1                        Target     nivel_demanda
2                   Target type        Multiclass
3           Original data shape          (95, 18)
4        Transformed data shape          (95, 17)
5   Transformed train set shape          (66, 17)
6    Transformed test set shape          (29, 17)
7              Numeric features                 7
8                    Preprocess              True
9               Imputation type            simple
10           Numeric imputation              mean
11       Categorical imputation              mode
12     Remove multicollinearity              True
13  Multicollinearity threshold               0.9
14                    Normalize              True
15             Normalize method            zscore
16               Fold Generator   StratifiedKFold
17                  Fold Number                10
18                     CPU Jobs                -1
19                      Use GPU             False
20               Log Experiment             False
21              Experiment Name  clf-default-name
22                          USI              6eb9
2025-12-22 12:47:04,302:WARNING:
'xgboost' is a soft dependency and not included in the pycaret installation. Please run: `pip install xgboost` to install.
Alternately, you can install this by running `pip install pycaret[models]`
2025-12-22 12:47:04,302:WARNING:
'catboost' is a soft dependency and not included in the pycaret installation. Please run: `pip install catboost` to install.
Alternately, you can install this by running `pip install pycaret[models]`
2025-12-22 12:47:04,419:WARNING:
'xgboost' is a soft dependency and not included in the pycaret installation. Please run: `pip install xgboost` to install.
Alternately, you can install this by running `pip install pycaret[models]`
2025-12-22 12:47:04,420:WARNING:
'catboost' is a soft dependency and not included in the pycaret installation. Please run: `pip install catboost` to install.
Alternately, you can install this by running `pip install pycaret[models]`
2025-12-22 12:47:04,422:INFO:setup() successfully completed in 1.28s...............
2025-12-22 12:47:04,422:INFO:Initializing compare_models()
2025-12-22 12:47:04,422:INFO:compare_models(self=<pycaret.classification.oop.ClassificationExperiment object at 0x00000197EFAD6A10>, include=None, exclude=None, fold=3, round=4, cross_validation=True, sort=AUC, n_select=1, budget_time=None, turbo=True, errors=ignore, fit_kwargs=None, groups=None, experiment_custom_tags=None, probability_threshold=None, verbose=True, parallel=None, caller_params={'self': <pycaret.classification.oop.ClassificationExperiment object at 0x00000197EFAD6A10>, 'include': None, 'exclude': None, 'fold': 3, 'round': 4, 'cross_validation': True, 'sort': 'AUC', 'n_select': 1, 'budget_time': None, 'turbo': True, 'errors': 'ignore', 'fit_kwargs': None, 'groups': None, 'experiment_custom_tags': None, 'probability_threshold': None, 'engine': None, 'verbose': True, 'parallel': None, '__class__': <class 'pycaret.classification.oop.ClassificationExperiment'>})
2025-12-22 12:47:04,422:INFO:Checking exceptions
2025-12-22 12:47:04,428:INFO:Preparing display monitor
2025-12-22 12:47:04,432:INFO:Initializing Logistic Regression
2025-12-22 12:47:04,433:INFO:Total runtime is 1.6661485036214194e-05 minutes
2025-12-22 12:47:04,433:INFO:SubProcess create_model() called ==================================
2025-12-22 12:47:04,433:INFO:Initializing create_model()
2025-12-22 12:47:04,433:INFO:create_model(self=<pycaret.classification.oop.ClassificationExperiment object at 0x00000197EFAD6A10>, estimator=lr, fold=StratifiedKFold(n_splits=3, random_state=None, shuffle=False), round=4, cross_validation=True, predict=True, fit_kwargs={}, groups=None, refit=False, probability_threshold=None, experiment_custom_tags=None, verbose=False, system=False, add_to_model_list=True, metrics=None, display=<pycaret.internal.display.display.CommonDisplay object at 0x00000197F4BC1690>, model_only=True, return_train_score=False, error_score=0.0, kwargs={})
2025-12-22 12:47:04,434:INFO:Checking exceptions
2025-12-22 12:47:04,434:INFO:Importing libraries
2025-12-22 12:47:04,434:INFO:Copying training dataset
2025-12-22 12:47:04,441:INFO:Defining folds
2025-12-22 12:47:04,441:INFO:Declaring metric variables
2025-12-22 12:47:04,441:INFO:Importing untrained model
2025-12-22 12:47:04,442:INFO:Logistic Regression Imported successfully
2025-12-22 12:47:04,443:INFO:Starting cross validation
2025-12-22 12:47:04,444:INFO:Cross validating with StratifiedKFold(n_splits=3, random_state=None, shuffle=False), n_jobs=-1
2025-12-22 12:47:10,720:WARNING:E:\Sprint04\venv\Lib\site-packages\_distutils_hack\__init__.py:33: UserWarning: Setuptools is replacing distutils.
  warnings.warn("Setuptools is replacing distutils.")

2025-12-22 12:47:10,747:WARNING:E:\Sprint04\venv\Lib\site-packages\_distutils_hack\__init__.py:33: UserWarning: Setuptools is replacing distutils.
  warnings.warn("Setuptools is replacing distutils.")

2025-12-22 12:47:10,810:WARNING:E:\Sprint04\venv\Lib\site-packages\_distutils_hack\__init__.py:33: UserWarning: Setuptools is replacing distutils.
  warnings.warn("Setuptools is replacing distutils.")

2025-12-22 12:47:11,419:WARNING:E:\Sprint04\venv\Lib\site-packages\pycaret\internal\metrics.py:204: FitFailedWarning: Metric 'make_scorer(roc_auc_score, response_method=('decision_function', 'predict_proba'), average=weighted, multi_class=ovr)' failed and error score 0.0 has been returned instead. If this is a custom metric, this usually means that the error is in the metric code. Full exception below:
Traceback (most recent call last):
  File "E:\Sprint04\venv\Lib\site-packages\pycaret\internal\metrics.py", line 196, in _score
    return super()._score(
           ^^^^^^^^^^^^^^^
  File "E:\Sprint04\venv\Lib\site-packages\sklearn\metrics\_scorer.py", line 350, in _score
    return self._sign * self._score_func(y_true, y_pred, **scoring_kwargs)
                        ^^^^^^^^^^^^^^^^^^^^^^^^^^^^^^^^^^^^^^^^^^^^^^^^^^
  File "E:\Sprint04\venv\Lib\site-packages\pycaret\internal\metrics.py", line 144, in __call__
    return self.score_func(y_true, y_pred, **kwargs)
           ^^^^^^^^^^^^^^^^^^^^^^^^^^^^^^^^^^^^^^^^^
  File "E:\Sprint04\venv\Lib\site-packages\sklearn\utils\_param_validation.py", line 213, in wrapper
    return func(*args, **kwargs)
           ^^^^^^^^^^^^^^^^^^^^^
  File "E:\Sprint04\venv\Lib\site-packages\sklearn\metrics\_ranking.py", line 634, in roc_auc_score
    return _multiclass_roc_auc_score(
           ^^^^^^^^^^^^^^^^^^^^^^^^^^
  File "E:\Sprint04\venv\Lib\site-packages\sklearn\metrics\_ranking.py", line 707, in _multiclass_roc_auc_score
    raise ValueError(
ValueError: Target scores need to be probabilities for multiclass roc_auc, i.e. they should sum up to 1.0 over classes

  warnings.warn(

2025-12-22 12:47:11,419:WARNING:E:\Sprint04\venv\Lib\site-packages\pycaret\internal\metrics.py:204: FitFailedWarning: Metric 'make_scorer(roc_auc_score, response_method=('decision_function', 'predict_proba'), average=weighted, multi_class=ovr)' failed and error score 0.0 has been returned instead. If this is a custom metric, this usually means that the error is in the metric code. Full exception below:
Traceback (most recent call last):
  File "E:\Sprint04\venv\Lib\site-packages\pycaret\internal\metrics.py", line 196, in _score
    return super()._score(
           ^^^^^^^^^^^^^^^
  File "E:\Sprint04\venv\Lib\site-packages\sklearn\metrics\_scorer.py", line 350, in _score
    return self._sign * self._score_func(y_true, y_pred, **scoring_kwargs)
                        ^^^^^^^^^^^^^^^^^^^^^^^^^^^^^^^^^^^^^^^^^^^^^^^^^^
  File "E:\Sprint04\venv\Lib\site-packages\pycaret\internal\metrics.py", line 144, in __call__
    return self.score_func(y_true, y_pred, **kwargs)
           ^^^^^^^^^^^^^^^^^^^^^^^^^^^^^^^^^^^^^^^^^
  File "E:\Sprint04\venv\Lib\site-packages\sklearn\utils\_param_validation.py", line 213, in wrapper
    return func(*args, **kwargs)
           ^^^^^^^^^^^^^^^^^^^^^
  File "E:\Sprint04\venv\Lib\site-packages\sklearn\metrics\_ranking.py", line 634, in roc_auc_score
    return _multiclass_roc_auc_score(
           ^^^^^^^^^^^^^^^^^^^^^^^^^^
  File "E:\Sprint04\venv\Lib\site-packages\sklearn\metrics\_ranking.py", line 707, in _multiclass_roc_auc_score
    raise ValueError(
ValueError: Target scores need to be probabilities for multiclass roc_auc, i.e. they should sum up to 1.0 over classes

  warnings.warn(

2025-12-22 12:47:11,420:WARNING:E:\Sprint04\venv\Lib\site-packages\pycaret\internal\metrics.py:204: FitFailedWarning: Metric 'make_scorer(roc_auc_score, response_method=('decision_function', 'predict_proba'), average=weighted, multi_class=ovr)' failed and error score 0.0 has been returned instead. If this is a custom metric, this usually means that the error is in the metric code. Full exception below:
Traceback (most recent call last):
  File "E:\Sprint04\venv\Lib\site-packages\pycaret\internal\metrics.py", line 196, in _score
    return super()._score(
           ^^^^^^^^^^^^^^^
  File "E:\Sprint04\venv\Lib\site-packages\sklearn\metrics\_scorer.py", line 350, in _score
    return self._sign * self._score_func(y_true, y_pred, **scoring_kwargs)
                        ^^^^^^^^^^^^^^^^^^^^^^^^^^^^^^^^^^^^^^^^^^^^^^^^^^
  File "E:\Sprint04\venv\Lib\site-packages\pycaret\internal\metrics.py", line 144, in __call__
    return self.score_func(y_true, y_pred, **kwargs)
           ^^^^^^^^^^^^^^^^^^^^^^^^^^^^^^^^^^^^^^^^^
  File "E:\Sprint04\venv\Lib\site-packages\sklearn\utils\_param_validation.py", line 213, in wrapper
    return func(*args, **kwargs)
           ^^^^^^^^^^^^^^^^^^^^^
  File "E:\Sprint04\venv\Lib\site-packages\sklearn\metrics\_ranking.py", line 634, in roc_auc_score
    return _multiclass_roc_auc_score(
           ^^^^^^^^^^^^^^^^^^^^^^^^^^
  File "E:\Sprint04\venv\Lib\site-packages\sklearn\metrics\_ranking.py", line 707, in _multiclass_roc_auc_score
    raise ValueError(
ValueError: Target scores need to be probabilities for multiclass roc_auc, i.e. they should sum up to 1.0 over classes

  warnings.warn(

2025-12-22 12:47:11,480:INFO:Calculating mean and std
2025-12-22 12:47:11,482:INFO:Creating metrics dataframe
2025-12-22 12:47:11,486:INFO:Uploading results into container
2025-12-22 12:47:11,487:INFO:Uploading model into container now
2025-12-22 12:47:11,488:INFO:_master_model_container: 1
2025-12-22 12:47:11,488:INFO:_display_container: 2
2025-12-22 12:47:11,488:INFO:LogisticRegression(C=1.0, class_weight=None, dual=False, fit_intercept=True,
                   intercept_scaling=1, l1_ratio=None, max_iter=1000,
                   multi_class='auto', n_jobs=None, penalty='l2',
                   random_state=789, solver='lbfgs', tol=0.0001, verbose=0,
                   warm_start=False)
2025-12-22 12:47:11,489:INFO:create_model() successfully completed......................................
2025-12-22 12:47:11,711:INFO:SubProcess create_model() end ==================================
2025-12-22 12:47:11,711:INFO:Creating metrics dataframe
2025-12-22 12:47:11,713:INFO:Initializing K Neighbors Classifier
2025-12-22 12:47:11,713:INFO:Total runtime is 0.12135192553202312 minutes
2025-12-22 12:47:11,714:INFO:SubProcess create_model() called ==================================
2025-12-22 12:47:11,714:INFO:Initializing create_model()
2025-12-22 12:47:11,714:INFO:create_model(self=<pycaret.classification.oop.ClassificationExperiment object at 0x00000197EFAD6A10>, estimator=knn, fold=StratifiedKFold(n_splits=3, random_state=None, shuffle=False), round=4, cross_validation=True, predict=True, fit_kwargs={}, groups=None, refit=False, probability_threshold=None, experiment_custom_tags=None, verbose=False, system=False, add_to_model_list=True, metrics=None, display=<pycaret.internal.display.display.CommonDisplay object at 0x00000197F4BC1690>, model_only=True, return_train_score=False, error_score=0.0, kwargs={})
2025-12-22 12:47:11,714:INFO:Checking exceptions
2025-12-22 12:47:11,714:INFO:Importing libraries
2025-12-22 12:47:11,714:INFO:Copying training dataset
2025-12-22 12:47:11,720:INFO:Defining folds
2025-12-22 12:47:11,720:INFO:Declaring metric variables
2025-12-22 12:47:11,720:INFO:Importing untrained model
2025-12-22 12:47:11,721:INFO:K Neighbors Classifier Imported successfully
2025-12-22 12:47:11,721:INFO:Starting cross validation
2025-12-22 12:47:11,722:INFO:Cross validating with StratifiedKFold(n_splits=3, random_state=None, shuffle=False), n_jobs=-1
2025-12-22 12:47:15,027:WARNING:E:\Sprint04\venv\Lib\site-packages\_distutils_hack\__init__.py:33: UserWarning: Setuptools is replacing distutils.
  warnings.warn("Setuptools is replacing distutils.")

2025-12-22 12:47:15,361:INFO:Calculating mean and std
2025-12-22 12:47:15,362:INFO:Creating metrics dataframe
2025-12-22 12:47:15,365:INFO:Uploading results into container
2025-12-22 12:47:15,365:INFO:Uploading model into container now
2025-12-22 12:47:15,366:INFO:_master_model_container: 2
2025-12-22 12:47:15,366:INFO:_display_container: 2
2025-12-22 12:47:15,366:INFO:KNeighborsClassifier(algorithm='auto', leaf_size=30, metric='minkowski',
                     metric_params=None, n_jobs=-1, n_neighbors=5, p=2,
                     weights='uniform')
2025-12-22 12:47:15,366:INFO:create_model() successfully completed......................................
2025-12-22 12:47:15,532:INFO:SubProcess create_model() end ==================================
2025-12-22 12:47:15,532:INFO:Creating metrics dataframe
2025-12-22 12:47:15,535:INFO:Initializing Naive Bayes
2025-12-22 12:47:15,535:INFO:Total runtime is 0.18506110906600953 minutes
2025-12-22 12:47:15,535:INFO:SubProcess create_model() called ==================================
2025-12-22 12:47:15,535:INFO:Initializing create_model()
2025-12-22 12:47:15,535:INFO:create_model(self=<pycaret.classification.oop.ClassificationExperiment object at 0x00000197EFAD6A10>, estimator=nb, fold=StratifiedKFold(n_splits=3, random_state=None, shuffle=False), round=4, cross_validation=True, predict=True, fit_kwargs={}, groups=None, refit=False, probability_threshold=None, experiment_custom_tags=None, verbose=False, system=False, add_to_model_list=True, metrics=None, display=<pycaret.internal.display.display.CommonDisplay object at 0x00000197F4BC1690>, model_only=True, return_train_score=False, error_score=0.0, kwargs={})
2025-12-22 12:47:15,535:INFO:Checking exceptions
2025-12-22 12:47:15,535:INFO:Importing libraries
2025-12-22 12:47:15,535:INFO:Copying training dataset
2025-12-22 12:47:15,542:INFO:Defining folds
2025-12-22 12:47:15,542:INFO:Declaring metric variables
2025-12-22 12:47:15,542:INFO:Importing untrained model
2025-12-22 12:47:15,542:INFO:Naive Bayes Imported successfully
2025-12-22 12:47:15,543:INFO:Starting cross validation
2025-12-22 12:47:15,544:INFO:Cross validating with StratifiedKFold(n_splits=3, random_state=None, shuffle=False), n_jobs=-1
2025-12-22 12:47:15,658:INFO:Calculating mean and std
2025-12-22 12:47:15,659:INFO:Creating metrics dataframe
2025-12-22 12:47:15,661:INFO:Uploading results into container
2025-12-22 12:47:15,661:INFO:Uploading model into container now
2025-12-22 12:47:15,662:INFO:_master_model_container: 3
2025-12-22 12:47:15,662:INFO:_display_container: 2
2025-12-22 12:47:15,662:INFO:GaussianNB(priors=None, var_smoothing=1e-09)
2025-12-22 12:47:15,662:INFO:create_model() successfully completed......................................
2025-12-22 12:47:15,831:INFO:SubProcess create_model() end ==================================
2025-12-22 12:47:15,831:INFO:Creating metrics dataframe
2025-12-22 12:47:15,833:INFO:Initializing Decision Tree Classifier
2025-12-22 12:47:15,833:INFO:Total runtime is 0.19001427491505943 minutes
2025-12-22 12:47:15,834:INFO:SubProcess create_model() called ==================================
2025-12-22 12:47:15,834:INFO:Initializing create_model()
2025-12-22 12:47:15,834:INFO:create_model(self=<pycaret.classification.oop.ClassificationExperiment object at 0x00000197EFAD6A10>, estimator=dt, fold=StratifiedKFold(n_splits=3, random_state=None, shuffle=False), round=4, cross_validation=True, predict=True, fit_kwargs={}, groups=None, refit=False, probability_threshold=None, experiment_custom_tags=None, verbose=False, system=False, add_to_model_list=True, metrics=None, display=<pycaret.internal.display.display.CommonDisplay object at 0x00000197F4BC1690>, model_only=True, return_train_score=False, error_score=0.0, kwargs={})
2025-12-22 12:47:15,834:INFO:Checking exceptions
2025-12-22 12:47:15,834:INFO:Importing libraries
2025-12-22 12:47:15,834:INFO:Copying training dataset
2025-12-22 12:47:15,840:INFO:Defining folds
2025-12-22 12:47:15,840:INFO:Declaring metric variables
2025-12-22 12:47:15,841:INFO:Importing untrained model
2025-12-22 12:47:15,841:INFO:Decision Tree Classifier Imported successfully
2025-12-22 12:47:15,841:INFO:Starting cross validation
2025-12-22 12:47:15,842:INFO:Cross validating with StratifiedKFold(n_splits=3, random_state=None, shuffle=False), n_jobs=-1
2025-12-22 12:47:15,942:INFO:Calculating mean and std
2025-12-22 12:47:15,943:INFO:Creating metrics dataframe
2025-12-22 12:47:15,945:INFO:Uploading results into container
2025-12-22 12:47:15,945:INFO:Uploading model into container now
2025-12-22 12:47:15,946:INFO:_master_model_container: 4
2025-12-22 12:47:15,946:INFO:_display_container: 2
2025-12-22 12:47:15,946:INFO:DecisionTreeClassifier(ccp_alpha=0.0, class_weight=None, criterion='gini',
                       max_depth=None, max_features=None, max_leaf_nodes=None,
                       min_impurity_decrease=0.0, min_samples_leaf=1,
                       min_samples_split=2, min_weight_fraction_leaf=0.0,
                       monotonic_cst=None, random_state=789, splitter='best')
2025-12-22 12:47:15,947:INFO:create_model() successfully completed......................................
2025-12-22 12:47:16,112:INFO:SubProcess create_model() end ==================================
2025-12-22 12:47:16,112:INFO:Creating metrics dataframe
2025-12-22 12:47:16,115:INFO:Initializing SVM - Linear Kernel
2025-12-22 12:47:16,115:INFO:Total runtime is 0.19472316503524784 minutes
2025-12-22 12:47:16,115:INFO:SubProcess create_model() called ==================================
2025-12-22 12:47:16,116:INFO:Initializing create_model()
2025-12-22 12:47:16,116:INFO:create_model(self=<pycaret.classification.oop.ClassificationExperiment object at 0x00000197EFAD6A10>, estimator=svm, fold=StratifiedKFold(n_splits=3, random_state=None, shuffle=False), round=4, cross_validation=True, predict=True, fit_kwargs={}, groups=None, refit=False, probability_threshold=None, experiment_custom_tags=None, verbose=False, system=False, add_to_model_list=True, metrics=None, display=<pycaret.internal.display.display.CommonDisplay object at 0x00000197F4BC1690>, model_only=True, return_train_score=False, error_score=0.0, kwargs={})
2025-12-22 12:47:16,116:INFO:Checking exceptions
2025-12-22 12:47:16,116:INFO:Importing libraries
2025-12-22 12:47:16,116:INFO:Copying training dataset
2025-12-22 12:47:16,122:INFO:Defining folds
2025-12-22 12:47:16,122:INFO:Declaring metric variables
2025-12-22 12:47:16,122:INFO:Importing untrained model
2025-12-22 12:47:16,123:INFO:SVM - Linear Kernel Imported successfully
2025-12-22 12:47:16,123:INFO:Starting cross validation
2025-12-22 12:47:16,125:INFO:Cross validating with StratifiedKFold(n_splits=3, random_state=None, shuffle=False), n_jobs=-1
2025-12-22 12:47:16,289:WARNING:E:\Sprint04\venv\Lib\site-packages\pycaret\internal\metrics.py:204: FitFailedWarning: Metric 'make_scorer(roc_auc_score, response_method=('decision_function', 'predict_proba'), average=weighted, multi_class=ovr)' failed and error score 0.0 has been returned instead. If this is a custom metric, this usually means that the error is in the metric code. Full exception below:
Traceback (most recent call last):
  File "E:\Sprint04\venv\Lib\site-packages\pycaret\internal\metrics.py", line 196, in _score
    return super()._score(
           ^^^^^^^^^^^^^^^
  File "E:\Sprint04\venv\Lib\site-packages\sklearn\metrics\_scorer.py", line 350, in _score
    return self._sign * self._score_func(y_true, y_pred, **scoring_kwargs)
                        ^^^^^^^^^^^^^^^^^^^^^^^^^^^^^^^^^^^^^^^^^^^^^^^^^^
  File "E:\Sprint04\venv\Lib\site-packages\pycaret\internal\metrics.py", line 144, in __call__
    return self.score_func(y_true, y_pred, **kwargs)
           ^^^^^^^^^^^^^^^^^^^^^^^^^^^^^^^^^^^^^^^^^
  File "E:\Sprint04\venv\Lib\site-packages\sklearn\utils\_param_validation.py", line 213, in wrapper
    return func(*args, **kwargs)
           ^^^^^^^^^^^^^^^^^^^^^
  File "E:\Sprint04\venv\Lib\site-packages\sklearn\metrics\_ranking.py", line 634, in roc_auc_score
    return _multiclass_roc_auc_score(
           ^^^^^^^^^^^^^^^^^^^^^^^^^^
  File "E:\Sprint04\venv\Lib\site-packages\sklearn\metrics\_ranking.py", line 707, in _multiclass_roc_auc_score
    raise ValueError(
ValueError: Target scores need to be probabilities for multiclass roc_auc, i.e. they should sum up to 1.0 over classes

  warnings.warn(

2025-12-22 12:47:16,292:WARNING:E:\Sprint04\venv\Lib\site-packages\pycaret\internal\metrics.py:204: FitFailedWarning: Metric 'make_scorer(roc_auc_score, response_method=('decision_function', 'predict_proba'), average=weighted, multi_class=ovr)' failed and error score 0.0 has been returned instead. If this is a custom metric, this usually means that the error is in the metric code. Full exception below:
Traceback (most recent call last):
  File "E:\Sprint04\venv\Lib\site-packages\pycaret\internal\metrics.py", line 196, in _score
    return super()._score(
           ^^^^^^^^^^^^^^^
  File "E:\Sprint04\venv\Lib\site-packages\sklearn\metrics\_scorer.py", line 350, in _score
    return self._sign * self._score_func(y_true, y_pred, **scoring_kwargs)
                        ^^^^^^^^^^^^^^^^^^^^^^^^^^^^^^^^^^^^^^^^^^^^^^^^^^
  File "E:\Sprint04\venv\Lib\site-packages\pycaret\internal\metrics.py", line 144, in __call__
    return self.score_func(y_true, y_pred, **kwargs)
           ^^^^^^^^^^^^^^^^^^^^^^^^^^^^^^^^^^^^^^^^^
  File "E:\Sprint04\venv\Lib\site-packages\sklearn\utils\_param_validation.py", line 213, in wrapper
    return func(*args, **kwargs)
           ^^^^^^^^^^^^^^^^^^^^^
  File "E:\Sprint04\venv\Lib\site-packages\sklearn\metrics\_ranking.py", line 634, in roc_auc_score
    return _multiclass_roc_auc_score(
           ^^^^^^^^^^^^^^^^^^^^^^^^^^
  File "E:\Sprint04\venv\Lib\site-packages\sklearn\metrics\_ranking.py", line 707, in _multiclass_roc_auc_score
    raise ValueError(
ValueError: Target scores need to be probabilities for multiclass roc_auc, i.e. they should sum up to 1.0 over classes

  warnings.warn(

2025-12-22 12:47:16,294:WARNING:E:\Sprint04\venv\Lib\site-packages\pycaret\internal\metrics.py:204: FitFailedWarning: Metric 'make_scorer(roc_auc_score, response_method=('decision_function', 'predict_proba'), average=weighted, multi_class=ovr)' failed and error score 0.0 has been returned instead. If this is a custom metric, this usually means that the error is in the metric code. Full exception below:
Traceback (most recent call last):
  File "E:\Sprint04\venv\Lib\site-packages\pycaret\internal\metrics.py", line 196, in _score
    return super()._score(
           ^^^^^^^^^^^^^^^
  File "E:\Sprint04\venv\Lib\site-packages\sklearn\metrics\_scorer.py", line 350, in _score
    return self._sign * self._score_func(y_true, y_pred, **scoring_kwargs)
                        ^^^^^^^^^^^^^^^^^^^^^^^^^^^^^^^^^^^^^^^^^^^^^^^^^^
  File "E:\Sprint04\venv\Lib\site-packages\pycaret\internal\metrics.py", line 144, in __call__
    return self.score_func(y_true, y_pred, **kwargs)
           ^^^^^^^^^^^^^^^^^^^^^^^^^^^^^^^^^^^^^^^^^
  File "E:\Sprint04\venv\Lib\site-packages\sklearn\utils\_param_validation.py", line 213, in wrapper
    return func(*args, **kwargs)
           ^^^^^^^^^^^^^^^^^^^^^
  File "E:\Sprint04\venv\Lib\site-packages\sklearn\metrics\_ranking.py", line 634, in roc_auc_score
    return _multiclass_roc_auc_score(
           ^^^^^^^^^^^^^^^^^^^^^^^^^^
  File "E:\Sprint04\venv\Lib\site-packages\sklearn\metrics\_ranking.py", line 707, in _multiclass_roc_auc_score
    raise ValueError(
ValueError: Target scores need to be probabilities for multiclass roc_auc, i.e. they should sum up to 1.0 over classes

  warnings.warn(

2025-12-22 12:47:16,317:INFO:Calculating mean and std
2025-12-22 12:47:16,318:INFO:Creating metrics dataframe
2025-12-22 12:47:16,321:INFO:Uploading results into container
2025-12-22 12:47:16,321:INFO:Uploading model into container now
2025-12-22 12:47:16,321:INFO:_master_model_container: 5
2025-12-22 12:47:16,321:INFO:_display_container: 2
2025-12-22 12:47:16,322:INFO:SGDClassifier(alpha=0.0001, average=False, class_weight=None,
              early_stopping=False, epsilon=0.1, eta0=0.001, fit_intercept=True,
              l1_ratio=0.15, learning_rate='optimal', loss='hinge',
              max_iter=1000, n_iter_no_change=5, n_jobs=-1, penalty='l2',
              power_t=0.5, random_state=789, shuffle=True, tol=0.001,
              validation_fraction=0.1, verbose=0, warm_start=False)
2025-12-22 12:47:16,322:INFO:create_model() successfully completed......................................
2025-12-22 12:47:16,477:INFO:SubProcess create_model() end ==================================
2025-12-22 12:47:16,477:INFO:Creating metrics dataframe
2025-12-22 12:47:16,480:INFO:Initializing Ridge Classifier
2025-12-22 12:47:16,480:INFO:Total runtime is 0.2008043209711711 minutes
2025-12-22 12:47:16,480:INFO:SubProcess create_model() called ==================================
2025-12-22 12:47:16,481:INFO:Initializing create_model()
2025-12-22 12:47:16,481:INFO:create_model(self=<pycaret.classification.oop.ClassificationExperiment object at 0x00000197EFAD6A10>, estimator=ridge, fold=StratifiedKFold(n_splits=3, random_state=None, shuffle=False), round=4, cross_validation=True, predict=True, fit_kwargs={}, groups=None, refit=False, probability_threshold=None, experiment_custom_tags=None, verbose=False, system=False, add_to_model_list=True, metrics=None, display=<pycaret.internal.display.display.CommonDisplay object at 0x00000197F4BC1690>, model_only=True, return_train_score=False, error_score=0.0, kwargs={})
2025-12-22 12:47:16,481:INFO:Checking exceptions
2025-12-22 12:47:16,481:INFO:Importing libraries
2025-12-22 12:47:16,481:INFO:Copying training dataset
2025-12-22 12:47:16,488:INFO:Defining folds
2025-12-22 12:47:16,488:INFO:Declaring metric variables
2025-12-22 12:47:16,488:INFO:Importing untrained model
2025-12-22 12:47:16,488:INFO:Ridge Classifier Imported successfully
2025-12-22 12:47:16,489:INFO:Starting cross validation
2025-12-22 12:47:16,490:INFO:Cross validating with StratifiedKFold(n_splits=3, random_state=None, shuffle=False), n_jobs=-1
2025-12-22 12:47:16,667:WARNING:E:\Sprint04\venv\Lib\site-packages\pycaret\internal\metrics.py:204: FitFailedWarning: Metric 'make_scorer(roc_auc_score, response_method=('decision_function', 'predict_proba'), average=weighted, multi_class=ovr)' failed and error score 0.0 has been returned instead. If this is a custom metric, this usually means that the error is in the metric code. Full exception below:
Traceback (most recent call last):
  File "E:\Sprint04\venv\Lib\site-packages\pycaret\internal\metrics.py", line 196, in _score
    return super()._score(
           ^^^^^^^^^^^^^^^
  File "E:\Sprint04\venv\Lib\site-packages\sklearn\metrics\_scorer.py", line 350, in _score
    return self._sign * self._score_func(y_true, y_pred, **scoring_kwargs)
                        ^^^^^^^^^^^^^^^^^^^^^^^^^^^^^^^^^^^^^^^^^^^^^^^^^^
  File "E:\Sprint04\venv\Lib\site-packages\pycaret\internal\metrics.py", line 144, in __call__
    return self.score_func(y_true, y_pred, **kwargs)
           ^^^^^^^^^^^^^^^^^^^^^^^^^^^^^^^^^^^^^^^^^
  File "E:\Sprint04\venv\Lib\site-packages\sklearn\utils\_param_validation.py", line 213, in wrapper
    return func(*args, **kwargs)
           ^^^^^^^^^^^^^^^^^^^^^
  File "E:\Sprint04\venv\Lib\site-packages\sklearn\metrics\_ranking.py", line 634, in roc_auc_score
    return _multiclass_roc_auc_score(
           ^^^^^^^^^^^^^^^^^^^^^^^^^^
  File "E:\Sprint04\venv\Lib\site-packages\sklearn\metrics\_ranking.py", line 707, in _multiclass_roc_auc_score
    raise ValueError(
ValueError: Target scores need to be probabilities for multiclass roc_auc, i.e. they should sum up to 1.0 over classes

  warnings.warn(

2025-12-22 12:47:16,670:WARNING:E:\Sprint04\venv\Lib\site-packages\pycaret\internal\metrics.py:204: FitFailedWarning: Metric 'make_scorer(roc_auc_score, response_method=('decision_function', 'predict_proba'), average=weighted, multi_class=ovr)' failed and error score 0.0 has been returned instead. If this is a custom metric, this usually means that the error is in the metric code. Full exception below:
Traceback (most recent call last):
  File "E:\Sprint04\venv\Lib\site-packages\pycaret\internal\metrics.py", line 196, in _score
    return super()._score(
           ^^^^^^^^^^^^^^^
  File "E:\Sprint04\venv\Lib\site-packages\sklearn\metrics\_scorer.py", line 350, in _score
    return self._sign * self._score_func(y_true, y_pred, **scoring_kwargs)
                        ^^^^^^^^^^^^^^^^^^^^^^^^^^^^^^^^^^^^^^^^^^^^^^^^^^
  File "E:\Sprint04\venv\Lib\site-packages\pycaret\internal\metrics.py", line 144, in __call__
    return self.score_func(y_true, y_pred, **kwargs)
           ^^^^^^^^^^^^^^^^^^^^^^^^^^^^^^^^^^^^^^^^^
  File "E:\Sprint04\venv\Lib\site-packages\sklearn\utils\_param_validation.py", line 213, in wrapper
    return func(*args, **kwargs)
           ^^^^^^^^^^^^^^^^^^^^^
  File "E:\Sprint04\venv\Lib\site-packages\sklearn\metrics\_ranking.py", line 634, in roc_auc_score
    return _multiclass_roc_auc_score(
           ^^^^^^^^^^^^^^^^^^^^^^^^^^
  File "E:\Sprint04\venv\Lib\site-packages\sklearn\metrics\_ranking.py", line 707, in _multiclass_roc_auc_score
    raise ValueError(
ValueError: Target scores need to be probabilities for multiclass roc_auc, i.e. they should sum up to 1.0 over classes

  warnings.warn(

2025-12-22 12:47:16,687:INFO:Calculating mean and std
2025-12-22 12:47:16,688:INFO:Creating metrics dataframe
2025-12-22 12:47:16,690:INFO:Uploading results into container
2025-12-22 12:47:16,691:INFO:Uploading model into container now
2025-12-22 12:47:16,691:INFO:_master_model_container: 6
2025-12-22 12:47:16,692:INFO:_display_container: 2
2025-12-22 12:47:16,692:INFO:RidgeClassifier(alpha=1.0, class_weight=None, copy_X=True, fit_intercept=True,
                max_iter=None, positive=False, random_state=789, solver='auto',
                tol=0.0001)
2025-12-22 12:47:16,692:INFO:create_model() successfully completed......................................
2025-12-22 12:47:16,854:INFO:SubProcess create_model() end ==================================
2025-12-22 12:47:16,854:INFO:Creating metrics dataframe
2025-12-22 12:47:16,858:INFO:Initializing Random Forest Classifier
2025-12-22 12:47:16,858:INFO:Total runtime is 0.2071064670880636 minutes
2025-12-22 12:47:16,858:INFO:SubProcess create_model() called ==================================
2025-12-22 12:47:16,858:INFO:Initializing create_model()
2025-12-22 12:47:16,858:INFO:create_model(self=<pycaret.classification.oop.ClassificationExperiment object at 0x00000197EFAD6A10>, estimator=rf, fold=StratifiedKFold(n_splits=3, random_state=None, shuffle=False), round=4, cross_validation=True, predict=True, fit_kwargs={}, groups=None, refit=False, probability_threshold=None, experiment_custom_tags=None, verbose=False, system=False, add_to_model_list=True, metrics=None, display=<pycaret.internal.display.display.CommonDisplay object at 0x00000197F4BC1690>, model_only=True, return_train_score=False, error_score=0.0, kwargs={})
2025-12-22 12:47:16,858:INFO:Checking exceptions
2025-12-22 12:47:16,858:INFO:Importing libraries
2025-12-22 12:47:16,858:INFO:Copying training dataset
2025-12-22 12:47:16,864:INFO:Defining folds
2025-12-22 12:47:16,864:INFO:Declaring metric variables
2025-12-22 12:47:16,864:INFO:Importing untrained model
2025-12-22 12:47:16,865:INFO:Random Forest Classifier Imported successfully
2025-12-22 12:47:16,865:INFO:Starting cross validation
2025-12-22 12:47:16,866:INFO:Cross validating with StratifiedKFold(n_splits=3, random_state=None, shuffle=False), n_jobs=-1
2025-12-22 12:47:17,258:INFO:Calculating mean and std
2025-12-22 12:47:17,259:INFO:Creating metrics dataframe
2025-12-22 12:47:17,259:INFO:Uploading results into container
2025-12-22 12:47:17,259:INFO:Uploading model into container now
2025-12-22 12:47:17,259:INFO:_master_model_container: 7
2025-12-22 12:47:17,259:INFO:_display_container: 2
2025-12-22 12:47:17,259:INFO:RandomForestClassifier(bootstrap=True, ccp_alpha=0.0, class_weight=None,
                       criterion='gini', max_depth=None, max_features='sqrt',
                       max_leaf_nodes=None, max_samples=None,
                       min_impurity_decrease=0.0, min_samples_leaf=1,
                       min_samples_split=2, min_weight_fraction_leaf=0.0,
                       monotonic_cst=None, n_estimators=100, n_jobs=-1,
                       oob_score=False, random_state=789, verbose=0,
                       warm_start=False)
2025-12-22 12:47:17,259:INFO:create_model() successfully completed......................................
2025-12-22 12:47:17,427:INFO:SubProcess create_model() end ==================================
2025-12-22 12:47:17,427:INFO:Creating metrics dataframe
2025-12-22 12:47:17,429:INFO:Initializing Quadratic Discriminant Analysis
2025-12-22 12:47:17,429:INFO:Total runtime is 0.21661912600199384 minutes
2025-12-22 12:47:17,430:INFO:SubProcess create_model() called ==================================
2025-12-22 12:47:17,430:INFO:Initializing create_model()
2025-12-22 12:47:17,430:INFO:create_model(self=<pycaret.classification.oop.ClassificationExperiment object at 0x00000197EFAD6A10>, estimator=qda, fold=StratifiedKFold(n_splits=3, random_state=None, shuffle=False), round=4, cross_validation=True, predict=True, fit_kwargs={}, groups=None, refit=False, probability_threshold=None, experiment_custom_tags=None, verbose=False, system=False, add_to_model_list=True, metrics=None, display=<pycaret.internal.display.display.CommonDisplay object at 0x00000197F4BC1690>, model_only=True, return_train_score=False, error_score=0.0, kwargs={})
2025-12-22 12:47:17,430:INFO:Checking exceptions
2025-12-22 12:47:17,430:INFO:Importing libraries
2025-12-22 12:47:17,430:INFO:Copying training dataset
2025-12-22 12:47:17,435:INFO:Defining folds
2025-12-22 12:47:17,435:INFO:Declaring metric variables
2025-12-22 12:47:17,435:INFO:Importing untrained model
2025-12-22 12:47:17,436:INFO:Quadratic Discriminant Analysis Imported successfully
2025-12-22 12:47:17,436:INFO:Starting cross validation
2025-12-22 12:47:17,437:INFO:Cross validating with StratifiedKFold(n_splits=3, random_state=None, shuffle=False), n_jobs=-1
2025-12-22 12:47:17,520:WARNING:E:\Sprint04\venv\Lib\site-packages\sklearn\discriminant_analysis.py:935: UserWarning: Variables are collinear
  warnings.warn("Variables are collinear")

2025-12-22 12:47:17,520:WARNING:E:\Sprint04\venv\Lib\site-packages\sklearn\discriminant_analysis.py:935: UserWarning: Variables are collinear
  warnings.warn("Variables are collinear")

2025-12-22 12:47:17,537:WARNING:E:\Sprint04\venv\Lib\site-packages\sklearn\discriminant_analysis.py:960: RuntimeWarning: divide by zero encountered in power
  X2 = np.dot(Xm, R * (S ** (-0.5)))

2025-12-22 12:47:17,537:WARNING:E:\Sprint04\venv\Lib\site-packages\sklearn\discriminant_analysis.py:960: RuntimeWarning: invalid value encountered in multiply
  X2 = np.dot(Xm, R * (S ** (-0.5)))

2025-12-22 12:47:17,538:WARNING:E:\Sprint04\venv\Lib\site-packages\sklearn\discriminant_analysis.py:963: RuntimeWarning: divide by zero encountered in log
  u = np.asarray([np.sum(np.log(s)) for s in self.scalings_])

2025-12-22 12:47:17,540:WARNING:E:\Sprint04\venv\Lib\site-packages\sklearn\discriminant_analysis.py:960: RuntimeWarning: divide by zero encountered in power
  X2 = np.dot(Xm, R * (S ** (-0.5)))

2025-12-22 12:47:17,540:WARNING:E:\Sprint04\venv\Lib\site-packages\sklearn\discriminant_analysis.py:960: RuntimeWarning: invalid value encountered in multiply
  X2 = np.dot(Xm, R * (S ** (-0.5)))

2025-12-22 12:47:17,541:WARNING:E:\Sprint04\venv\Lib\site-packages\sklearn\discriminant_analysis.py:963: RuntimeWarning: divide by zero encountered in log
  u = np.asarray([np.sum(np.log(s)) for s in self.scalings_])

2025-12-22 12:47:17,542:WARNING:E:\Sprint04\venv\Lib\site-packages\pycaret\internal\metrics.py:204: FitFailedWarning: Metric 'make_scorer(roc_auc_score, response_method=('decision_function', 'predict_proba'), average=weighted, multi_class=ovr)' failed and error score 0.0 has been returned instead. If this is a custom metric, this usually means that the error is in the metric code. Full exception below:
Traceback (most recent call last):
  File "E:\Sprint04\venv\Lib\site-packages\pycaret\internal\metrics.py", line 196, in _score
    return super()._score(
           ^^^^^^^^^^^^^^^
  File "E:\Sprint04\venv\Lib\site-packages\sklearn\metrics\_scorer.py", line 350, in _score
    return self._sign * self._score_func(y_true, y_pred, **scoring_kwargs)
                        ^^^^^^^^^^^^^^^^^^^^^^^^^^^^^^^^^^^^^^^^^^^^^^^^^^
  File "E:\Sprint04\venv\Lib\site-packages\pycaret\internal\metrics.py", line 144, in __call__
    return self.score_func(y_true, y_pred, **kwargs)
           ^^^^^^^^^^^^^^^^^^^^^^^^^^^^^^^^^^^^^^^^^
  File "E:\Sprint04\venv\Lib\site-packages\sklearn\utils\_param_validation.py", line 213, in wrapper
    return func(*args, **kwargs)
           ^^^^^^^^^^^^^^^^^^^^^
  File "E:\Sprint04\venv\Lib\site-packages\sklearn\metrics\_ranking.py", line 634, in roc_auc_score
    return _multiclass_roc_auc_score(
           ^^^^^^^^^^^^^^^^^^^^^^^^^^
  File "E:\Sprint04\venv\Lib\site-packages\sklearn\metrics\_ranking.py", line 707, in _multiclass_roc_auc_score
    raise ValueError(
ValueError: Target scores need to be probabilities for multiclass roc_auc, i.e. they should sum up to 1.0 over classes

  warnings.warn(

2025-12-22 12:47:17,545:WARNING:E:\Sprint04\venv\Lib\site-packages\pycaret\internal\metrics.py:204: FitFailedWarning: Metric 'make_scorer(roc_auc_score, response_method=('decision_function', 'predict_proba'), average=weighted, multi_class=ovr)' failed and error score 0.0 has been returned instead. If this is a custom metric, this usually means that the error is in the metric code. Full exception below:
Traceback (most recent call last):
  File "E:\Sprint04\venv\Lib\site-packages\pycaret\internal\metrics.py", line 196, in _score
    return super()._score(
           ^^^^^^^^^^^^^^^
  File "E:\Sprint04\venv\Lib\site-packages\sklearn\metrics\_scorer.py", line 350, in _score
    return self._sign * self._score_func(y_true, y_pred, **scoring_kwargs)
                        ^^^^^^^^^^^^^^^^^^^^^^^^^^^^^^^^^^^^^^^^^^^^^^^^^^
  File "E:\Sprint04\venv\Lib\site-packages\pycaret\internal\metrics.py", line 144, in __call__
    return self.score_func(y_true, y_pred, **kwargs)
           ^^^^^^^^^^^^^^^^^^^^^^^^^^^^^^^^^^^^^^^^^
  File "E:\Sprint04\venv\Lib\site-packages\sklearn\utils\_param_validation.py", line 213, in wrapper
    return func(*args, **kwargs)
           ^^^^^^^^^^^^^^^^^^^^^
  File "E:\Sprint04\venv\Lib\site-packages\sklearn\metrics\_ranking.py", line 634, in roc_auc_score
    return _multiclass_roc_auc_score(
           ^^^^^^^^^^^^^^^^^^^^^^^^^^
  File "E:\Sprint04\venv\Lib\site-packages\sklearn\metrics\_ranking.py", line 707, in _multiclass_roc_auc_score
    raise ValueError(
ValueError: Target scores need to be probabilities for multiclass roc_auc, i.e. they should sum up to 1.0 over classes

  warnings.warn(

2025-12-22 12:47:17,553:WARNING:E:\Sprint04\venv\Lib\site-packages\pycaret\internal\metrics.py:204: FitFailedWarning: Metric 'make_scorer(roc_auc_score, response_method=('decision_function', 'predict_proba'), average=weighted, multi_class=ovr)' failed and error score 0.0 has been returned instead. If this is a custom metric, this usually means that the error is in the metric code. Full exception below:
Traceback (most recent call last):
  File "E:\Sprint04\venv\Lib\site-packages\pycaret\internal\metrics.py", line 196, in _score
    return super()._score(
           ^^^^^^^^^^^^^^^
  File "E:\Sprint04\venv\Lib\site-packages\sklearn\metrics\_scorer.py", line 350, in _score
    return self._sign * self._score_func(y_true, y_pred, **scoring_kwargs)
                        ^^^^^^^^^^^^^^^^^^^^^^^^^^^^^^^^^^^^^^^^^^^^^^^^^^
  File "E:\Sprint04\venv\Lib\site-packages\pycaret\internal\metrics.py", line 144, in __call__
    return self.score_func(y_true, y_pred, **kwargs)
           ^^^^^^^^^^^^^^^^^^^^^^^^^^^^^^^^^^^^^^^^^
  File "E:\Sprint04\venv\Lib\site-packages\sklearn\utils\_param_validation.py", line 213, in wrapper
    return func(*args, **kwargs)
           ^^^^^^^^^^^^^^^^^^^^^
  File "E:\Sprint04\venv\Lib\site-packages\sklearn\metrics\_ranking.py", line 619, in roc_auc_score
    y_score = check_array(y_score, ensure_2d=False)
              ^^^^^^^^^^^^^^^^^^^^^^^^^^^^^^^^^^^^^
  File "E:\Sprint04\venv\Lib\site-packages\sklearn\utils\validation.py", line 1049, in check_array
    _assert_all_finite(
  File "E:\Sprint04\venv\Lib\site-packages\sklearn\utils\validation.py", line 126, in _assert_all_finite
    _assert_all_finite_element_wise(
  File "E:\Sprint04\venv\Lib\site-packages\sklearn\utils\validation.py", line 175, in _assert_all_finite_element_wise
    raise ValueError(msg_err)
ValueError: Input contains NaN.

  warnings.warn(

2025-12-22 12:47:17,556:WARNING:E:\Sprint04\venv\Lib\site-packages\sklearn\metrics\_classification.py:1509: UndefinedMetricWarning: Precision is ill-defined and being set to 0.0 in labels with no predicted samples. Use `zero_division` parameter to control this behavior.
  _warn_prf(average, modifier, f"{metric.capitalize()} is", len(result))

2025-12-22 12:47:17,561:WARNING:E:\Sprint04\venv\Lib\site-packages\sklearn\metrics\_classification.py:1509: UndefinedMetricWarning: Precision is ill-defined and being set to 0.0 in labels with no predicted samples. Use `zero_division` parameter to control this behavior.
  _warn_prf(average, modifier, f"{metric.capitalize()} is", len(result))

2025-12-22 12:47:17,573:INFO:Calculating mean and std
2025-12-22 12:47:17,579:INFO:Creating metrics dataframe
2025-12-22 12:47:17,582:INFO:Uploading results into container
2025-12-22 12:47:17,583:INFO:Uploading model into container now
2025-12-22 12:47:17,583:INFO:_master_model_container: 8
2025-12-22 12:47:17,583:INFO:_display_container: 2
2025-12-22 12:47:17,583:INFO:QuadraticDiscriminantAnalysis(priors=None, reg_param=0.0,
                              store_covariance=False, tol=0.0001)
2025-12-22 12:47:17,583:INFO:create_model() successfully completed......................................
2025-12-22 12:47:17,736:INFO:SubProcess create_model() end ==================================
2025-12-22 12:47:17,736:INFO:Creating metrics dataframe
2025-12-22 12:47:17,738:INFO:Initializing Ada Boost Classifier
2025-12-22 12:47:17,738:INFO:Total runtime is 0.2217654625574748 minutes
2025-12-22 12:47:17,738:INFO:SubProcess create_model() called ==================================
2025-12-22 12:47:17,738:INFO:Initializing create_model()
2025-12-22 12:47:17,739:INFO:create_model(self=<pycaret.classification.oop.ClassificationExperiment object at 0x00000197EFAD6A10>, estimator=ada, fold=StratifiedKFold(n_splits=3, random_state=None, shuffle=False), round=4, cross_validation=True, predict=True, fit_kwargs={}, groups=None, refit=False, probability_threshold=None, experiment_custom_tags=None, verbose=False, system=False, add_to_model_list=True, metrics=None, display=<pycaret.internal.display.display.CommonDisplay object at 0x00000197F4BC1690>, model_only=True, return_train_score=False, error_score=0.0, kwargs={})
2025-12-22 12:47:17,739:INFO:Checking exceptions
2025-12-22 12:47:17,739:INFO:Importing libraries
2025-12-22 12:47:17,739:INFO:Copying training dataset
2025-12-22 12:47:17,745:INFO:Defining folds
2025-12-22 12:47:17,745:INFO:Declaring metric variables
2025-12-22 12:47:17,745:INFO:Importing untrained model
2025-12-22 12:47:17,745:INFO:Ada Boost Classifier Imported successfully
2025-12-22 12:47:17,745:INFO:Starting cross validation
2025-12-22 12:47:17,747:INFO:Cross validating with StratifiedKFold(n_splits=3, random_state=None, shuffle=False), n_jobs=-1
2025-12-22 12:47:17,797:WARNING:E:\Sprint04\venv\Lib\site-packages\sklearn\ensemble\_weight_boosting.py:519: FutureWarning: The SAMME.R algorithm (the default) is deprecated and will be removed in 1.6. Use the SAMME algorithm to circumvent this warning.
  warnings.warn(

2025-12-22 12:47:17,797:WARNING:E:\Sprint04\venv\Lib\site-packages\sklearn\ensemble\_weight_boosting.py:519: FutureWarning: The SAMME.R algorithm (the default) is deprecated and will be removed in 1.6. Use the SAMME algorithm to circumvent this warning.
  warnings.warn(

2025-12-22 12:47:17,797:WARNING:E:\Sprint04\venv\Lib\site-packages\sklearn\ensemble\_weight_boosting.py:519: FutureWarning: The SAMME.R algorithm (the default) is deprecated and will be removed in 1.6. Use the SAMME algorithm to circumvent this warning.
  warnings.warn(

2025-12-22 12:47:17,951:WARNING:E:\Sprint04\venv\Lib\site-packages\pycaret\internal\metrics.py:204: FitFailedWarning: Metric 'make_scorer(roc_auc_score, response_method=('decision_function', 'predict_proba'), average=weighted, multi_class=ovr)' failed and error score 0.0 has been returned instead. If this is a custom metric, this usually means that the error is in the metric code. Full exception below:
Traceback (most recent call last):
  File "E:\Sprint04\venv\Lib\site-packages\pycaret\internal\metrics.py", line 196, in _score
    return super()._score(
           ^^^^^^^^^^^^^^^
  File "E:\Sprint04\venv\Lib\site-packages\sklearn\metrics\_scorer.py", line 350, in _score
    return self._sign * self._score_func(y_true, y_pred, **scoring_kwargs)
                        ^^^^^^^^^^^^^^^^^^^^^^^^^^^^^^^^^^^^^^^^^^^^^^^^^^
  File "E:\Sprint04\venv\Lib\site-packages\pycaret\internal\metrics.py", line 144, in __call__
    return self.score_func(y_true, y_pred, **kwargs)
           ^^^^^^^^^^^^^^^^^^^^^^^^^^^^^^^^^^^^^^^^^
  File "E:\Sprint04\venv\Lib\site-packages\sklearn\utils\_param_validation.py", line 213, in wrapper
    return func(*args, **kwargs)
           ^^^^^^^^^^^^^^^^^^^^^
  File "E:\Sprint04\venv\Lib\site-packages\sklearn\metrics\_ranking.py", line 634, in roc_auc_score
    return _multiclass_roc_auc_score(
           ^^^^^^^^^^^^^^^^^^^^^^^^^^
  File "E:\Sprint04\venv\Lib\site-packages\sklearn\metrics\_ranking.py", line 707, in _multiclass_roc_auc_score
    raise ValueError(
ValueError: Target scores need to be probabilities for multiclass roc_auc, i.e. they should sum up to 1.0 over classes

  warnings.warn(

2025-12-22 12:47:17,961:WARNING:E:\Sprint04\venv\Lib\site-packages\pycaret\internal\metrics.py:204: FitFailedWarning: Metric 'make_scorer(roc_auc_score, response_method=('decision_function', 'predict_proba'), average=weighted, multi_class=ovr)' failed and error score 0.0 has been returned instead. If this is a custom metric, this usually means that the error is in the metric code. Full exception below:
Traceback (most recent call last):
  File "E:\Sprint04\venv\Lib\site-packages\pycaret\internal\metrics.py", line 196, in _score
    return super()._score(
           ^^^^^^^^^^^^^^^
  File "E:\Sprint04\venv\Lib\site-packages\sklearn\metrics\_scorer.py", line 350, in _score
    return self._sign * self._score_func(y_true, y_pred, **scoring_kwargs)
                        ^^^^^^^^^^^^^^^^^^^^^^^^^^^^^^^^^^^^^^^^^^^^^^^^^^
  File "E:\Sprint04\venv\Lib\site-packages\pycaret\internal\metrics.py", line 144, in __call__
    return self.score_func(y_true, y_pred, **kwargs)
           ^^^^^^^^^^^^^^^^^^^^^^^^^^^^^^^^^^^^^^^^^
  File "E:\Sprint04\venv\Lib\site-packages\sklearn\utils\_param_validation.py", line 213, in wrapper
    return func(*args, **kwargs)
           ^^^^^^^^^^^^^^^^^^^^^
  File "E:\Sprint04\venv\Lib\site-packages\sklearn\metrics\_ranking.py", line 634, in roc_auc_score
    return _multiclass_roc_auc_score(
           ^^^^^^^^^^^^^^^^^^^^^^^^^^
  File "E:\Sprint04\venv\Lib\site-packages\sklearn\metrics\_ranking.py", line 707, in _multiclass_roc_auc_score
    raise ValueError(
ValueError: Target scores need to be probabilities for multiclass roc_auc, i.e. they should sum up to 1.0 over classes

  warnings.warn(

2025-12-22 12:47:17,968:WARNING:E:\Sprint04\venv\Lib\site-packages\pycaret\internal\metrics.py:204: FitFailedWarning: Metric 'make_scorer(roc_auc_score, response_method=('decision_function', 'predict_proba'), average=weighted, multi_class=ovr)' failed and error score 0.0 has been returned instead. If this is a custom metric, this usually means that the error is in the metric code. Full exception below:
Traceback (most recent call last):
  File "E:\Sprint04\venv\Lib\site-packages\pycaret\internal\metrics.py", line 196, in _score
    return super()._score(
           ^^^^^^^^^^^^^^^
  File "E:\Sprint04\venv\Lib\site-packages\sklearn\metrics\_scorer.py", line 350, in _score
    return self._sign * self._score_func(y_true, y_pred, **scoring_kwargs)
                        ^^^^^^^^^^^^^^^^^^^^^^^^^^^^^^^^^^^^^^^^^^^^^^^^^^
  File "E:\Sprint04\venv\Lib\site-packages\pycaret\internal\metrics.py", line 144, in __call__
    return self.score_func(y_true, y_pred, **kwargs)
           ^^^^^^^^^^^^^^^^^^^^^^^^^^^^^^^^^^^^^^^^^
  File "E:\Sprint04\venv\Lib\site-packages\sklearn\utils\_param_validation.py", line 213, in wrapper
    return func(*args, **kwargs)
           ^^^^^^^^^^^^^^^^^^^^^
  File "E:\Sprint04\venv\Lib\site-packages\sklearn\metrics\_ranking.py", line 634, in roc_auc_score
    return _multiclass_roc_auc_score(
           ^^^^^^^^^^^^^^^^^^^^^^^^^^
  File "E:\Sprint04\venv\Lib\site-packages\sklearn\metrics\_ranking.py", line 707, in _multiclass_roc_auc_score
    raise ValueError(
ValueError: Target scores need to be probabilities for multiclass roc_auc, i.e. they should sum up to 1.0 over classes

  warnings.warn(

2025-12-22 12:47:17,984:INFO:Calculating mean and std
2025-12-22 12:47:17,985:INFO:Creating metrics dataframe
2025-12-22 12:47:17,986:INFO:Uploading results into container
2025-12-22 12:47:17,987:INFO:Uploading model into container now
2025-12-22 12:47:17,987:INFO:_master_model_container: 9
2025-12-22 12:47:17,987:INFO:_display_container: 2
2025-12-22 12:47:17,987:INFO:AdaBoostClassifier(algorithm='SAMME.R', estimator=None, learning_rate=1.0,
                   n_estimators=50, random_state=789)
2025-12-22 12:47:17,992:INFO:create_model() successfully completed......................................
2025-12-22 12:47:18,155:INFO:SubProcess create_model() end ==================================
2025-12-22 12:47:18,155:INFO:Creating metrics dataframe
2025-12-22 12:47:18,158:INFO:Initializing Gradient Boosting Classifier
2025-12-22 12:47:18,158:INFO:Total runtime is 0.22877266009648645 minutes
2025-12-22 12:47:18,159:INFO:SubProcess create_model() called ==================================
2025-12-22 12:47:18,159:INFO:Initializing create_model()
2025-12-22 12:47:18,159:INFO:create_model(self=<pycaret.classification.oop.ClassificationExperiment object at 0x00000197EFAD6A10>, estimator=gbc, fold=StratifiedKFold(n_splits=3, random_state=None, shuffle=False), round=4, cross_validation=True, predict=True, fit_kwargs={}, groups=None, refit=False, probability_threshold=None, experiment_custom_tags=None, verbose=False, system=False, add_to_model_list=True, metrics=None, display=<pycaret.internal.display.display.CommonDisplay object at 0x00000197F4BC1690>, model_only=True, return_train_score=False, error_score=0.0, kwargs={})
2025-12-22 12:47:18,159:INFO:Checking exceptions
2025-12-22 12:47:18,159:INFO:Importing libraries
2025-12-22 12:47:18,159:INFO:Copying training dataset
2025-12-22 12:47:18,167:INFO:Defining folds
2025-12-22 12:47:18,167:INFO:Declaring metric variables
2025-12-22 12:47:18,167:INFO:Importing untrained model
2025-12-22 12:47:18,167:INFO:Gradient Boosting Classifier Imported successfully
2025-12-22 12:47:18,168:INFO:Starting cross validation
2025-12-22 12:47:18,169:INFO:Cross validating with StratifiedKFold(n_splits=3, random_state=None, shuffle=False), n_jobs=-1
2025-12-22 12:47:18,543:WARNING:E:\Sprint04\venv\Lib\site-packages\pycaret\internal\metrics.py:204: FitFailedWarning: Metric 'make_scorer(roc_auc_score, response_method=('decision_function', 'predict_proba'), average=weighted, multi_class=ovr)' failed and error score 0.0 has been returned instead. If this is a custom metric, this usually means that the error is in the metric code. Full exception below:
Traceback (most recent call last):
  File "E:\Sprint04\venv\Lib\site-packages\pycaret\internal\metrics.py", line 196, in _score
    return super()._score(
           ^^^^^^^^^^^^^^^
  File "E:\Sprint04\venv\Lib\site-packages\sklearn\metrics\_scorer.py", line 350, in _score
    return self._sign * self._score_func(y_true, y_pred, **scoring_kwargs)
                        ^^^^^^^^^^^^^^^^^^^^^^^^^^^^^^^^^^^^^^^^^^^^^^^^^^
  File "E:\Sprint04\venv\Lib\site-packages\pycaret\internal\metrics.py", line 144, in __call__
    return self.score_func(y_true, y_pred, **kwargs)
           ^^^^^^^^^^^^^^^^^^^^^^^^^^^^^^^^^^^^^^^^^
  File "E:\Sprint04\venv\Lib\site-packages\sklearn\utils\_param_validation.py", line 213, in wrapper
    return func(*args, **kwargs)
           ^^^^^^^^^^^^^^^^^^^^^
  File "E:\Sprint04\venv\Lib\site-packages\sklearn\metrics\_ranking.py", line 634, in roc_auc_score
    return _multiclass_roc_auc_score(
           ^^^^^^^^^^^^^^^^^^^^^^^^^^
  File "E:\Sprint04\venv\Lib\site-packages\sklearn\metrics\_ranking.py", line 707, in _multiclass_roc_auc_score
    raise ValueError(
ValueError: Target scores need to be probabilities for multiclass roc_auc, i.e. they should sum up to 1.0 over classes

  warnings.warn(

2025-12-22 12:47:18,547:WARNING:E:\Sprint04\venv\Lib\site-packages\pycaret\internal\metrics.py:204: FitFailedWarning: Metric 'make_scorer(roc_auc_score, response_method=('decision_function', 'predict_proba'), average=weighted, multi_class=ovr)' failed and error score 0.0 has been returned instead. If this is a custom metric, this usually means that the error is in the metric code. Full exception below:
Traceback (most recent call last):
  File "E:\Sprint04\venv\Lib\site-packages\pycaret\internal\metrics.py", line 196, in _score
    return super()._score(
           ^^^^^^^^^^^^^^^
  File "E:\Sprint04\venv\Lib\site-packages\sklearn\metrics\_scorer.py", line 350, in _score
    return self._sign * self._score_func(y_true, y_pred, **scoring_kwargs)
                        ^^^^^^^^^^^^^^^^^^^^^^^^^^^^^^^^^^^^^^^^^^^^^^^^^^
  File "E:\Sprint04\venv\Lib\site-packages\pycaret\internal\metrics.py", line 144, in __call__
    return self.score_func(y_true, y_pred, **kwargs)
           ^^^^^^^^^^^^^^^^^^^^^^^^^^^^^^^^^^^^^^^^^
  File "E:\Sprint04\venv\Lib\site-packages\sklearn\utils\_param_validation.py", line 213, in wrapper
    return func(*args, **kwargs)
           ^^^^^^^^^^^^^^^^^^^^^
  File "E:\Sprint04\venv\Lib\site-packages\sklearn\metrics\_ranking.py", line 634, in roc_auc_score
    return _multiclass_roc_auc_score(
           ^^^^^^^^^^^^^^^^^^^^^^^^^^
  File "E:\Sprint04\venv\Lib\site-packages\sklearn\metrics\_ranking.py", line 707, in _multiclass_roc_auc_score
    raise ValueError(
ValueError: Target scores need to be probabilities for multiclass roc_auc, i.e. they should sum up to 1.0 over classes

  warnings.warn(

2025-12-22 12:47:18,560:WARNING:E:\Sprint04\venv\Lib\site-packages\pycaret\internal\metrics.py:204: FitFailedWarning: Metric 'make_scorer(roc_auc_score, response_method=('decision_function', 'predict_proba'), average=weighted, multi_class=ovr)' failed and error score 0.0 has been returned instead. If this is a custom metric, this usually means that the error is in the metric code. Full exception below:
Traceback (most recent call last):
  File "E:\Sprint04\venv\Lib\site-packages\pycaret\internal\metrics.py", line 196, in _score
    return super()._score(
           ^^^^^^^^^^^^^^^
  File "E:\Sprint04\venv\Lib\site-packages\sklearn\metrics\_scorer.py", line 350, in _score
    return self._sign * self._score_func(y_true, y_pred, **scoring_kwargs)
                        ^^^^^^^^^^^^^^^^^^^^^^^^^^^^^^^^^^^^^^^^^^^^^^^^^^
  File "E:\Sprint04\venv\Lib\site-packages\pycaret\internal\metrics.py", line 144, in __call__
    return self.score_func(y_true, y_pred, **kwargs)
           ^^^^^^^^^^^^^^^^^^^^^^^^^^^^^^^^^^^^^^^^^
  File "E:\Sprint04\venv\Lib\site-packages\sklearn\utils\_param_validation.py", line 213, in wrapper
    return func(*args, **kwargs)
           ^^^^^^^^^^^^^^^^^^^^^
  File "E:\Sprint04\venv\Lib\site-packages\sklearn\metrics\_ranking.py", line 634, in roc_auc_score
    return _multiclass_roc_auc_score(
           ^^^^^^^^^^^^^^^^^^^^^^^^^^
  File "E:\Sprint04\venv\Lib\site-packages\sklearn\metrics\_ranking.py", line 707, in _multiclass_roc_auc_score
    raise ValueError(
ValueError: Target scores need to be probabilities for multiclass roc_auc, i.e. they should sum up to 1.0 over classes

  warnings.warn(

2025-12-22 12:47:18,582:INFO:Calculating mean and std
2025-12-22 12:47:18,585:INFO:Creating metrics dataframe
2025-12-22 12:47:18,587:INFO:Uploading results into container
2025-12-22 12:47:18,587:INFO:Uploading model into container now
2025-12-22 12:47:18,587:INFO:_master_model_container: 10
2025-12-22 12:47:18,587:INFO:_display_container: 2
2025-12-22 12:47:18,588:INFO:GradientBoostingClassifier(ccp_alpha=0.0, criterion='friedman_mse', init=None,
                           learning_rate=0.1, loss='log_loss', max_depth=3,
                           max_features=None, max_leaf_nodes=None,
                           min_impurity_decrease=0.0, min_samples_leaf=1,
                           min_samples_split=2, min_weight_fraction_leaf=0.0,
                           n_estimators=100, n_iter_no_change=None,
                           random_state=789, subsample=1.0, tol=0.0001,
                           validation_fraction=0.1, verbose=0,
                           warm_start=False)
2025-12-22 12:47:18,588:INFO:create_model() successfully completed......................................
2025-12-22 12:47:18,776:INFO:SubProcess create_model() end ==================================
2025-12-22 12:47:18,776:INFO:Creating metrics dataframe
2025-12-22 12:47:18,781:INFO:Initializing Linear Discriminant Analysis
2025-12-22 12:47:18,781:INFO:Total runtime is 0.2391461809476217 minutes
2025-12-22 12:47:18,782:INFO:SubProcess create_model() called ==================================
2025-12-22 12:47:18,782:INFO:Initializing create_model()
2025-12-22 12:47:18,782:INFO:create_model(self=<pycaret.classification.oop.ClassificationExperiment object at 0x00000197EFAD6A10>, estimator=lda, fold=StratifiedKFold(n_splits=3, random_state=None, shuffle=False), round=4, cross_validation=True, predict=True, fit_kwargs={}, groups=None, refit=False, probability_threshold=None, experiment_custom_tags=None, verbose=False, system=False, add_to_model_list=True, metrics=None, display=<pycaret.internal.display.display.CommonDisplay object at 0x00000197F4BC1690>, model_only=True, return_train_score=False, error_score=0.0, kwargs={})
2025-12-22 12:47:18,782:INFO:Checking exceptions
2025-12-22 12:47:18,782:INFO:Importing libraries
2025-12-22 12:47:18,782:INFO:Copying training dataset
2025-12-22 12:47:18,787:INFO:Defining folds
2025-12-22 12:47:18,787:INFO:Declaring metric variables
2025-12-22 12:47:18,787:INFO:Importing untrained model
2025-12-22 12:47:18,788:INFO:Linear Discriminant Analysis Imported successfully
2025-12-22 12:47:18,788:INFO:Starting cross validation
2025-12-22 12:47:18,789:INFO:Cross validating with StratifiedKFold(n_splits=3, random_state=None, shuffle=False), n_jobs=-1
2025-12-22 12:47:18,922:WARNING:E:\Sprint04\venv\Lib\site-packages\pycaret\internal\metrics.py:204: FitFailedWarning: Metric 'make_scorer(roc_auc_score, response_method=('decision_function', 'predict_proba'), average=weighted, multi_class=ovr)' failed and error score 0.0 has been returned instead. If this is a custom metric, this usually means that the error is in the metric code. Full exception below:
Traceback (most recent call last):
  File "E:\Sprint04\venv\Lib\site-packages\pycaret\internal\metrics.py", line 196, in _score
    return super()._score(
           ^^^^^^^^^^^^^^^
  File "E:\Sprint04\venv\Lib\site-packages\sklearn\metrics\_scorer.py", line 350, in _score
    return self._sign * self._score_func(y_true, y_pred, **scoring_kwargs)
                        ^^^^^^^^^^^^^^^^^^^^^^^^^^^^^^^^^^^^^^^^^^^^^^^^^^
  File "E:\Sprint04\venv\Lib\site-packages\pycaret\internal\metrics.py", line 144, in __call__
    return self.score_func(y_true, y_pred, **kwargs)
           ^^^^^^^^^^^^^^^^^^^^^^^^^^^^^^^^^^^^^^^^^
  File "E:\Sprint04\venv\Lib\site-packages\sklearn\utils\_param_validation.py", line 213, in wrapper
    return func(*args, **kwargs)
           ^^^^^^^^^^^^^^^^^^^^^
  File "E:\Sprint04\venv\Lib\site-packages\sklearn\metrics\_ranking.py", line 634, in roc_auc_score
    return _multiclass_roc_auc_score(
           ^^^^^^^^^^^^^^^^^^^^^^^^^^
  File "E:\Sprint04\venv\Lib\site-packages\sklearn\metrics\_ranking.py", line 707, in _multiclass_roc_auc_score
    raise ValueError(
ValueError: Target scores need to be probabilities for multiclass roc_auc, i.e. they should sum up to 1.0 over classes

  warnings.warn(

2025-12-22 12:47:18,923:WARNING:E:\Sprint04\venv\Lib\site-packages\pycaret\internal\metrics.py:204: FitFailedWarning: Metric 'make_scorer(roc_auc_score, response_method=('decision_function', 'predict_proba'), average=weighted, multi_class=ovr)' failed and error score 0.0 has been returned instead. If this is a custom metric, this usually means that the error is in the metric code. Full exception below:
Traceback (most recent call last):
  File "E:\Sprint04\venv\Lib\site-packages\pycaret\internal\metrics.py", line 196, in _score
    return super()._score(
           ^^^^^^^^^^^^^^^
  File "E:\Sprint04\venv\Lib\site-packages\sklearn\metrics\_scorer.py", line 350, in _score
    return self._sign * self._score_func(y_true, y_pred, **scoring_kwargs)
                        ^^^^^^^^^^^^^^^^^^^^^^^^^^^^^^^^^^^^^^^^^^^^^^^^^^
  File "E:\Sprint04\venv\Lib\site-packages\pycaret\internal\metrics.py", line 144, in __call__
    return self.score_func(y_true, y_pred, **kwargs)
           ^^^^^^^^^^^^^^^^^^^^^^^^^^^^^^^^^^^^^^^^^
  File "E:\Sprint04\venv\Lib\site-packages\sklearn\utils\_param_validation.py", line 213, in wrapper
    return func(*args, **kwargs)
           ^^^^^^^^^^^^^^^^^^^^^
  File "E:\Sprint04\venv\Lib\site-packages\sklearn\metrics\_ranking.py", line 634, in roc_auc_score
    return _multiclass_roc_auc_score(
           ^^^^^^^^^^^^^^^^^^^^^^^^^^
  File "E:\Sprint04\venv\Lib\site-packages\sklearn\metrics\_ranking.py", line 707, in _multiclass_roc_auc_score
    raise ValueError(
ValueError: Target scores need to be probabilities for multiclass roc_auc, i.e. they should sum up to 1.0 over classes

  warnings.warn(

2025-12-22 12:47:18,923:WARNING:E:\Sprint04\venv\Lib\site-packages\pycaret\internal\metrics.py:204: FitFailedWarning: Metric 'make_scorer(roc_auc_score, response_method=('decision_function', 'predict_proba'), average=weighted, multi_class=ovr)' failed and error score 0.0 has been returned instead. If this is a custom metric, this usually means that the error is in the metric code. Full exception below:
Traceback (most recent call last):
  File "E:\Sprint04\venv\Lib\site-packages\pycaret\internal\metrics.py", line 196, in _score
    return super()._score(
           ^^^^^^^^^^^^^^^
  File "E:\Sprint04\venv\Lib\site-packages\sklearn\metrics\_scorer.py", line 350, in _score
    return self._sign * self._score_func(y_true, y_pred, **scoring_kwargs)
                        ^^^^^^^^^^^^^^^^^^^^^^^^^^^^^^^^^^^^^^^^^^^^^^^^^^
  File "E:\Sprint04\venv\Lib\site-packages\pycaret\internal\metrics.py", line 144, in __call__
    return self.score_func(y_true, y_pred, **kwargs)
           ^^^^^^^^^^^^^^^^^^^^^^^^^^^^^^^^^^^^^^^^^
  File "E:\Sprint04\venv\Lib\site-packages\sklearn\utils\_param_validation.py", line 213, in wrapper
    return func(*args, **kwargs)
           ^^^^^^^^^^^^^^^^^^^^^
  File "E:\Sprint04\venv\Lib\site-packages\sklearn\metrics\_ranking.py", line 634, in roc_auc_score
    return _multiclass_roc_auc_score(
           ^^^^^^^^^^^^^^^^^^^^^^^^^^
  File "E:\Sprint04\venv\Lib\site-packages\sklearn\metrics\_ranking.py", line 707, in _multiclass_roc_auc_score
    raise ValueError(
ValueError: Target scores need to be probabilities for multiclass roc_auc, i.e. they should sum up to 1.0 over classes

  warnings.warn(

2025-12-22 12:47:18,943:INFO:Calculating mean and std
2025-12-22 12:47:18,944:INFO:Creating metrics dataframe
2025-12-22 12:47:18,946:INFO:Uploading results into container
2025-12-22 12:47:18,946:INFO:Uploading model into container now
2025-12-22 12:47:18,946:INFO:_master_model_container: 11
2025-12-22 12:47:18,946:INFO:_display_container: 2
2025-12-22 12:47:18,948:INFO:LinearDiscriminantAnalysis(covariance_estimator=None, n_components=None,
                           priors=None, shrinkage=None, solver='svd',
                           store_covariance=False, tol=0.0001)
2025-12-22 12:47:18,948:INFO:create_model() successfully completed......................................
2025-12-22 12:47:19,113:INFO:SubProcess create_model() end ==================================
2025-12-22 12:47:19,113:INFO:Creating metrics dataframe
2025-12-22 12:47:19,115:INFO:Initializing Extra Trees Classifier
2025-12-22 12:47:19,115:INFO:Total runtime is 0.2447199622790019 minutes
2025-12-22 12:47:19,115:INFO:SubProcess create_model() called ==================================
2025-12-22 12:47:19,116:INFO:Initializing create_model()
2025-12-22 12:47:19,116:INFO:create_model(self=<pycaret.classification.oop.ClassificationExperiment object at 0x00000197EFAD6A10>, estimator=et, fold=StratifiedKFold(n_splits=3, random_state=None, shuffle=False), round=4, cross_validation=True, predict=True, fit_kwargs={}, groups=None, refit=False, probability_threshold=None, experiment_custom_tags=None, verbose=False, system=False, add_to_model_list=True, metrics=None, display=<pycaret.internal.display.display.CommonDisplay object at 0x00000197F4BC1690>, model_only=True, return_train_score=False, error_score=0.0, kwargs={})
2025-12-22 12:47:19,116:INFO:Checking exceptions
2025-12-22 12:47:19,116:INFO:Importing libraries
2025-12-22 12:47:19,116:INFO:Copying training dataset
2025-12-22 12:47:19,121:INFO:Defining folds
2025-12-22 12:47:19,121:INFO:Declaring metric variables
2025-12-22 12:47:19,121:INFO:Importing untrained model
2025-12-22 12:47:19,121:INFO:Extra Trees Classifier Imported successfully
2025-12-22 12:47:19,122:INFO:Starting cross validation
2025-12-22 12:47:19,123:INFO:Cross validating with StratifiedKFold(n_splits=3, random_state=None, shuffle=False), n_jobs=-1
2025-12-22 12:47:19,453:INFO:Calculating mean and std
2025-12-22 12:47:19,454:INFO:Creating metrics dataframe
2025-12-22 12:47:19,456:INFO:Uploading results into container
2025-12-22 12:47:19,456:INFO:Uploading model into container now
2025-12-22 12:47:19,456:INFO:_master_model_container: 12
2025-12-22 12:47:19,457:INFO:_display_container: 2
2025-12-22 12:47:19,457:INFO:ExtraTreesClassifier(bootstrap=False, ccp_alpha=0.0, class_weight=None,
                     criterion='gini', max_depth=None, max_features='sqrt',
                     max_leaf_nodes=None, max_samples=None,
                     min_impurity_decrease=0.0, min_samples_leaf=1,
                     min_samples_split=2, min_weight_fraction_leaf=0.0,
                     monotonic_cst=None, n_estimators=100, n_jobs=-1,
                     oob_score=False, random_state=789, verbose=0,
                     warm_start=False)
2025-12-22 12:47:19,457:INFO:create_model() successfully completed......................................
2025-12-22 12:47:19,616:INFO:SubProcess create_model() end ==================================
2025-12-22 12:47:19,616:INFO:Creating metrics dataframe
2025-12-22 12:47:19,619:INFO:Initializing Light Gradient Boosting Machine
2025-12-22 12:47:19,619:INFO:Total runtime is 0.2531206727027893 minutes
2025-12-22 12:47:19,619:INFO:SubProcess create_model() called ==================================
2025-12-22 12:47:19,619:INFO:Initializing create_model()
2025-12-22 12:47:19,619:INFO:create_model(self=<pycaret.classification.oop.ClassificationExperiment object at 0x00000197EFAD6A10>, estimator=lightgbm, fold=StratifiedKFold(n_splits=3, random_state=None, shuffle=False), round=4, cross_validation=True, predict=True, fit_kwargs={}, groups=None, refit=False, probability_threshold=None, experiment_custom_tags=None, verbose=False, system=False, add_to_model_list=True, metrics=None, display=<pycaret.internal.display.display.CommonDisplay object at 0x00000197F4BC1690>, model_only=True, return_train_score=False, error_score=0.0, kwargs={})
2025-12-22 12:47:19,619:INFO:Checking exceptions
2025-12-22 12:47:19,619:INFO:Importing libraries
2025-12-22 12:47:19,619:INFO:Copying training dataset
2025-12-22 12:47:19,625:INFO:Defining folds
2025-12-22 12:47:19,625:INFO:Declaring metric variables
2025-12-22 12:47:19,625:INFO:Importing untrained model
2025-12-22 12:47:19,627:INFO:Light Gradient Boosting Machine Imported successfully
2025-12-22 12:47:19,627:INFO:Starting cross validation
2025-12-22 12:47:19,628:INFO:Cross validating with StratifiedKFold(n_splits=3, random_state=None, shuffle=False), n_jobs=-1
2025-12-22 12:47:20,149:INFO:Calculating mean and std
2025-12-22 12:47:20,150:INFO:Creating metrics dataframe
2025-12-22 12:47:20,153:INFO:Uploading results into container
2025-12-22 12:47:20,153:INFO:Uploading model into container now
2025-12-22 12:47:20,154:INFO:_master_model_container: 13
2025-12-22 12:47:20,154:INFO:_display_container: 2
2025-12-22 12:47:20,155:INFO:LGBMClassifier(boosting_type='gbdt', class_weight=None, colsample_bytree=1.0,
               importance_type='split', learning_rate=0.1, max_depth=-1,
               min_child_samples=20, min_child_weight=0.001, min_split_gain=0.0,
               n_estimators=100, n_jobs=-1, num_leaves=31, objective=None,
               random_state=789, reg_alpha=0.0, reg_lambda=0.0, subsample=1.0,
               subsample_for_bin=200000, subsample_freq=0)
2025-12-22 12:47:20,155:INFO:create_model() successfully completed......................................
2025-12-22 12:47:20,332:INFO:SubProcess create_model() end ==================================
2025-12-22 12:47:20,332:INFO:Creating metrics dataframe
2025-12-22 12:47:20,335:INFO:Initializing Dummy Classifier
2025-12-22 12:47:20,335:INFO:Total runtime is 0.26505510409673055 minutes
2025-12-22 12:47:20,335:INFO:SubProcess create_model() called ==================================
2025-12-22 12:47:20,335:INFO:Initializing create_model()
2025-12-22 12:47:20,336:INFO:create_model(self=<pycaret.classification.oop.ClassificationExperiment object at 0x00000197EFAD6A10>, estimator=dummy, fold=StratifiedKFold(n_splits=3, random_state=None, shuffle=False), round=4, cross_validation=True, predict=True, fit_kwargs={}, groups=None, refit=False, probability_threshold=None, experiment_custom_tags=None, verbose=False, system=False, add_to_model_list=True, metrics=None, display=<pycaret.internal.display.display.CommonDisplay object at 0x00000197F4BC1690>, model_only=True, return_train_score=False, error_score=0.0, kwargs={})
2025-12-22 12:47:20,336:INFO:Checking exceptions
2025-12-22 12:47:20,336:INFO:Importing libraries
2025-12-22 12:47:20,336:INFO:Copying training dataset
2025-12-22 12:47:20,347:INFO:Defining folds
2025-12-22 12:47:20,347:INFO:Declaring metric variables
2025-12-22 12:47:20,348:INFO:Importing untrained model
2025-12-22 12:47:20,348:INFO:Dummy Classifier Imported successfully
2025-12-22 12:47:20,349:INFO:Starting cross validation
2025-12-22 12:47:20,350:INFO:Cross validating with StratifiedKFold(n_splits=3, random_state=None, shuffle=False), n_jobs=-1
2025-12-22 12:47:20,422:WARNING:E:\Sprint04\venv\Lib\site-packages\sklearn\metrics\_classification.py:1509: UndefinedMetricWarning: Precision is ill-defined and being set to 0.0 in labels with no predicted samples. Use `zero_division` parameter to control this behavior.
  _warn_prf(average, modifier, f"{metric.capitalize()} is", len(result))

2025-12-22 12:47:20,428:WARNING:E:\Sprint04\venv\Lib\site-packages\sklearn\metrics\_classification.py:1509: UndefinedMetricWarning: Precision is ill-defined and being set to 0.0 in labels with no predicted samples. Use `zero_division` parameter to control this behavior.
  _warn_prf(average, modifier, f"{metric.capitalize()} is", len(result))

2025-12-22 12:47:20,431:WARNING:E:\Sprint04\venv\Lib\site-packages\sklearn\metrics\_classification.py:1509: UndefinedMetricWarning: Precision is ill-defined and being set to 0.0 in labels with no predicted samples. Use `zero_division` parameter to control this behavior.
  _warn_prf(average, modifier, f"{metric.capitalize()} is", len(result))

2025-12-22 12:47:20,440:INFO:Calculating mean and std
2025-12-22 12:47:20,440:INFO:Creating metrics dataframe
2025-12-22 12:47:20,442:INFO:Uploading results into container
2025-12-22 12:47:20,443:INFO:Uploading model into container now
2025-12-22 12:47:20,443:INFO:_master_model_container: 14
2025-12-22 12:47:20,443:INFO:_display_container: 2
2025-12-22 12:47:20,444:INFO:DummyClassifier(constant=None, random_state=789, strategy='prior')
2025-12-22 12:47:20,444:INFO:create_model() successfully completed......................................
2025-12-22 12:47:20,611:INFO:SubProcess create_model() end ==================================
2025-12-22 12:47:20,612:INFO:Creating metrics dataframe
2025-12-22 12:47:20,615:WARNING:E:\Sprint04\venv\Lib\site-packages\pycaret\internal\pycaret_experiment\supervised_experiment.py:339: FutureWarning:

Styler.applymap has been deprecated. Use Styler.map instead.


2025-12-22 12:47:20,617:INFO:Initializing create_model()
2025-12-22 12:47:20,617:INFO:create_model(self=<pycaret.classification.oop.ClassificationExperiment object at 0x00000197EFAD6A10>, estimator=DecisionTreeClassifier(ccp_alpha=0.0, class_weight=None, criterion='gini',
                       max_depth=None, max_features=None, max_leaf_nodes=None,
                       min_impurity_decrease=0.0, min_samples_leaf=1,
                       min_samples_split=2, min_weight_fraction_leaf=0.0,
                       monotonic_cst=None, random_state=789, splitter='best'), fold=StratifiedKFold(n_splits=3, random_state=None, shuffle=False), round=4, cross_validation=False, predict=False, fit_kwargs={}, groups=None, refit=True, probability_threshold=None, experiment_custom_tags=None, verbose=False, system=False, add_to_model_list=True, metrics=None, display=None, model_only=True, return_train_score=False, error_score=0.0, kwargs={})
2025-12-22 12:47:20,617:INFO:Checking exceptions
2025-12-22 12:47:20,618:INFO:Importing libraries
2025-12-22 12:47:20,618:INFO:Copying training dataset
2025-12-22 12:47:20,623:INFO:Defining folds
2025-12-22 12:47:20,623:INFO:Declaring metric variables
2025-12-22 12:47:20,623:INFO:Importing untrained model
2025-12-22 12:47:20,623:INFO:Declaring custom model
2025-12-22 12:47:20,623:INFO:Decision Tree Classifier Imported successfully
2025-12-22 12:47:20,625:INFO:Cross validation set to False
2025-12-22 12:47:20,625:INFO:Fitting Model
2025-12-22 12:47:20,654:INFO:DecisionTreeClassifier(ccp_alpha=0.0, class_weight=None, criterion='gini',
                       max_depth=None, max_features=None, max_leaf_nodes=None,
                       min_impurity_decrease=0.0, min_samples_leaf=1,
                       min_samples_split=2, min_weight_fraction_leaf=0.0,
                       monotonic_cst=None, random_state=789, splitter='best')
2025-12-22 12:47:20,654:INFO:create_model() successfully completed......................................
2025-12-22 12:47:20,830:INFO:_master_model_container: 14
2025-12-22 12:47:20,830:INFO:_display_container: 2
2025-12-22 12:47:20,831:INFO:DecisionTreeClassifier(ccp_alpha=0.0, class_weight=None, criterion='gini',
                       max_depth=None, max_features=None, max_leaf_nodes=None,
                       min_impurity_decrease=0.0, min_samples_leaf=1,
                       min_samples_split=2, min_weight_fraction_leaf=0.0,
                       monotonic_cst=None, random_state=789, splitter='best')
2025-12-22 12:47:20,831:INFO:compare_models() successfully completed......................................
2025-12-22 13:58:12,494:WARNING:
'cuml' is a soft dependency and not included in the pycaret installation. Please run: `pip install cuml` to install.
2025-12-22 13:58:12,494:WARNING:
'cuml' is a soft dependency and not included in the pycaret installation. Please run: `pip install cuml` to install.
2025-12-22 13:58:12,494:WARNING:
'cuml' is a soft dependency and not included in the pycaret installation. Please run: `pip install cuml` to install.
2025-12-22 13:58:12,494:WARNING:
'cuml' is a soft dependency and not included in the pycaret installation. Please run: `pip install cuml` to install.
